"case","wave","cse1","cse2","cse3","csem","cpe1","cpe2","cpe3","cpe4","cpe5","cpe6","cpe7","cpe8","cpe9","cpe10","cpe11","cpe1m","cpe2m","cpe3m","cpem","gender","age","tenure","bcpe1","bcpe2","bcpe3","bcpe4","bcpe5","bcpe6","bcpe7","bcpe8","bcpe9","bcpe10","bcpe11","bcpem"
1,1,3,4,4,3.66666666666667,4,3,4,4,4,3,3,4,4,4,4,3.66666666666667,3.66666666666667,3.8,3.71111111111111,0,26,4,4,4,3,4,4,4,4,3,4,3,4,3.72727272727273
1,2,4,4,4,4,4,3,4,4,4,3,3,4,4,4,4,3.66666666666667,3.66666666666667,3.8,3.71111111111111,0,26,4,4,4,3,4,4,4,4,3,4,3,4,3.72727272727273
1,3,5,4,5,4.66666666666667,4,3,4,4,4,3,3,4,4,4,4,3.66666666666667,3.66666666666667,3.8,3.71111111111111,0,26,4,4,4,3,4,4,4,4,3,4,3,4,3.72727272727273
1,4,4,4,5,4.33333333333333,4,3,4,4,4,3,3,4,4,4,4,3.66666666666667,3.66666666666667,3.8,3.71111111111111,0,26,4,4,4,3,4,4,4,4,3,4,3,4,3.72727272727273
1,5,4,5,4,4.33333333333333,4,3,4,4,4,3,3,4,4,4,4,3.66666666666667,3.66666666666667,3.8,3.71111111111111,0,26,4,4,4,3,4,4,4,4,3,4,3,4,3.72727272727273
1,6,5,5,5,5,4,3,4,4,4,3,3,4,4,4,4,3.66666666666667,3.66666666666667,3.8,3.71111111111111,0,26,4,4,4,3,4,4,4,4,3,4,3,4,3.72727272727273
1,7,4,4,3,3.66666666666667,4,3,4,4,4,3,3,4,4,4,4,3.66666666666667,3.66666666666667,3.8,3.71111111111111,0,26,4,4,4,3,4,4,4,4,3,4,3,4,3.72727272727273
1,8,5,5,5,5,4,3,4,4,4,3,3,4,4,4,4,3.66666666666667,3.66666666666667,3.8,3.71111111111111,0,26,4,4,4,3,4,4,4,4,3,4,3,4,3.72727272727273
1,9,5,5,5,5,4,3,4,4,4,3,3,4,4,4,4,3.66666666666667,3.66666666666667,3.8,3.71111111111111,0,26,4,4,4,3,4,4,4,4,3,4,3,4,3.72727272727273
1,10,3,4,4,3.66666666666667,4,3,4,4,4,3,3,4,4,4,4,3.66666666666667,3.66666666666667,3.8,3.71111111111111,0,26,4,4,4,3,4,4,4,4,3,4,3,4,3.72727272727273
2,1,5,5,4,4.66666666666667,3,4,4,3,4,4,4,4,3,3,4,3.66666666666667,3.66666666666667,3.6,3.64444444444444,0,26,7,4,4,3,4,3,4,4,4,3,3,4,3.63636363636364
2,2,4,5,4,4.33333333333333,3,4,4,3,4,4,4,4,3,3,4,3.66666666666667,3.66666666666667,3.6,3.64444444444444,0,26,7,4,4,3,4,3,4,4,4,3,3,4,3.63636363636364
2,3,5,5,5,5,3,4,4,3,4,4,4,4,3,3,4,3.66666666666667,3.66666666666667,3.6,3.64444444444444,0,26,7,4,4,3,4,3,4,4,4,3,3,4,3.63636363636364
2,4,5,5,6,5.33333333333333,3,4,4,3,4,4,4,4,3,3,4,3.66666666666667,3.66666666666667,3.6,3.64444444444444,0,26,7,4,4,3,4,3,4,4,4,3,3,4,3.63636363636364
2,5,5,5,5,5,3,4,4,3,4,4,4,4,3,3,4,3.66666666666667,3.66666666666667,3.6,3.64444444444444,0,26,7,4,4,3,4,3,4,4,4,3,3,4,3.63636363636364
2,6,4,5,5,4.66666666666667,3,4,4,3,4,4,4,4,3,3,4,3.66666666666667,3.66666666666667,3.6,3.64444444444444,0,26,7,4,4,3,4,3,4,4,4,3,3,4,3.63636363636364
2,7,4,4,3,3.66666666666667,3,4,4,3,4,4,4,4,3,3,4,3.66666666666667,3.66666666666667,3.6,3.64444444444444,0,26,7,4,4,3,4,3,4,4,4,3,3,4,3.63636363636364
2,8,4,4,3,3.66666666666667,3,4,4,3,4,4,4,4,3,3,4,3.66666666666667,3.66666666666667,3.6,3.64444444444444,0,26,7,4,4,3,4,3,4,4,4,3,3,4,3.63636363636364
2,9,4,4,4,4,3,4,4,3,4,4,4,4,3,3,4,3.66666666666667,3.66666666666667,3.6,3.64444444444444,0,26,7,4,4,3,4,3,4,4,4,3,3,4,3.63636363636364
2,10,4,4,4,4,3,4,4,3,4,4,4,4,3,3,4,3.66666666666667,3.66666666666667,3.6,3.64444444444444,0,26,7,4,4,3,4,3,4,4,4,3,3,4,3.63636363636364
3,1,5,5,5,5,4,3,4,6,5,5,4,3,4,4,4,3.66666666666667,5.33333333333333,3.8,4.26666666666667,0,27,5,3,4,3,4,4,4,4,4,4,4,4,3.81818181818182
3,2,4,5,4,4.33333333333333,4,3,4,6,5,5,4,3,4,4,4,3.66666666666667,5.33333333333333,3.8,4.26666666666667,0,27,5,3,4,3,4,4,4,4,4,4,4,4,3.81818181818182
3,3,5,4,4,4.33333333333333,4,3,4,6,5,5,4,3,4,4,4,3.66666666666667,5.33333333333333,3.8,4.26666666666667,0,27,5,3,4,3,4,4,4,4,4,4,4,4,3.81818181818182
3,4,4,4,3,3.66666666666667,4,3,4,6,5,5,4,3,4,4,4,3.66666666666667,5.33333333333333,3.8,4.26666666666667,0,27,5,3,4,3,4,4,4,4,4,4,4,4,3.81818181818182
3,5,5,5,4,4.66666666666667,4,3,4,6,5,5,4,3,4,4,4,3.66666666666667,5.33333333333333,3.8,4.26666666666667,0,27,5,3,4,3,4,4,4,4,4,4,4,4,3.81818181818182
3,6,5,4,4,4.33333333333333,4,3,4,6,5,5,4,3,4,4,4,3.66666666666667,5.33333333333333,3.8,4.26666666666667,0,27,5,3,4,3,4,4,4,4,4,4,4,4,3.81818181818182
3,7,5,6,5,5.33333333333333,4,3,4,6,5,5,4,3,4,4,4,3.66666666666667,5.33333333333333,3.8,4.26666666666667,0,27,5,3,4,3,4,4,4,4,4,4,4,4,3.81818181818182
3,8,6,5,5,5.33333333333333,4,3,4,6,5,5,4,3,4,4,4,3.66666666666667,5.33333333333333,3.8,4.26666666666667,0,27,5,3,4,3,4,4,4,4,4,4,4,4,3.81818181818182
3,9,5,5,5,5,4,3,4,6,5,5,4,3,4,4,4,3.66666666666667,5.33333333333333,3.8,4.26666666666667,0,27,5,3,4,3,4,4,4,4,4,4,4,4,3.81818181818182
3,10,5,5,5,5,4,3,4,6,5,5,4,3,4,4,4,3.66666666666667,5.33333333333333,3.8,4.26666666666667,0,27,5,3,4,3,4,4,4,4,4,4,4,4,3.81818181818182
4,1,5,5,5,5,4,3,4,4,3,4,4,5,5,5,5,3.66666666666667,3.66666666666667,4.8,4.04444444444444,0,27,7,4,3,3,4,4,4,4,4,4,3,3,3.63636363636364
4,2,3,4,4,3.66666666666667,4,3,4,4,3,4,4,5,5,5,5,3.66666666666667,3.66666666666667,4.8,4.04444444444444,0,27,7,4,3,3,4,4,4,4,4,4,3,3,3.63636363636364
4,3,3,4,4,3.66666666666667,4,3,4,4,3,4,4,5,5,5,5,3.66666666666667,3.66666666666667,4.8,4.04444444444444,0,27,7,4,3,3,4,4,4,4,4,4,3,3,3.63636363636364
4,4,4,5,5,4.66666666666667,4,3,4,4,3,4,4,5,5,5,5,3.66666666666667,3.66666666666667,4.8,4.04444444444444,0,27,7,4,3,3,4,4,4,4,4,4,3,3,3.63636363636364
4,5,4,5,5,4.66666666666667,4,3,4,4,3,4,4,5,5,5,5,3.66666666666667,3.66666666666667,4.8,4.04444444444444,0,27,7,4,3,3,4,4,4,4,4,4,3,3,3.63636363636364
4,6,4,4,3,3.66666666666667,4,3,4,4,3,4,4,5,5,5,5,3.66666666666667,3.66666666666667,4.8,4.04444444444444,0,27,7,4,3,3,4,4,4,4,4,4,3,3,3.63636363636364
4,7,4,4,4,4,4,3,4,4,3,4,4,5,5,5,5,3.66666666666667,3.66666666666667,4.8,4.04444444444444,0,27,7,4,3,3,4,4,4,4,4,4,3,3,3.63636363636364
4,8,4,3,4,3.66666666666667,4,3,4,4,3,4,4,5,5,5,5,3.66666666666667,3.66666666666667,4.8,4.04444444444444,0,27,7,4,3,3,4,4,4,4,4,4,3,3,3.63636363636364
4,9,3,3,4,3.33333333333333,4,3,4,4,3,4,4,5,5,5,5,3.66666666666667,3.66666666666667,4.8,4.04444444444444,0,27,7,4,3,3,4,4,4,4,4,4,3,3,3.63636363636364
4,10,5,5,6,5.33333333333333,4,3,4,4,3,4,4,5,5,5,5,3.66666666666667,3.66666666666667,4.8,4.04444444444444,0,27,7,4,3,3,4,4,4,4,4,4,3,3,3.63636363636364
5,1,5,5,5,5,4,4,4,5,5,4,4,5,4,5,4,4,4.66666666666667,4.4,4.35555555555556,0,35,4,4,3,3,4,4,3,3,3,4,4,4,3.54545454545455
5,2,4,3,3,3.33333333333333,4,4,4,5,5,4,4,5,4,5,4,4,4.66666666666667,4.4,4.35555555555556,0,35,4,4,3,3,4,4,3,3,3,4,4,4,3.54545454545455
5,3,4,4,4,4,4,4,4,5,5,4,4,5,4,5,4,4,4.66666666666667,4.4,4.35555555555556,0,35,4,4,3,3,4,4,3,3,3,4,4,4,3.54545454545455
5,4,4,5,5,4.66666666666667,4,4,4,5,5,4,4,5,4,5,4,4,4.66666666666667,4.4,4.35555555555556,0,35,4,4,3,3,4,4,3,3,3,4,4,4,3.54545454545455
5,5,4,4,5,4.33333333333333,4,4,4,5,5,4,4,5,4,5,4,4,4.66666666666667,4.4,4.35555555555556,0,35,4,4,3,3,4,4,3,3,3,4,4,4,3.54545454545455
5,6,5,5,5,5,4,4,4,5,5,4,4,5,4,5,4,4,4.66666666666667,4.4,4.35555555555556,0,35,4,4,3,3,4,4,3,3,3,4,4,4,3.54545454545455
5,7,5,4,5,4.66666666666667,4,4,4,5,5,4,4,5,4,5,4,4,4.66666666666667,4.4,4.35555555555556,0,35,4,4,3,3,4,4,3,3,3,4,4,4,3.54545454545455
5,8,5,5,5,5,4,4,4,5,5,4,4,5,4,5,4,4,4.66666666666667,4.4,4.35555555555556,0,35,4,4,3,3,4,4,3,3,3,4,4,4,3.54545454545455
5,9,5,5,6,5.33333333333333,4,4,4,5,5,4,4,5,4,5,4,4,4.66666666666667,4.4,4.35555555555556,0,35,4,4,3,3,4,4,3,3,3,4,4,4,3.54545454545455
5,10,4,3,4,3.66666666666667,4,4,4,5,5,4,4,5,4,5,4,4,4.66666666666667,4.4,4.35555555555556,0,35,4,4,3,3,4,4,3,3,3,4,4,4,3.54545454545455
6,1,5,5,5,5,4,4,4,5,4,4,4,4,4,5,4,4,4.33333333333333,4.2,4.17777777777778,1,26,3,4,3,4,4,3,3,4,4,4,4,4,3.72727272727273
6,2,3,4,4,3.66666666666667,4,4,4,5,4,4,4,4,4,5,4,4,4.33333333333333,4.2,4.17777777777778,1,26,3,4,3,4,4,3,3,4,4,4,4,4,3.72727272727273
6,3,4,3,4,3.66666666666667,4,4,4,5,4,4,4,4,4,5,4,4,4.33333333333333,4.2,4.17777777777778,1,26,3,4,3,4,4,3,3,4,4,4,4,4,3.72727272727273
6,4,3,3,3,3,4,4,4,5,4,4,4,4,4,5,4,4,4.33333333333333,4.2,4.17777777777778,1,26,3,4,3,4,4,3,3,4,4,4,4,4,3.72727272727273
6,5,5,4,4,4.33333333333333,4,4,4,5,4,4,4,4,4,5,4,4,4.33333333333333,4.2,4.17777777777778,1,26,3,4,3,4,4,3,3,4,4,4,4,4,3.72727272727273
6,6,5,4,4,4.33333333333333,4,4,4,5,4,4,4,4,4,5,4,4,4.33333333333333,4.2,4.17777777777778,1,26,3,4,3,4,4,3,3,4,4,4,4,4,3.72727272727273
6,7,4,5,5,4.66666666666667,4,4,4,5,4,4,4,4,4,5,4,4,4.33333333333333,4.2,4.17777777777778,1,26,3,4,3,4,4,3,3,4,4,4,4,4,3.72727272727273
6,8,6,5,6,5.66666666666667,4,4,4,5,4,4,4,4,4,5,4,4,4.33333333333333,4.2,4.17777777777778,1,26,3,4,3,4,4,3,3,4,4,4,4,4,3.72727272727273
6,9,5,5,6,5.33333333333333,4,4,4,5,4,4,4,4,4,5,4,4,4.33333333333333,4.2,4.17777777777778,1,26,3,4,3,4,4,3,3,4,4,4,4,4,3.72727272727273
6,10,6,5,4,5,4,4,4,5,4,4,4,4,4,5,4,4,4.33333333333333,4.2,4.17777777777778,1,26,3,4,3,4,4,3,3,4,4,4,4,4,3.72727272727273
7,1,4,4,4,4,3,4,3,5,5,5,5,5,5,6,5,3.33333333333333,5,5.2,4.51111111111111,0,24,5,4,4,4,3,3,4,4,4,4,4,4,3.81818181818182
7,2,4,5,4,4.33333333333333,3,4,3,5,5,5,5,5,5,6,5,3.33333333333333,5,5.2,4.51111111111111,0,24,5,4,4,4,3,3,4,4,4,4,4,4,3.81818181818182
7,3,5,4,4,4.33333333333333,3,4,3,5,5,5,5,5,5,6,5,3.33333333333333,5,5.2,4.51111111111111,0,24,5,4,4,4,3,3,4,4,4,4,4,4,3.81818181818182
7,4,4,5,5,4.66666666666667,3,4,3,5,5,5,5,5,5,6,5,3.33333333333333,5,5.2,4.51111111111111,0,24,5,4,4,4,3,3,4,4,4,4,4,4,3.81818181818182
7,5,5,4,5,4.66666666666667,3,4,3,5,5,5,5,5,5,6,5,3.33333333333333,5,5.2,4.51111111111111,0,24,5,4,4,4,3,3,4,4,4,4,4,4,3.81818181818182
7,6,5,6,6,5.66666666666667,3,4,3,5,5,5,5,5,5,6,5,3.33333333333333,5,5.2,4.51111111111111,0,24,5,4,4,4,3,3,4,4,4,4,4,4,3.81818181818182
7,7,3,4,4,3.66666666666667,3,4,3,5,5,5,5,5,5,6,5,3.33333333333333,5,5.2,4.51111111111111,0,24,5,4,4,4,3,3,4,4,4,4,4,4,3.81818181818182
7,8,4,4,3,3.66666666666667,3,4,3,5,5,5,5,5,5,6,5,3.33333333333333,5,5.2,4.51111111111111,0,24,5,4,4,4,3,3,4,4,4,4,4,4,3.81818181818182
7,9,5,5,5,5,3,4,3,5,5,5,5,5,5,6,5,3.33333333333333,5,5.2,4.51111111111111,0,24,5,4,4,4,3,3,4,4,4,4,4,4,3.81818181818182
7,10,5,5,6,5.33333333333333,3,4,3,5,5,5,5,5,5,6,5,3.33333333333333,5,5.2,4.51111111111111,0,24,5,4,4,4,3,3,4,4,4,4,4,4,3.81818181818182
8,1,5,5,5,5,4,4,4,4,4,4,6,5,5,5,5,4,4,5.2,4.4,0,32,6,4,4,4,3,3,4,4,4,3,4,3,3.63636363636364
8,2,5,5,5,5,4,4,4,4,4,4,6,5,5,5,5,4,4,5.2,4.4,0,32,6,4,4,4,3,3,4,4,4,3,4,3,3.63636363636364
8,3,6,5,5,5.33333333333333,4,4,4,4,4,4,6,5,5,5,5,4,4,5.2,4.4,0,32,6,4,4,4,3,3,4,4,4,3,4,3,3.63636363636364
8,4,5,5,5,5,4,4,4,4,4,4,6,5,5,5,5,4,4,5.2,4.4,0,32,6,4,4,4,3,3,4,4,4,3,4,3,3.63636363636364
8,5,5,5,6,5.33333333333333,4,4,4,4,4,4,6,5,5,5,5,4,4,5.2,4.4,0,32,6,4,4,4,3,3,4,4,4,3,4,3,3.63636363636364
8,6,5,5,5,5,4,4,4,4,4,4,6,5,5,5,5,4,4,5.2,4.4,0,32,6,4,4,4,3,3,4,4,4,3,4,3,3.63636363636364
8,7,5,5,5,5,4,4,4,4,4,4,6,5,5,5,5,4,4,5.2,4.4,0,32,6,4,4,4,3,3,4,4,4,3,4,3,3.63636363636364
8,8,4,5,4,4.33333333333333,4,4,4,4,4,4,6,5,5,5,5,4,4,5.2,4.4,0,32,6,4,4,4,3,3,4,4,4,3,4,3,3.63636363636364
8,9,5,4,4,4.33333333333333,4,4,4,4,4,4,6,5,5,5,5,4,4,5.2,4.4,0,32,6,4,4,4,3,3,4,4,4,3,4,3,3.63636363636364
8,10,4,4,4,4,4,4,4,4,4,4,6,5,5,5,5,4,4,5.2,4.4,0,32,6,4,4,4,3,3,4,4,4,3,4,3,3.63636363636364
9,1,4,4,4,4,4,4,4,4,4,5,6,5,6,6,5,4,4.33333333333333,5.6,4.64444444444444,0,32,6,5,4,4,4,5,5,5,5,4,4,4,4.45454545454545
9,2,5,5,6,5.33333333333333,4,4,4,4,4,5,6,5,6,6,5,4,4.33333333333333,5.6,4.64444444444444,0,32,6,5,4,4,4,5,5,5,5,4,4,4,4.45454545454545
9,3,5,5,4,4.66666666666667,4,4,4,4,4,5,6,5,6,6,5,4,4.33333333333333,5.6,4.64444444444444,0,32,6,5,4,4,4,5,5,5,5,4,4,4,4.45454545454545
9,4,5,6,5,5.33333333333333,4,4,4,4,4,5,6,5,6,6,5,4,4.33333333333333,5.6,4.64444444444444,0,32,6,5,4,4,4,5,5,5,5,4,4,4,4.45454545454545
9,5,4,3,4,3.66666666666667,4,4,4,4,4,5,6,5,6,6,5,4,4.33333333333333,5.6,4.64444444444444,0,32,6,5,4,4,4,5,5,5,5,4,4,4,4.45454545454545
9,6,4,4,4,4,4,4,4,4,4,5,6,5,6,6,5,4,4.33333333333333,5.6,4.64444444444444,0,32,6,5,4,4,4,5,5,5,5,4,4,4,4.45454545454545
9,7,4,4,5,4.33333333333333,4,4,4,4,4,5,6,5,6,6,5,4,4.33333333333333,5.6,4.64444444444444,0,32,6,5,4,4,4,5,5,5,5,4,4,4,4.45454545454545
9,8,5,5,6,5.33333333333333,4,4,4,4,4,5,6,5,6,6,5,4,4.33333333333333,5.6,4.64444444444444,0,32,6,5,4,4,4,5,5,5,5,4,4,4,4.45454545454545
9,9,5,5,6,5.33333333333333,4,4,4,4,4,5,6,5,6,6,5,4,4.33333333333333,5.6,4.64444444444444,0,32,6,5,4,4,4,5,5,5,5,4,4,4,4.45454545454545
9,10,5,6,5,5.33333333333333,4,4,4,4,4,5,6,5,6,6,5,4,4.33333333333333,5.6,4.64444444444444,0,32,6,5,4,4,4,5,5,5,5,4,4,4,4.45454545454545
10,1,6,5,5,5.33333333333333,4,4,4,3,3,4,4,3,3,4,4,4,3.33333333333333,3.6,3.64444444444444,1,32,2,4,4,4,5,5,4,4,4,4,4,5,4.27272727272727
10,2,4,3,4,3.66666666666667,4,4,4,3,3,4,4,3,3,4,4,4,3.33333333333333,3.6,3.64444444444444,1,32,2,4,4,4,5,5,4,4,4,4,4,5,4.27272727272727
10,3,6,5,6,5.66666666666667,4,4,4,3,3,4,4,3,3,4,4,4,3.33333333333333,3.6,3.64444444444444,1,32,2,4,4,4,5,5,4,4,4,4,4,5,4.27272727272727
10,4,4,4,4,4,4,4,4,3,3,4,4,3,3,4,4,4,3.33333333333333,3.6,3.64444444444444,1,32,2,4,4,4,5,5,4,4,4,4,4,5,4.27272727272727
10,5,4,4,4,4,4,4,4,3,3,4,4,3,3,4,4,4,3.33333333333333,3.6,3.64444444444444,1,32,2,4,4,4,5,5,4,4,4,4,4,5,4.27272727272727
10,6,4,4,4,4,4,4,4,3,3,4,4,3,3,4,4,4,3.33333333333333,3.6,3.64444444444444,1,32,2,4,4,4,5,5,4,4,4,4,4,5,4.27272727272727
10,7,5,5,6,5.33333333333333,4,4,4,3,3,4,4,3,3,4,4,4,3.33333333333333,3.6,3.64444444444444,1,32,2,4,4,4,5,5,4,4,4,4,4,5,4.27272727272727
10,8,4,5,4,4.33333333333333,4,4,4,3,3,4,4,3,3,4,4,4,3.33333333333333,3.6,3.64444444444444,1,32,2,4,4,4,5,5,4,4,4,4,4,5,4.27272727272727
10,9,4,4,4,4,4,4,4,3,3,4,4,3,3,4,4,4,3.33333333333333,3.6,3.64444444444444,1,32,2,4,4,4,5,5,4,4,4,4,4,5,4.27272727272727
10,10,4,3,4,3.66666666666667,4,4,4,3,3,4,4,3,3,4,4,4,3.33333333333333,3.6,3.64444444444444,1,32,2,4,4,4,5,5,4,4,4,4,4,5,4.27272727272727
11,1,4,4,4,4,3,3,3,3,4,4,3,4,4,4,3,3,3.66666666666667,3.6,3.42222222222222,1,36,4,5,4,5,4,5,5,4,5,5,5,4,4.63636363636364
11,2,4,4,5,4.33333333333333,3,3,3,3,4,4,3,4,4,4,3,3,3.66666666666667,3.6,3.42222222222222,1,36,4,5,4,5,4,5,5,4,5,5,5,4,4.63636363636364
11,3,5,5,5,5,3,3,3,3,4,4,3,4,4,4,3,3,3.66666666666667,3.6,3.42222222222222,1,36,4,5,4,5,4,5,5,4,5,5,5,4,4.63636363636364
11,4,6,5,6,5.66666666666667,3,3,3,3,4,4,3,4,4,4,3,3,3.66666666666667,3.6,3.42222222222222,1,36,4,5,4,5,4,5,5,4,5,5,5,4,4.63636363636364
11,5,5,5,6,5.33333333333333,3,3,3,3,4,4,3,4,4,4,3,3,3.66666666666667,3.6,3.42222222222222,1,36,4,5,4,5,4,5,5,4,5,5,5,4,4.63636363636364
11,6,4,5,4,4.33333333333333,3,3,3,3,4,4,3,4,4,4,3,3,3.66666666666667,3.6,3.42222222222222,1,36,4,5,4,5,4,5,5,4,5,5,5,4,4.63636363636364
11,7,6,5,6,5.66666666666667,3,3,3,3,4,4,3,4,4,4,3,3,3.66666666666667,3.6,3.42222222222222,1,36,4,5,4,5,4,5,5,4,5,5,5,4,4.63636363636364
11,8,5,5,5,5,3,3,3,3,4,4,3,4,4,4,3,3,3.66666666666667,3.6,3.42222222222222,1,36,4,5,4,5,4,5,5,4,5,5,5,4,4.63636363636364
11,9,6,5,5,5.33333333333333,3,3,3,3,4,4,3,4,4,4,3,3,3.66666666666667,3.6,3.42222222222222,1,36,4,5,4,5,4,5,5,4,5,5,5,4,4.63636363636364
11,10,4,5,4,4.33333333333333,3,3,3,3,4,4,3,4,4,4,3,3,3.66666666666667,3.6,3.42222222222222,1,36,4,5,4,5,4,5,5,4,5,5,5,4,4.63636363636364
12,1,4,4,4,4,3,3,4,4,3,3,4,5,4,5,5,3.33333333333333,3.33333333333333,4.6,3.75555555555556,0,25,4,5,5,4,5,4,5,5,4,5,5,5,4.72727272727273
12,2,4,5,5,4.66666666666667,3,3,4,4,3,3,4,5,4,5,5,3.33333333333333,3.33333333333333,4.6,3.75555555555556,0,25,4,5,5,4,5,4,5,5,4,5,5,5,4.72727272727273
12,3,4,4,4,4,3,3,4,4,3,3,4,5,4,5,5,3.33333333333333,3.33333333333333,4.6,3.75555555555556,0,25,4,5,5,4,5,4,5,5,4,5,5,5,4.72727272727273
12,4,4,3,4,3.66666666666667,3,3,4,4,3,3,4,5,4,5,5,3.33333333333333,3.33333333333333,4.6,3.75555555555556,0,25,4,5,5,4,5,4,5,5,4,5,5,5,4.72727272727273
12,5,4,3,4,3.66666666666667,3,3,4,4,3,3,4,5,4,5,5,3.33333333333333,3.33333333333333,4.6,3.75555555555556,0,25,4,5,5,4,5,4,5,5,4,5,5,5,4.72727272727273
12,6,4,3,4,3.66666666666667,3,3,4,4,3,3,4,5,4,5,5,3.33333333333333,3.33333333333333,4.6,3.75555555555556,0,25,4,5,5,4,5,4,5,5,4,5,5,5,4.72727272727273
12,7,5,4,5,4.66666666666667,3,3,4,4,3,3,4,5,4,5,5,3.33333333333333,3.33333333333333,4.6,3.75555555555556,0,25,4,5,5,4,5,4,5,5,4,5,5,5,4.72727272727273
12,8,5,5,5,5,3,3,4,4,3,3,4,5,4,5,5,3.33333333333333,3.33333333333333,4.6,3.75555555555556,0,25,4,5,5,4,5,4,5,5,4,5,5,5,4.72727272727273
12,9,4,3,4,3.66666666666667,3,3,4,4,3,3,4,5,4,5,5,3.33333333333333,3.33333333333333,4.6,3.75555555555556,0,25,4,5,5,4,5,4,5,5,4,5,5,5,4.72727272727273
12,10,5,5,5,5,3,3,4,4,3,3,4,5,4,5,5,3.33333333333333,3.33333333333333,4.6,3.75555555555556,0,25,4,5,5,4,5,4,5,5,4,5,5,5,4.72727272727273
13,1,5,5,5,5,4,4,4,4,4,3,4,5,5,4,4,4,3.66666666666667,4.4,4.02222222222222,0,33,3,4,4,4,4,5,4,5,4,4,5,4,4.27272727272727
13,2,6,5,5,5.33333333333333,4,4,4,4,4,3,4,5,5,4,4,4,3.66666666666667,4.4,4.02222222222222,0,33,3,4,4,4,4,5,4,5,4,4,5,4,4.27272727272727
13,3,4,4,5,4.33333333333333,4,4,4,4,4,3,4,5,5,4,4,4,3.66666666666667,4.4,4.02222222222222,0,33,3,4,4,4,4,5,4,5,4,4,5,4,4.27272727272727
13,4,5,6,5,5.33333333333333,4,4,4,4,4,3,4,5,5,4,4,4,3.66666666666667,4.4,4.02222222222222,0,33,3,4,4,4,4,5,4,5,4,4,5,4,4.27272727272727
13,5,5,4,5,4.66666666666667,4,4,4,4,4,3,4,5,5,4,4,4,3.66666666666667,4.4,4.02222222222222,0,33,3,4,4,4,4,5,4,5,4,4,5,4,4.27272727272727
13,6,4,4,4,4,4,4,4,4,4,3,4,5,5,4,4,4,3.66666666666667,4.4,4.02222222222222,0,33,3,4,4,4,4,5,4,5,4,4,5,4,4.27272727272727
13,7,4,4,4,4,4,4,4,4,4,3,4,5,5,4,4,4,3.66666666666667,4.4,4.02222222222222,0,33,3,4,4,4,4,5,4,5,4,4,5,4,4.27272727272727
13,8,4,4,4,4,4,4,4,4,4,3,4,5,5,4,4,4,3.66666666666667,4.4,4.02222222222222,0,33,3,4,4,4,4,5,4,5,4,4,5,4,4.27272727272727
13,9,3,4,4,3.66666666666667,4,4,4,4,4,3,4,5,5,4,4,4,3.66666666666667,4.4,4.02222222222222,0,33,3,4,4,4,4,5,4,5,4,4,5,4,4.27272727272727
13,10,4,4,4,4,4,4,4,4,4,3,4,5,5,4,4,4,3.66666666666667,4.4,4.02222222222222,0,33,3,4,4,4,4,5,4,5,4,4,5,4,4.27272727272727
14,1,4,4,3,3.66666666666667,3,3,4,4,4,4,5,5,4,4,5,3.33333333333333,4,4.6,3.97777777777778,1,27,6,5,4,5,5,4,5,4,4,5,5,4,4.54545454545455
14,2,5,4,5,4.66666666666667,3,3,4,4,4,4,5,5,4,4,5,3.33333333333333,4,4.6,3.97777777777778,1,27,6,5,4,5,5,4,5,4,4,5,5,4,4.54545454545455
14,3,5,5,5,5,3,3,4,4,4,4,5,5,4,4,5,3.33333333333333,4,4.6,3.97777777777778,1,27,6,5,4,5,5,4,5,4,4,5,5,4,4.54545454545455
14,4,5,5,5,5,3,3,4,4,4,4,5,5,4,4,5,3.33333333333333,4,4.6,3.97777777777778,1,27,6,5,4,5,5,4,5,4,4,5,5,4,4.54545454545455
14,5,4,4,4,4,3,3,4,4,4,4,5,5,4,4,5,3.33333333333333,4,4.6,3.97777777777778,1,27,6,5,4,5,5,4,5,4,4,5,5,4,4.54545454545455
14,6,4,4,4,4,3,3,4,4,4,4,5,5,4,4,5,3.33333333333333,4,4.6,3.97777777777778,1,27,6,5,4,5,5,4,5,4,4,5,5,4,4.54545454545455
14,7,5,5,5,5,3,3,4,4,4,4,5,5,4,4,5,3.33333333333333,4,4.6,3.97777777777778,1,27,6,5,4,5,5,4,5,4,4,5,5,4,4.54545454545455
14,8,4,5,5,4.66666666666667,3,3,4,4,4,4,5,5,4,4,5,3.33333333333333,4,4.6,3.97777777777778,1,27,6,5,4,5,5,4,5,4,4,5,5,4,4.54545454545455
14,9,4,4,4,4,3,3,4,4,4,4,5,5,4,4,5,3.33333333333333,4,4.6,3.97777777777778,1,27,6,5,4,5,5,4,5,4,4,5,5,4,4.54545454545455
14,10,5,5,5,5,3,3,4,4,4,4,5,5,4,4,5,3.33333333333333,4,4.6,3.97777777777778,1,27,6,5,4,5,5,4,5,4,4,5,5,4,4.54545454545455
15,1,5,4,4,4.33333333333333,4,4,4,4,4,3,5,4,5,5,4,4,3.66666666666667,4.6,4.08888888888889,0,30,6,4,4,4,4,4,4,5,4,4,4,4,4.09090909090909
15,2,4,4,4,4,4,4,4,4,4,3,5,4,5,5,4,4,3.66666666666667,4.6,4.08888888888889,0,30,6,4,4,4,4,4,4,5,4,4,4,4,4.09090909090909
15,3,4,4,4,4,4,4,4,4,4,3,5,4,5,5,4,4,3.66666666666667,4.6,4.08888888888889,0,30,6,4,4,4,4,4,4,5,4,4,4,4,4.09090909090909
15,4,4,5,4,4.33333333333333,4,4,4,4,4,3,5,4,5,5,4,4,3.66666666666667,4.6,4.08888888888889,0,30,6,4,4,4,4,4,4,5,4,4,4,4,4.09090909090909
15,5,4,4,4,4,4,4,4,4,4,3,5,4,5,5,4,4,3.66666666666667,4.6,4.08888888888889,0,30,6,4,4,4,4,4,4,5,4,4,4,4,4.09090909090909
15,6,5,4,4,4.33333333333333,4,4,4,4,4,3,5,4,5,5,4,4,3.66666666666667,4.6,4.08888888888889,0,30,6,4,4,4,4,4,4,5,4,4,4,4,4.09090909090909
15,7,4,5,4,4.33333333333333,4,4,4,4,4,3,5,4,5,5,4,4,3.66666666666667,4.6,4.08888888888889,0,30,6,4,4,4,4,4,4,5,4,4,4,4,4.09090909090909
15,8,5,5,5,5,4,4,4,4,4,3,5,4,5,5,4,4,3.66666666666667,4.6,4.08888888888889,0,30,6,4,4,4,4,4,4,5,4,4,4,4,4.09090909090909
15,9,3,4,4,3.66666666666667,4,4,4,4,4,3,5,4,5,5,4,4,3.66666666666667,4.6,4.08888888888889,0,30,6,4,4,4,4,4,4,5,4,4,4,4,4.09090909090909
15,10,4,4,4,4,4,4,4,4,4,3,5,4,5,5,4,4,3.66666666666667,4.6,4.08888888888889,0,30,6,4,4,4,4,4,4,5,4,4,4,4,4.09090909090909
16,1,3,3,4,3.33333333333333,4,4,4,4,4,4,6,6,5,6,6,4,4,5.8,4.6,0,28,6,5,5,5,5,4,4,5,4,5,4,4,4.54545454545455
16,2,5,5,4,4.66666666666667,4,4,4,4,4,4,6,6,5,6,6,4,4,5.8,4.6,0,28,6,5,5,5,5,4,4,5,4,5,4,4,4.54545454545455
16,3,4,5,4,4.33333333333333,4,4,4,4,4,4,6,6,5,6,6,4,4,5.8,4.6,0,28,6,5,5,5,5,4,4,5,4,5,4,4,4.54545454545455
16,4,6,5,5,5.33333333333333,4,4,4,4,4,4,6,6,5,6,6,4,4,5.8,4.6,0,28,6,5,5,5,5,4,4,5,4,5,4,4,4.54545454545455
16,5,5,5,5,5,4,4,4,4,4,4,6,6,5,6,6,4,4,5.8,4.6,0,28,6,5,5,5,5,4,4,5,4,5,4,4,4.54545454545455
16,6,5,5,5,5,4,4,4,4,4,4,6,6,5,6,6,4,4,5.8,4.6,0,28,6,5,5,5,5,4,4,5,4,5,4,4,4.54545454545455
16,7,4,5,5,4.66666666666667,4,4,4,4,4,4,6,6,5,6,6,4,4,5.8,4.6,0,28,6,5,5,5,5,4,4,5,4,5,4,4,4.54545454545455
16,8,3,4,4,3.66666666666667,4,4,4,4,4,4,6,6,5,6,6,4,4,5.8,4.6,0,28,6,5,5,5,5,4,4,5,4,5,4,4,4.54545454545455
16,9,4,5,5,4.66666666666667,4,4,4,4,4,4,6,6,5,6,6,4,4,5.8,4.6,0,28,6,5,5,5,5,4,4,5,4,5,4,4,4.54545454545455
16,10,4,5,5,4.66666666666667,4,4,4,4,4,4,6,6,5,6,6,4,4,5.8,4.6,0,28,6,5,5,5,5,4,4,5,4,5,4,4,4.54545454545455
17,1,5,4,4,4.33333333333333,3,4,3,4,3,3,5,5,5,6,5,3.33333333333333,3.33333333333333,5.2,3.95555555555556,1,27,3,4,5,4,4,5,5,4,5,4,5,5,4.54545454545455
17,2,5,5,6,5.33333333333333,3,4,3,4,3,3,5,5,5,6,5,3.33333333333333,3.33333333333333,5.2,3.95555555555556,1,27,3,4,5,4,4,5,5,4,5,4,5,5,4.54545454545455
17,3,4,3,4,3.66666666666667,3,4,3,4,3,3,5,5,5,6,5,3.33333333333333,3.33333333333333,5.2,3.95555555555556,1,27,3,4,5,4,4,5,5,4,5,4,5,5,4.54545454545455
17,4,5,5,5,5,3,4,3,4,3,3,5,5,5,6,5,3.33333333333333,3.33333333333333,5.2,3.95555555555556,1,27,3,4,5,4,4,5,5,4,5,4,5,5,4.54545454545455
17,5,5,4,4,4.33333333333333,3,4,3,4,3,3,5,5,5,6,5,3.33333333333333,3.33333333333333,5.2,3.95555555555556,1,27,3,4,5,4,4,5,5,4,5,4,5,5,4.54545454545455
17,6,5,6,5,5.33333333333333,3,4,3,4,3,3,5,5,5,6,5,3.33333333333333,3.33333333333333,5.2,3.95555555555556,1,27,3,4,5,4,4,5,5,4,5,4,5,5,4.54545454545455
17,7,3,4,4,3.66666666666667,3,4,3,4,3,3,5,5,5,6,5,3.33333333333333,3.33333333333333,5.2,3.95555555555556,1,27,3,4,5,4,4,5,5,4,5,4,5,5,4.54545454545455
17,8,3,4,3,3.33333333333333,3,4,3,4,3,3,5,5,5,6,5,3.33333333333333,3.33333333333333,5.2,3.95555555555556,1,27,3,4,5,4,4,5,5,4,5,4,5,5,4.54545454545455
17,9,4,4,5,4.33333333333333,3,4,3,4,3,3,5,5,5,6,5,3.33333333333333,3.33333333333333,5.2,3.95555555555556,1,27,3,4,5,4,4,5,5,4,5,4,5,5,4.54545454545455
17,10,5,5,4,4.66666666666667,3,4,3,4,3,3,5,5,5,6,5,3.33333333333333,3.33333333333333,5.2,3.95555555555556,1,27,3,4,5,4,4,5,5,4,5,4,5,5,4.54545454545455
18,1,4,5,4,4.33333333333333,4,4,4,4,4,3,4,4,6,5,5,4,3.66666666666667,4.8,4.15555555555556,0,37,5,4,4,4,5,5,5,4,5,5,4,4,4.45454545454545
18,2,5,4,4,4.33333333333333,4,4,4,4,4,3,4,4,6,5,5,4,3.66666666666667,4.8,4.15555555555556,0,37,5,4,4,4,5,5,5,4,5,5,4,4,4.45454545454545
18,3,5,5,4,4.66666666666667,4,4,4,4,4,3,4,4,6,5,5,4,3.66666666666667,4.8,4.15555555555556,0,37,5,4,4,4,5,5,5,4,5,5,4,4,4.45454545454545
18,4,5,5,5,5,4,4,4,4,4,3,4,4,6,5,5,4,3.66666666666667,4.8,4.15555555555556,0,37,5,4,4,4,5,5,5,4,5,5,4,4,4.45454545454545
18,5,3,3,4,3.33333333333333,4,4,4,4,4,3,4,4,6,5,5,4,3.66666666666667,4.8,4.15555555555556,0,37,5,4,4,4,5,5,5,4,5,5,4,4,4.45454545454545
18,6,5,5,5,5,4,4,4,4,4,3,4,4,6,5,5,4,3.66666666666667,4.8,4.15555555555556,0,37,5,4,4,4,5,5,5,4,5,5,4,4,4.45454545454545
18,7,4,4,4,4,4,4,4,4,4,3,4,4,6,5,5,4,3.66666666666667,4.8,4.15555555555556,0,37,5,4,4,4,5,5,5,4,5,5,4,4,4.45454545454545
18,8,5,6,6,5.66666666666667,4,4,4,4,4,3,4,4,6,5,5,4,3.66666666666667,4.8,4.15555555555556,0,37,5,4,4,4,5,5,5,4,5,5,4,4,4.45454545454545
18,9,4,4,4,4,4,4,4,4,4,3,4,4,6,5,5,4,3.66666666666667,4.8,4.15555555555556,0,37,5,4,4,4,5,5,5,4,5,5,4,4,4.45454545454545
18,10,4,4,4,4,4,4,4,4,4,3,4,4,6,5,5,4,3.66666666666667,4.8,4.15555555555556,0,37,5,4,4,4,5,5,5,4,5,5,4,4,4.45454545454545
19,1,4,4,4,4,4,4,4,4,3,3,3,4,4,4,4,4,3.33333333333333,3.8,3.71111111111111,0,31,4,5,4,5,5,5,4,4,4,4,5,5,4.54545454545455
19,2,4,4,3,3.66666666666667,4,4,4,4,3,3,3,4,4,4,4,4,3.33333333333333,3.8,3.71111111111111,0,31,4,5,4,5,5,5,4,4,4,4,5,5,4.54545454545455
19,3,3,4,4,3.66666666666667,4,4,4,4,3,3,3,4,4,4,4,4,3.33333333333333,3.8,3.71111111111111,0,31,4,5,4,5,5,5,4,4,4,4,5,5,4.54545454545455
19,4,4,4,5,4.33333333333333,4,4,4,4,3,3,3,4,4,4,4,4,3.33333333333333,3.8,3.71111111111111,0,31,4,5,4,5,5,5,4,4,4,4,5,5,4.54545454545455
19,5,4,4,4,4,4,4,4,4,3,3,3,4,4,4,4,4,3.33333333333333,3.8,3.71111111111111,0,31,4,5,4,5,5,5,4,4,4,4,5,5,4.54545454545455
19,6,5,6,6,5.66666666666667,4,4,4,4,3,3,3,4,4,4,4,4,3.33333333333333,3.8,3.71111111111111,0,31,4,5,4,5,5,5,4,4,4,4,5,5,4.54545454545455
19,7,6,5,5,5.33333333333333,4,4,4,4,3,3,3,4,4,4,4,4,3.33333333333333,3.8,3.71111111111111,0,31,4,5,4,5,5,5,4,4,4,4,5,5,4.54545454545455
19,8,5,5,5,5,4,4,4,4,3,3,3,4,4,4,4,4,3.33333333333333,3.8,3.71111111111111,0,31,4,5,4,5,5,5,4,4,4,4,5,5,4.54545454545455
19,9,5,5,5,5,4,4,4,4,3,3,3,4,4,4,4,4,3.33333333333333,3.8,3.71111111111111,0,31,4,5,4,5,5,5,4,4,4,4,5,5,4.54545454545455
19,10,6,5,5,5.33333333333333,4,4,4,4,3,3,3,4,4,4,4,4,3.33333333333333,3.8,3.71111111111111,0,31,4,5,4,5,5,5,4,4,4,4,5,5,4.54545454545455
20,1,5,4,6,5,4,4,3,5,5,4,3,4,3,4,4,3.66666666666667,4.66666666666667,3.6,3.97777777777778,0,37,3,4,4,4,4,4,5,4,4,4,4,5,4.18181818181818
20,2,5,5,4,4.66666666666667,4,4,3,5,5,4,3,4,3,4,4,3.66666666666667,4.66666666666667,3.6,3.97777777777778,0,37,3,4,4,4,4,4,5,4,4,4,4,5,4.18181818181818
20,3,5,5,4,4.66666666666667,4,4,3,5,5,4,3,4,3,4,4,3.66666666666667,4.66666666666667,3.6,3.97777777777778,0,37,3,4,4,4,4,4,5,4,4,4,4,5,4.18181818181818
20,4,5,4,5,4.66666666666667,4,4,3,5,5,4,3,4,3,4,4,3.66666666666667,4.66666666666667,3.6,3.97777777777778,0,37,3,4,4,4,4,4,5,4,4,4,4,5,4.18181818181818
20,5,5,6,5,5.33333333333333,4,4,3,5,5,4,3,4,3,4,4,3.66666666666667,4.66666666666667,3.6,3.97777777777778,0,37,3,4,4,4,4,4,5,4,4,4,4,5,4.18181818181818
20,6,5,5,5,5,4,4,3,5,5,4,3,4,3,4,4,3.66666666666667,4.66666666666667,3.6,3.97777777777778,0,37,3,4,4,4,4,4,5,4,4,4,4,5,4.18181818181818
20,7,4,4,3,3.66666666666667,4,4,3,5,5,4,3,4,3,4,4,3.66666666666667,4.66666666666667,3.6,3.97777777777778,0,37,3,4,4,4,4,4,5,4,4,4,4,5,4.18181818181818
20,8,4,4,4,4,4,4,3,5,5,4,3,4,3,4,4,3.66666666666667,4.66666666666667,3.6,3.97777777777778,0,37,3,4,4,4,4,4,5,4,4,4,4,5,4.18181818181818
20,9,5,5,5,5,4,4,3,5,5,4,3,4,3,4,4,3.66666666666667,4.66666666666667,3.6,3.97777777777778,0,37,3,4,4,4,4,4,5,4,4,4,4,5,4.18181818181818
20,10,5,4,4,4.33333333333333,4,4,3,5,5,4,3,4,3,4,4,3.66666666666667,4.66666666666667,3.6,3.97777777777778,0,37,3,4,4,4,4,4,5,4,4,4,4,5,4.18181818181818
21,1,5,5,5,5,4,4,4,4,4,5,3,4,4,4,3,4,4.33333333333333,3.6,3.97777777777778,1,30,4,5,5,4,4,4,4,4,5,4,4,4,4.27272727272727
21,2,5,5,5,5,4,4,4,4,4,5,3,4,4,4,3,4,4.33333333333333,3.6,3.97777777777778,1,30,4,5,5,4,4,4,4,4,5,4,4,4,4.27272727272727
21,3,3,4,4,3.66666666666667,4,4,4,4,4,5,3,4,4,4,3,4,4.33333333333333,3.6,3.97777777777778,1,30,4,5,5,4,4,4,4,4,5,4,4,4,4.27272727272727
21,4,4,4,4,4,4,4,4,4,4,5,3,4,4,4,3,4,4.33333333333333,3.6,3.97777777777778,1,30,4,5,5,4,4,4,4,4,5,4,4,4,4.27272727272727
21,5,5,5,5,5,4,4,4,4,4,5,3,4,4,4,3,4,4.33333333333333,3.6,3.97777777777778,1,30,4,5,5,4,4,4,4,4,5,4,4,4,4.27272727272727
21,6,5,5,5,5,4,4,4,4,4,5,3,4,4,4,3,4,4.33333333333333,3.6,3.97777777777778,1,30,4,5,5,4,4,4,4,4,5,4,4,4,4.27272727272727
21,7,5,4,4,4.33333333333333,4,4,4,4,4,5,3,4,4,4,3,4,4.33333333333333,3.6,3.97777777777778,1,30,4,5,5,4,4,4,4,4,5,4,4,4,4.27272727272727
21,8,4,4,4,4,4,4,4,4,4,5,3,4,4,4,3,4,4.33333333333333,3.6,3.97777777777778,1,30,4,5,5,4,4,4,4,4,5,4,4,4,4.27272727272727
21,9,4,4,3,3.66666666666667,4,4,4,4,4,5,3,4,4,4,3,4,4.33333333333333,3.6,3.97777777777778,1,30,4,5,5,4,4,4,4,4,5,4,4,4,4.27272727272727
21,10,4,4,4,4,4,4,4,4,4,5,3,4,4,4,3,4,4.33333333333333,3.6,3.97777777777778,1,30,4,5,5,4,4,4,4,4,5,4,4,4,4.27272727272727
22,1,4,4,4,4,3,4,4,5,4,5,4,4,4,3,4,3.66666666666667,4.66666666666667,3.8,4.04444444444444,0,29,6,4,4,4,5,4,4,5,5,4,4,4,4.27272727272727
22,2,5,5,5,5,3,4,4,5,4,5,4,4,4,3,4,3.66666666666667,4.66666666666667,3.8,4.04444444444444,0,29,6,4,4,4,5,4,4,5,5,4,4,4,4.27272727272727
22,3,6,5,5,5.33333333333333,3,4,4,5,4,5,4,4,4,3,4,3.66666666666667,4.66666666666667,3.8,4.04444444444444,0,29,6,4,4,4,5,4,4,5,5,4,4,4,4.27272727272727
22,4,5,5,6,5.33333333333333,3,4,4,5,4,5,4,4,4,3,4,3.66666666666667,4.66666666666667,3.8,4.04444444444444,0,29,6,4,4,4,5,4,4,5,5,4,4,4,4.27272727272727
22,5,5,5,5,5,3,4,4,5,4,5,4,4,4,3,4,3.66666666666667,4.66666666666667,3.8,4.04444444444444,0,29,6,4,4,4,5,4,4,5,5,4,4,4,4.27272727272727
22,6,5,5,5,5,3,4,4,5,4,5,4,4,4,3,4,3.66666666666667,4.66666666666667,3.8,4.04444444444444,0,29,6,4,4,4,5,4,4,5,5,4,4,4,4.27272727272727
22,7,4,4,4,4,3,4,4,5,4,5,4,4,4,3,4,3.66666666666667,4.66666666666667,3.8,4.04444444444444,0,29,6,4,4,4,5,4,4,5,5,4,4,4,4.27272727272727
22,8,5,4,5,4.66666666666667,3,4,4,5,4,5,4,4,4,3,4,3.66666666666667,4.66666666666667,3.8,4.04444444444444,0,29,6,4,4,4,5,4,4,5,5,4,4,4,4.27272727272727
22,9,6,5,5,5.33333333333333,3,4,4,5,4,5,4,4,4,3,4,3.66666666666667,4.66666666666667,3.8,4.04444444444444,0,29,6,4,4,4,5,4,4,5,5,4,4,4,4.27272727272727
22,10,3,4,4,3.66666666666667,3,4,4,5,4,5,4,4,4,3,4,3.66666666666667,4.66666666666667,3.8,4.04444444444444,0,29,6,4,4,4,5,4,4,5,5,4,4,4,4.27272727272727
23,1,3,4,4,3.66666666666667,4,4,4,4,4,4,4,4,4,3,4,4,4,3.8,3.93333333333333,1,23,4,5,4,5,4,4,4,5,4,4,5,5,4.45454545454545
23,2,4,4,4,4,4,4,4,4,4,4,4,4,4,3,4,4,4,3.8,3.93333333333333,1,23,4,5,4,5,4,4,4,5,4,4,5,5,4.45454545454545
23,3,3,4,4,3.66666666666667,4,4,4,4,4,4,4,4,4,3,4,4,4,3.8,3.93333333333333,1,23,4,5,4,5,4,4,4,5,4,4,5,5,4.45454545454545
23,4,4,4,5,4.33333333333333,4,4,4,4,4,4,4,4,4,3,4,4,4,3.8,3.93333333333333,1,23,4,5,4,5,4,4,4,5,4,4,5,5,4.45454545454545
23,5,5,4,4,4.33333333333333,4,4,4,4,4,4,4,4,4,3,4,4,4,3.8,3.93333333333333,1,23,4,5,4,5,4,4,4,5,4,4,5,5,4.45454545454545
23,6,4,5,5,4.66666666666667,4,4,4,4,4,4,4,4,4,3,4,4,4,3.8,3.93333333333333,1,23,4,5,4,5,4,4,4,5,4,4,5,5,4.45454545454545
23,7,4,4,4,4,4,4,4,4,4,4,4,4,4,3,4,4,4,3.8,3.93333333333333,1,23,4,5,4,5,4,4,4,5,4,4,5,5,4.45454545454545
23,8,4,5,5,4.66666666666667,4,4,4,4,4,4,4,4,4,3,4,4,4,3.8,3.93333333333333,1,23,4,5,4,5,4,4,4,5,4,4,5,5,4.45454545454545
23,9,4,4,5,4.33333333333333,4,4,4,4,4,4,4,4,4,3,4,4,4,3.8,3.93333333333333,1,23,4,5,4,5,4,4,4,5,4,4,5,5,4.45454545454545
23,10,5,5,4,4.66666666666667,4,4,4,4,4,4,4,4,4,3,4,4,4,3.8,3.93333333333333,1,23,4,5,4,5,4,4,4,5,4,4,5,5,4.45454545454545
24,1,4,3,4,3.66666666666667,4,4,4,5,4,4,4,4,4,4,4,4,4.33333333333333,4,4.11111111111111,0,25,3,5,4,5,5,4,4,5,4,4,4,4,4.36363636363636
24,2,6,6,5,5.66666666666667,4,4,4,5,4,4,4,4,4,4,4,4,4.33333333333333,4,4.11111111111111,0,25,3,5,4,5,5,4,4,5,4,4,4,4,4.36363636363636
24,3,4,3,4,3.66666666666667,4,4,4,5,4,4,4,4,4,4,4,4,4.33333333333333,4,4.11111111111111,0,25,3,5,4,5,5,4,4,5,4,4,4,4,4.36363636363636
24,4,4,4,4,4,4,4,4,5,4,4,4,4,4,4,4,4,4.33333333333333,4,4.11111111111111,0,25,3,5,4,5,5,4,4,5,4,4,4,4,4.36363636363636
24,5,4,4,4,4,4,4,4,5,4,4,4,4,4,4,4,4,4.33333333333333,4,4.11111111111111,0,25,3,5,4,5,5,4,4,5,4,4,4,4,4.36363636363636
24,6,3,4,4,3.66666666666667,4,4,4,5,4,4,4,4,4,4,4,4,4.33333333333333,4,4.11111111111111,0,25,3,5,4,5,5,4,4,5,4,4,4,4,4.36363636363636
24,7,4,4,4,4,4,4,4,5,4,4,4,4,4,4,4,4,4.33333333333333,4,4.11111111111111,0,25,3,5,4,5,5,4,4,5,4,4,4,4,4.36363636363636
24,8,5,5,5,5,4,4,4,5,4,4,4,4,4,4,4,4,4.33333333333333,4,4.11111111111111,0,25,3,5,4,5,5,4,4,5,4,4,4,4,4.36363636363636
24,9,5,5,5,5,4,4,4,5,4,4,4,4,4,4,4,4,4.33333333333333,4,4.11111111111111,0,25,3,5,4,5,5,4,4,5,4,4,4,4,4.36363636363636
24,10,5,5,5,5,4,4,4,5,4,4,4,4,4,4,4,4,4.33333333333333,4,4.11111111111111,0,25,3,5,4,5,5,4,4,5,4,4,4,4,4.36363636363636
25,1,6,5,5,5.33333333333333,4,5,5,4,4,5,3,4,3,4,3,4.66666666666667,4.33333333333333,3.4,4.13333333333333,0,34,5,5,5,5,4,4,5,4,4,4,5,5,4.54545454545455
25,2,4,4,4,4,4,5,5,4,4,5,3,4,3,4,3,4.66666666666667,4.33333333333333,3.4,4.13333333333333,0,34,5,5,5,5,4,4,5,4,4,4,5,5,4.54545454545455
25,3,4,4,4,4,4,5,5,4,4,5,3,4,3,4,3,4.66666666666667,4.33333333333333,3.4,4.13333333333333,0,34,5,5,5,5,4,4,5,4,4,4,5,5,4.54545454545455
25,4,3,4,3,3.33333333333333,4,5,5,4,4,5,3,4,3,4,3,4.66666666666667,4.33333333333333,3.4,4.13333333333333,0,34,5,5,5,5,4,4,5,4,4,4,5,5,4.54545454545455
25,5,5,5,4,4.66666666666667,4,5,5,4,4,5,3,4,3,4,3,4.66666666666667,4.33333333333333,3.4,4.13333333333333,0,34,5,5,5,5,4,4,5,4,4,4,5,5,4.54545454545455
25,6,4,4,5,4.33333333333333,4,5,5,4,4,5,3,4,3,4,3,4.66666666666667,4.33333333333333,3.4,4.13333333333333,0,34,5,5,5,5,4,4,5,4,4,4,5,5,4.54545454545455
25,7,5,5,6,5.33333333333333,4,5,5,4,4,5,3,4,3,4,3,4.66666666666667,4.33333333333333,3.4,4.13333333333333,0,34,5,5,5,5,4,4,5,4,4,4,5,5,4.54545454545455
25,8,4,3,4,3.66666666666667,4,5,5,4,4,5,3,4,3,4,3,4.66666666666667,4.33333333333333,3.4,4.13333333333333,0,34,5,5,5,5,4,4,5,4,4,4,5,5,4.54545454545455
25,9,4,3,4,3.66666666666667,4,5,5,4,4,5,3,4,3,4,3,4.66666666666667,4.33333333333333,3.4,4.13333333333333,0,34,5,5,5,5,4,4,5,4,4,4,5,5,4.54545454545455
25,10,4,4,4,4,4,5,5,4,4,5,3,4,3,4,3,4.66666666666667,4.33333333333333,3.4,4.13333333333333,0,34,5,5,5,5,4,4,5,4,4,4,5,5,4.54545454545455
26,1,4,3,4,3.66666666666667,5,5,4,5,4,4,4,5,4,4,4,4.66666666666667,4.33333333333333,4.2,4.4,0,30,4,4,4,4,4,4,4,4,5,4,4,5,4.18181818181818
26,2,3,4,3,3.33333333333333,5,5,4,5,4,4,4,5,4,4,4,4.66666666666667,4.33333333333333,4.2,4.4,0,30,4,4,4,4,4,4,4,4,5,4,4,5,4.18181818181818
26,3,4,5,5,4.66666666666667,5,5,4,5,4,4,4,5,4,4,4,4.66666666666667,4.33333333333333,4.2,4.4,0,30,4,4,4,4,4,4,4,4,5,4,4,5,4.18181818181818
26,4,5,4,5,4.66666666666667,5,5,4,5,4,4,4,5,4,4,4,4.66666666666667,4.33333333333333,4.2,4.4,0,30,4,4,4,4,4,4,4,4,5,4,4,5,4.18181818181818
26,5,5,5,5,5,5,5,4,5,4,4,4,5,4,4,4,4.66666666666667,4.33333333333333,4.2,4.4,0,30,4,4,4,4,4,4,4,4,5,4,4,5,4.18181818181818
26,6,6,5,5,5.33333333333333,5,5,4,5,4,4,4,5,4,4,4,4.66666666666667,4.33333333333333,4.2,4.4,0,30,4,4,4,4,4,4,4,4,5,4,4,5,4.18181818181818
26,7,5,5,4,4.66666666666667,5,5,4,5,4,4,4,5,4,4,4,4.66666666666667,4.33333333333333,4.2,4.4,0,30,4,4,4,4,4,4,4,4,5,4,4,5,4.18181818181818
26,8,4,3,4,3.66666666666667,5,5,4,5,4,4,4,5,4,4,4,4.66666666666667,4.33333333333333,4.2,4.4,0,30,4,4,4,4,4,4,4,4,5,4,4,5,4.18181818181818
26,9,4,4,4,4,5,5,4,5,4,4,4,5,4,4,4,4.66666666666667,4.33333333333333,4.2,4.4,0,30,4,4,4,4,4,4,4,4,5,4,4,5,4.18181818181818
26,10,4,4,4,4,5,5,4,5,4,4,4,5,4,4,4,4.66666666666667,4.33333333333333,4.2,4.4,0,30,4,4,4,4,4,4,4,4,5,4,4,5,4.18181818181818
27,1,4,4,3,3.66666666666667,4,4,4,5,4,4,4,4,4,4,4,4,4.33333333333333,4,4.11111111111111,0,36,6,5,6,5,5,5,5,5,5,5,6,5,5.18181818181818
27,2,5,5,5,5,4,4,4,5,4,4,4,4,4,4,4,4,4.33333333333333,4,4.11111111111111,0,36,6,5,6,5,5,5,5,5,5,5,6,5,5.18181818181818
27,3,4,4,4,4,4,4,4,5,4,4,4,4,4,4,4,4,4.33333333333333,4,4.11111111111111,0,36,6,5,6,5,5,5,5,5,5,5,6,5,5.18181818181818
27,4,4,4,4,4,4,4,4,5,4,4,4,4,4,4,4,4,4.33333333333333,4,4.11111111111111,0,36,6,5,6,5,5,5,5,5,5,5,6,5,5.18181818181818
27,5,4,4,4,4,4,4,4,5,4,4,4,4,4,4,4,4,4.33333333333333,4,4.11111111111111,0,36,6,5,6,5,5,5,5,5,5,5,6,5,5.18181818181818
27,6,5,5,5,5,4,4,4,5,4,4,4,4,4,4,4,4,4.33333333333333,4,4.11111111111111,0,36,6,5,6,5,5,5,5,5,5,5,6,5,5.18181818181818
27,7,4,4,4,4,4,4,4,5,4,4,4,4,4,4,4,4,4.33333333333333,4,4.11111111111111,0,36,6,5,6,5,5,5,5,5,5,5,6,5,5.18181818181818
27,8,5,5,5,5,4,4,4,5,4,4,4,4,4,4,4,4,4.33333333333333,4,4.11111111111111,0,36,6,5,6,5,5,5,5,5,5,5,6,5,5.18181818181818
27,9,5,5,4,4.66666666666667,4,4,4,5,4,4,4,4,4,4,4,4,4.33333333333333,4,4.11111111111111,0,36,6,5,6,5,5,5,5,5,5,5,6,5,5.18181818181818
27,10,4,4,4,4,4,4,4,5,4,4,4,4,4,4,4,4,4.33333333333333,4,4.11111111111111,0,36,6,5,6,5,5,5,5,5,5,5,6,5,5.18181818181818
28,1,4,4,4,4,4,4,5,4,4,4,5,4,4,4,4,4.33333333333333,4,4.2,4.17777777777778,1,38,6,5,5,5,5,5,6,5,6,5,5,6,5.27272727272727
28,2,4,5,4,4.33333333333333,4,4,5,4,4,4,5,4,4,4,4,4.33333333333333,4,4.2,4.17777777777778,1,38,6,5,5,5,5,5,6,5,6,5,5,6,5.27272727272727
28,3,4,4,5,4.33333333333333,4,4,5,4,4,4,5,4,4,4,4,4.33333333333333,4,4.2,4.17777777777778,1,38,6,5,5,5,5,5,6,5,6,5,5,6,5.27272727272727
28,4,4,4,4,4,4,4,5,4,4,4,5,4,4,4,4,4.33333333333333,4,4.2,4.17777777777778,1,38,6,5,5,5,5,5,6,5,6,5,5,6,5.27272727272727
28,5,3,4,4,3.66666666666667,4,4,5,4,4,4,5,4,4,4,4,4.33333333333333,4,4.2,4.17777777777778,1,38,6,5,5,5,5,5,6,5,6,5,5,6,5.27272727272727
28,6,4,5,4,4.33333333333333,4,4,5,4,4,4,5,4,4,4,4,4.33333333333333,4,4.2,4.17777777777778,1,38,6,5,5,5,5,5,6,5,6,5,5,6,5.27272727272727
28,7,5,5,6,5.33333333333333,4,4,5,4,4,4,5,4,4,4,4,4.33333333333333,4,4.2,4.17777777777778,1,38,6,5,5,5,5,5,6,5,6,5,5,6,5.27272727272727
28,8,6,5,5,5.33333333333333,4,4,5,4,4,4,5,4,4,4,4,4.33333333333333,4,4.2,4.17777777777778,1,38,6,5,5,5,5,5,6,5,6,5,5,6,5.27272727272727
28,9,5,6,5,5.33333333333333,4,4,5,4,4,4,5,4,4,4,4,4.33333333333333,4,4.2,4.17777777777778,1,38,6,5,5,5,5,5,6,5,6,5,5,6,5.27272727272727
28,10,4,4,4,4,4,4,5,4,4,4,5,4,4,4,4,4.33333333333333,4,4.2,4.17777777777778,1,38,6,5,5,5,5,5,6,5,6,5,5,6,5.27272727272727
29,1,3,4,3,3.33333333333333,5,4,4,5,4,5,4,4,4,4,4,4.33333333333333,4.66666666666667,4,4.33333333333333,0,28,5,5,6,5,5,5,6,5,5,5,5,5,5.18181818181818
29,2,5,5,5,5,5,4,4,5,4,5,4,4,4,4,4,4.33333333333333,4.66666666666667,4,4.33333333333333,0,28,5,5,6,5,5,5,6,5,5,5,5,5,5.18181818181818
29,3,4,4,4,4,5,4,4,5,4,5,4,4,4,4,4,4.33333333333333,4.66666666666667,4,4.33333333333333,0,28,5,5,6,5,5,5,6,5,5,5,5,5,5.18181818181818
29,4,5,4,5,4.66666666666667,5,4,4,5,4,5,4,4,4,4,4,4.33333333333333,4.66666666666667,4,4.33333333333333,0,28,5,5,6,5,5,5,6,5,5,5,5,5,5.18181818181818
29,5,3,4,4,3.66666666666667,5,4,4,5,4,5,4,4,4,4,4,4.33333333333333,4.66666666666667,4,4.33333333333333,0,28,5,5,6,5,5,5,6,5,5,5,5,5,5.18181818181818
29,6,3,4,3,3.33333333333333,5,4,4,5,4,5,4,4,4,4,4,4.33333333333333,4.66666666666667,4,4.33333333333333,0,28,5,5,6,5,5,5,6,5,5,5,5,5,5.18181818181818
29,7,4,4,3,3.66666666666667,5,4,4,5,4,5,4,4,4,4,4,4.33333333333333,4.66666666666667,4,4.33333333333333,0,28,5,5,6,5,5,5,6,5,5,5,5,5,5.18181818181818
29,8,4,4,4,4,5,4,4,5,4,5,4,4,4,4,4,4.33333333333333,4.66666666666667,4,4.33333333333333,0,28,5,5,6,5,5,5,6,5,5,5,5,5,5.18181818181818
29,9,5,4,5,4.66666666666667,5,4,4,5,4,5,4,4,4,4,4,4.33333333333333,4.66666666666667,4,4.33333333333333,0,28,5,5,6,5,5,5,6,5,5,5,5,5,5.18181818181818
29,10,5,5,4,4.66666666666667,5,4,4,5,4,5,4,4,4,4,4,4.33333333333333,4.66666666666667,4,4.33333333333333,0,28,5,5,6,5,5,5,6,5,5,5,5,5,5.18181818181818
30,1,4,3,4,3.66666666666667,4,4,5,5,5,5,5,5,5,5,4,4.33333333333333,5,4.8,4.71111111111111,1,29,7,5,6,5,5,5,5,5,5,5,5,5,5.09090909090909
30,2,5,5,6,5.33333333333333,4,4,5,5,5,5,5,5,5,5,4,4.33333333333333,5,4.8,4.71111111111111,1,29,7,5,6,5,5,5,5,5,5,5,5,5,5.09090909090909
30,3,5,5,5,5,4,4,5,5,5,5,5,5,5,5,4,4.33333333333333,5,4.8,4.71111111111111,1,29,7,5,6,5,5,5,5,5,5,5,5,5,5.09090909090909
30,4,3,4,4,3.66666666666667,4,4,5,5,5,5,5,5,5,5,4,4.33333333333333,5,4.8,4.71111111111111,1,29,7,5,6,5,5,5,5,5,5,5,5,5,5.09090909090909
30,5,4,4,4,4,4,4,5,5,5,5,5,5,5,5,4,4.33333333333333,5,4.8,4.71111111111111,1,29,7,5,6,5,5,5,5,5,5,5,5,5,5.09090909090909
30,6,4,4,4,4,4,4,5,5,5,5,5,5,5,5,4,4.33333333333333,5,4.8,4.71111111111111,1,29,7,5,6,5,5,5,5,5,5,5,5,5,5.09090909090909
30,7,4,5,4,4.33333333333333,4,4,5,5,5,5,5,5,5,5,4,4.33333333333333,5,4.8,4.71111111111111,1,29,7,5,6,5,5,5,5,5,5,5,5,5,5.09090909090909
30,8,5,5,5,5,4,4,5,5,5,5,5,5,5,5,4,4.33333333333333,5,4.8,4.71111111111111,1,29,7,5,6,5,5,5,5,5,5,5,5,5,5.09090909090909
30,9,6,5,5,5.33333333333333,4,4,5,5,5,5,5,5,5,5,4,4.33333333333333,5,4.8,4.71111111111111,1,29,7,5,6,5,5,5,5,5,5,5,5,5,5.09090909090909
30,10,5,5,5,5,4,4,5,5,5,5,5,5,5,5,4,4.33333333333333,5,4.8,4.71111111111111,1,29,7,5,6,5,5,5,5,5,5,5,5,5,5.09090909090909
31,1,4,3,4,3.66666666666667,5,4,5,5,5,5,5,4,4,5,4,4.66666666666667,5,4.4,4.68888888888889,0,35,6,5,6,5,5,5,5,5,5,5,5,6,5.18181818181818
31,2,5,5,6,5.33333333333333,5,4,5,5,5,5,5,4,4,5,4,4.66666666666667,5,4.4,4.68888888888889,0,35,6,5,6,5,5,5,5,5,5,5,5,6,5.18181818181818
31,3,5,5,5,5,5,4,5,5,5,5,5,4,4,5,4,4.66666666666667,5,4.4,4.68888888888889,0,35,6,5,6,5,5,5,5,5,5,5,5,6,5.18181818181818
31,4,4,3,4,3.66666666666667,5,4,5,5,5,5,5,4,4,5,4,4.66666666666667,5,4.4,4.68888888888889,0,35,6,5,6,5,5,5,5,5,5,5,5,6,5.18181818181818
31,5,5,5,5,5,5,4,5,5,5,5,5,4,4,5,4,4.66666666666667,5,4.4,4.68888888888889,0,35,6,5,6,5,5,5,5,5,5,5,5,6,5.18181818181818
31,6,4,3,3,3.33333333333333,5,4,5,5,5,5,5,4,4,5,4,4.66666666666667,5,4.4,4.68888888888889,0,35,6,5,6,5,5,5,5,5,5,5,5,6,5.18181818181818
31,7,3,4,4,3.66666666666667,5,4,5,5,5,5,5,4,4,5,4,4.66666666666667,5,4.4,4.68888888888889,0,35,6,5,6,5,5,5,5,5,5,5,5,6,5.18181818181818
31,8,5,5,5,5,5,4,5,5,5,5,5,4,4,5,4,4.66666666666667,5,4.4,4.68888888888889,0,35,6,5,6,5,5,5,5,5,5,5,5,6,5.18181818181818
31,9,5,5,5,5,5,4,5,5,5,5,5,4,4,5,4,4.66666666666667,5,4.4,4.68888888888889,0,35,6,5,6,5,5,5,5,5,5,5,5,6,5.18181818181818
31,10,5,5,6,5.33333333333333,5,4,5,5,5,5,5,4,4,5,4,4.66666666666667,5,4.4,4.68888888888889,0,35,6,5,6,5,5,5,5,5,5,5,5,6,5.18181818181818
32,1,6,5,5,5.33333333333333,5,5,4,5,5,5,4,5,5,5,4,4.66666666666667,5,4.6,4.75555555555556,0,36,3,5,5,5,5,5,6,5,5,5,5,5,5.09090909090909
32,2,5,6,5,5.33333333333333,5,5,4,5,5,5,4,5,5,5,4,4.66666666666667,5,4.6,4.75555555555556,0,36,3,5,5,5,5,5,6,5,5,5,5,5,5.09090909090909
32,3,5,5,5,5,5,5,4,5,5,5,4,5,5,5,4,4.66666666666667,5,4.6,4.75555555555556,0,36,3,5,5,5,5,5,6,5,5,5,5,5,5.09090909090909
32,4,5,5,6,5.33333333333333,5,5,4,5,5,5,4,5,5,5,4,4.66666666666667,5,4.6,4.75555555555556,0,36,3,5,5,5,5,5,6,5,5,5,5,5,5.09090909090909
32,5,5,4,5,4.66666666666667,5,5,4,5,5,5,4,5,5,5,4,4.66666666666667,5,4.6,4.75555555555556,0,36,3,5,5,5,5,5,6,5,5,5,5,5,5.09090909090909
32,6,5,5,4,4.66666666666667,5,5,4,5,5,5,4,5,5,5,4,4.66666666666667,5,4.6,4.75555555555556,0,36,3,5,5,5,5,5,6,5,5,5,5,5,5.09090909090909
32,7,5,5,5,5,5,5,4,5,5,5,4,5,5,5,4,4.66666666666667,5,4.6,4.75555555555556,0,36,3,5,5,5,5,5,6,5,5,5,5,5,5.09090909090909
32,8,5,5,5,5,5,5,4,5,5,5,4,5,5,5,4,4.66666666666667,5,4.6,4.75555555555556,0,36,3,5,5,5,5,5,6,5,5,5,5,5,5.09090909090909
32,9,3,4,4,3.66666666666667,5,5,4,5,5,5,4,5,5,5,4,4.66666666666667,5,4.6,4.75555555555556,0,36,3,5,5,5,5,5,6,5,5,5,5,5,5.09090909090909
32,10,4,4,3,3.66666666666667,5,5,4,5,5,5,4,5,5,5,4,4.66666666666667,5,4.6,4.75555555555556,0,36,3,5,5,5,5,5,6,5,5,5,5,5,5.09090909090909
33,1,4,4,4,4,5,4,5,5,5,5,5,5,5,5,4,4.66666666666667,5,4.8,4.82222222222222,0,36,3,5,6,5,5,5,6,5,5,5,5,5,5.18181818181818
33,2,5,4,5,4.66666666666667,5,4,5,5,5,5,5,5,5,5,4,4.66666666666667,5,4.8,4.82222222222222,0,36,3,5,6,5,5,5,6,5,5,5,5,5,5.18181818181818
33,3,5,5,5,5,5,4,5,5,5,5,5,5,5,5,4,4.66666666666667,5,4.8,4.82222222222222,0,36,3,5,6,5,5,5,6,5,5,5,5,5,5.18181818181818
33,4,5,5,5,5,5,4,5,5,5,5,5,5,5,5,4,4.66666666666667,5,4.8,4.82222222222222,0,36,3,5,6,5,5,5,6,5,5,5,5,5,5.18181818181818
33,5,5,5,5,5,5,4,5,5,5,5,5,5,5,5,4,4.66666666666667,5,4.8,4.82222222222222,0,36,3,5,6,5,5,5,6,5,5,5,5,5,5.18181818181818
33,6,3,3,4,3.33333333333333,5,4,5,5,5,5,5,5,5,5,4,4.66666666666667,5,4.8,4.82222222222222,0,36,3,5,6,5,5,5,6,5,5,5,5,5,5.18181818181818
33,7,4,4,4,4,5,4,5,5,5,5,5,5,5,5,4,4.66666666666667,5,4.8,4.82222222222222,0,36,3,5,6,5,5,5,6,5,5,5,5,5,5.18181818181818
33,8,5,5,6,5.33333333333333,5,4,5,5,5,5,5,5,5,5,4,4.66666666666667,5,4.8,4.82222222222222,0,36,3,5,6,5,5,5,6,5,5,5,5,5,5.18181818181818
33,9,4,4,3,3.66666666666667,5,4,5,5,5,5,5,5,5,5,4,4.66666666666667,5,4.8,4.82222222222222,0,36,3,5,6,5,5,5,6,5,5,5,5,5,5.18181818181818
33,10,4,4,3,3.66666666666667,5,4,5,5,5,5,5,5,5,5,4,4.66666666666667,5,4.8,4.82222222222222,0,36,3,5,6,5,5,5,6,5,5,5,5,5,5.18181818181818
34,1,4,3,4,3.66666666666667,4,4,5,5,5,5,4,4,4,5,4,4.33333333333333,5,4.2,4.51111111111111,0,24,4,6,6,5,5,5,5,5,5,6,5,5,5.27272727272727
34,2,5,4,5,4.66666666666667,4,4,5,5,5,5,4,4,4,5,4,4.33333333333333,5,4.2,4.51111111111111,0,24,4,6,6,5,5,5,5,5,5,6,5,5,5.27272727272727
34,3,4,5,5,4.66666666666667,4,4,5,5,5,5,4,4,4,5,4,4.33333333333333,5,4.2,4.51111111111111,0,24,4,6,6,5,5,5,5,5,5,6,5,5,5.27272727272727
34,4,4,5,4,4.33333333333333,4,4,5,5,5,5,4,4,4,5,4,4.33333333333333,5,4.2,4.51111111111111,0,24,4,6,6,5,5,5,5,5,5,6,5,5,5.27272727272727
34,5,4,5,4,4.33333333333333,4,4,5,5,5,5,4,4,4,5,4,4.33333333333333,5,4.2,4.51111111111111,0,24,4,6,6,5,5,5,5,5,5,6,5,5,5.27272727272727
34,6,4,4,4,4,4,4,5,5,5,5,4,4,4,5,4,4.33333333333333,5,4.2,4.51111111111111,0,24,4,6,6,5,5,5,5,5,5,6,5,5,5.27272727272727
34,7,6,5,5,5.33333333333333,4,4,5,5,5,5,4,4,4,5,4,4.33333333333333,5,4.2,4.51111111111111,0,24,4,6,6,5,5,5,5,5,5,6,5,5,5.27272727272727
34,8,5,6,6,5.66666666666667,4,4,5,5,5,5,4,4,4,5,4,4.33333333333333,5,4.2,4.51111111111111,0,24,4,6,6,5,5,5,5,5,5,6,5,5,5.27272727272727
34,9,6,5,5,5.33333333333333,4,4,5,5,5,5,4,4,4,5,4,4.33333333333333,5,4.2,4.51111111111111,0,24,4,6,6,5,5,5,5,5,5,6,5,5,5.27272727272727
34,10,4,3,4,3.66666666666667,4,4,5,5,5,5,4,4,4,5,4,4.33333333333333,5,4.2,4.51111111111111,0,24,4,6,6,5,5,5,5,5,5,6,5,5,5.27272727272727
35,1,5,6,5,5.33333333333333,5,5,5,6,5,6,4,4,5,4,5,5,5.66666666666667,4.4,5.02222222222222,0,29,3,6,5,5,5,5,5,5,6,5,5,5,5.18181818181818
35,2,5,5,6,5.33333333333333,5,5,5,6,5,6,4,4,5,4,5,5,5.66666666666667,4.4,5.02222222222222,0,29,3,6,5,5,5,5,5,5,6,5,5,5,5.18181818181818
35,3,6,5,5,5.33333333333333,5,5,5,6,5,6,4,4,5,4,5,5,5.66666666666667,4.4,5.02222222222222,0,29,3,6,5,5,5,5,5,5,6,5,5,5,5.18181818181818
35,4,5,5,5,5,5,5,5,6,5,6,4,4,5,4,5,5,5.66666666666667,4.4,5.02222222222222,0,29,3,6,5,5,5,5,5,5,6,5,5,5,5.18181818181818
35,5,4,4,4,4,5,5,5,6,5,6,4,4,5,4,5,5,5.66666666666667,4.4,5.02222222222222,0,29,3,6,5,5,5,5,5,5,6,5,5,5,5.18181818181818
35,6,3,4,4,3.66666666666667,5,5,5,6,5,6,4,4,5,4,5,5,5.66666666666667,4.4,5.02222222222222,0,29,3,6,5,5,5,5,5,5,6,5,5,5,5.18181818181818
35,7,4,4,4,4,5,5,5,6,5,6,4,4,5,4,5,5,5.66666666666667,4.4,5.02222222222222,0,29,3,6,5,5,5,5,5,5,6,5,5,5,5.18181818181818
35,8,4,4,4,4,5,5,5,6,5,6,4,4,5,4,5,5,5.66666666666667,4.4,5.02222222222222,0,29,3,6,5,5,5,5,5,5,6,5,5,5,5.18181818181818
35,9,4,4,4,4,5,5,5,6,5,6,4,4,5,4,5,5,5.66666666666667,4.4,5.02222222222222,0,29,3,6,5,5,5,5,5,5,6,5,5,5,5.18181818181818
35,10,5,4,5,4.66666666666667,5,5,5,6,5,6,4,4,5,4,5,5,5.66666666666667,4.4,5.02222222222222,0,29,3,6,5,5,5,5,5,5,6,5,5,5,5.18181818181818
36,1,4,5,4,4.33333333333333,4,5,4,5,6,5,4,4,4,4,4,4.33333333333333,5.33333333333333,4,4.55555555555556,0,30,2,5,5,5,5,5,5,5,6,6,6,5,5.27272727272727
36,2,5,5,4,4.66666666666667,4,5,4,5,6,5,4,4,4,4,4,4.33333333333333,5.33333333333333,4,4.55555555555556,0,30,2,5,5,5,5,5,5,5,6,6,6,5,5.27272727272727
36,3,5,6,6,5.66666666666667,4,5,4,5,6,5,4,4,4,4,4,4.33333333333333,5.33333333333333,4,4.55555555555556,0,30,2,5,5,5,5,5,5,5,6,6,6,5,5.27272727272727
36,4,4,4,5,4.33333333333333,4,5,4,5,6,5,4,4,4,4,4,4.33333333333333,5.33333333333333,4,4.55555555555556,0,30,2,5,5,5,5,5,5,5,6,6,6,5,5.27272727272727
36,5,4,4,4,4,4,5,4,5,6,5,4,4,4,4,4,4.33333333333333,5.33333333333333,4,4.55555555555556,0,30,2,5,5,5,5,5,5,5,6,6,6,5,5.27272727272727
36,6,5,4,4,4.33333333333333,4,5,4,5,6,5,4,4,4,4,4,4.33333333333333,5.33333333333333,4,4.55555555555556,0,30,2,5,5,5,5,5,5,5,6,6,6,5,5.27272727272727
36,7,4,4,4,4,4,5,4,5,6,5,4,4,4,4,4,4.33333333333333,5.33333333333333,4,4.55555555555556,0,30,2,5,5,5,5,5,5,5,6,6,6,5,5.27272727272727
36,8,4,4,4,4,4,5,4,5,6,5,4,4,4,4,4,4.33333333333333,5.33333333333333,4,4.55555555555556,0,30,2,5,5,5,5,5,5,5,6,6,6,5,5.27272727272727
36,9,5,5,4,4.66666666666667,4,5,4,5,6,5,4,4,4,4,4,4.33333333333333,5.33333333333333,4,4.55555555555556,0,30,2,5,5,5,5,5,5,5,6,6,6,5,5.27272727272727
36,10,5,4,5,4.66666666666667,4,5,4,5,6,5,4,4,4,4,4,4.33333333333333,5.33333333333333,4,4.55555555555556,0,30,2,5,5,5,5,5,5,5,6,6,6,5,5.27272727272727
37,1,4,4,4,4,4,4,4,5,5,5,5,6,5,5,5,4,5,5.2,4.73333333333333,0,30,7,5,5,5,5,5,5,5,6,5,5,5,5.09090909090909
37,2,6,5,5,5.33333333333333,4,4,4,5,5,5,5,6,5,5,5,4,5,5.2,4.73333333333333,0,30,7,5,5,5,5,5,5,5,6,5,5,5,5.09090909090909
37,3,5,5,5,5,4,4,4,5,5,5,5,6,5,5,5,4,5,5.2,4.73333333333333,0,30,7,5,5,5,5,5,5,5,6,5,5,5,5.09090909090909
37,4,5,5,5,5,4,4,4,5,5,5,5,6,5,5,5,4,5,5.2,4.73333333333333,0,30,7,5,5,5,5,5,5,5,6,5,5,5,5.09090909090909
37,5,5,5,6,5.33333333333333,4,4,4,5,5,5,5,6,5,5,5,4,5,5.2,4.73333333333333,0,30,7,5,5,5,5,5,5,5,6,5,5,5,5.09090909090909
37,6,6,5,5,5.33333333333333,4,4,4,5,5,5,5,6,5,5,5,4,5,5.2,4.73333333333333,0,30,7,5,5,5,5,5,5,5,6,5,5,5,5.09090909090909
37,7,5,4,5,4.66666666666667,4,4,4,5,5,5,5,6,5,5,5,4,5,5.2,4.73333333333333,0,30,7,5,5,5,5,5,5,5,6,5,5,5,5.09090909090909
37,8,5,5,5,5,4,4,4,5,5,5,5,6,5,5,5,4,5,5.2,4.73333333333333,0,30,7,5,5,5,5,5,5,5,6,5,5,5,5.09090909090909
37,9,4,4,4,4,4,4,4,5,5,5,5,6,5,5,5,4,5,5.2,4.73333333333333,0,30,7,5,5,5,5,5,5,5,6,5,5,5,5.09090909090909
37,10,4,3,3,3.33333333333333,4,4,4,5,5,5,5,6,5,5,5,4,5,5.2,4.73333333333333,0,30,7,5,5,5,5,5,5,5,6,5,5,5,5.09090909090909
38,1,4,4,4,4,5,5,4,5,5,5,5,6,5,6,5,4.66666666666667,5,5.4,5.02222222222222,1,30,6,5,5,5,6,6,5,5,5,5,5,5,5.18181818181818
38,2,4,4,3,3.66666666666667,5,5,4,5,5,5,5,6,5,6,5,4.66666666666667,5,5.4,5.02222222222222,1,30,6,5,5,5,6,6,5,5,5,5,5,5,5.18181818181818
38,3,4,4,4,4,5,5,4,5,5,5,5,6,5,6,5,4.66666666666667,5,5.4,5.02222222222222,1,30,6,5,5,5,6,6,5,5,5,5,5,5,5.18181818181818
38,4,4,4,4,4,5,5,4,5,5,5,5,6,5,6,5,4.66666666666667,5,5.4,5.02222222222222,1,30,6,5,5,5,6,6,5,5,5,5,5,5,5.18181818181818
38,5,4,4,4,4,5,5,4,5,5,5,5,6,5,6,5,4.66666666666667,5,5.4,5.02222222222222,1,30,6,5,5,5,6,6,5,5,5,5,5,5,5.18181818181818
38,6,3,3,3,3,5,5,4,5,5,5,5,6,5,6,5,4.66666666666667,5,5.4,5.02222222222222,1,30,6,5,5,5,6,6,5,5,5,5,5,5,5.18181818181818
38,7,5,4,4,4.33333333333333,5,5,4,5,5,5,5,6,5,6,5,4.66666666666667,5,5.4,5.02222222222222,1,30,6,5,5,5,6,6,5,5,5,5,5,5,5.18181818181818
38,8,5,5,5,5,5,5,4,5,5,5,5,6,5,6,5,4.66666666666667,5,5.4,5.02222222222222,1,30,6,5,5,5,6,6,5,5,5,5,5,5,5.18181818181818
38,9,5,5,5,5,5,5,4,5,5,5,5,6,5,6,5,4.66666666666667,5,5.4,5.02222222222222,1,30,6,5,5,5,6,6,5,5,5,5,5,5,5.18181818181818
38,10,5,5,6,5.33333333333333,5,5,4,5,5,5,5,6,5,6,5,4.66666666666667,5,5.4,5.02222222222222,1,30,6,5,5,5,6,6,5,5,5,5,5,5,5.18181818181818
39,1,3,3,4,3.33333333333333,4,5,4,5,6,5,5,5,6,5,5,4.33333333333333,5.33333333333333,5.2,4.95555555555556,0,35,5,5,5,5,5,5,5,5,5,5,5,6,5.09090909090909
39,2,4,5,4,4.33333333333333,4,5,4,5,6,5,5,5,6,5,5,4.33333333333333,5.33333333333333,5.2,4.95555555555556,0,35,5,5,5,5,5,5,5,5,5,5,5,6,5.09090909090909
39,3,3,3,3,3,4,5,4,5,6,5,5,5,6,5,5,4.33333333333333,5.33333333333333,5.2,4.95555555555556,0,35,5,5,5,5,5,5,5,5,5,5,5,6,5.09090909090909
39,4,4,4,4,4,4,5,4,5,6,5,5,5,6,5,5,4.33333333333333,5.33333333333333,5.2,4.95555555555556,0,35,5,5,5,5,5,5,5,5,5,5,5,6,5.09090909090909
39,5,5,5,4,4.66666666666667,4,5,4,5,6,5,5,5,6,5,5,4.33333333333333,5.33333333333333,5.2,4.95555555555556,0,35,5,5,5,5,5,5,5,5,5,5,5,6,5.09090909090909
39,6,4,4,4,4,4,5,4,5,6,5,5,5,6,5,5,4.33333333333333,5.33333333333333,5.2,4.95555555555556,0,35,5,5,5,5,5,5,5,5,5,5,5,6,5.09090909090909
39,7,4,5,4,4.33333333333333,4,5,4,5,6,5,5,5,6,5,5,4.33333333333333,5.33333333333333,5.2,4.95555555555556,0,35,5,5,5,5,5,5,5,5,5,5,5,6,5.09090909090909
39,8,5,4,5,4.66666666666667,4,5,4,5,6,5,5,5,6,5,5,4.33333333333333,5.33333333333333,5.2,4.95555555555556,0,35,5,5,5,5,5,5,5,5,5,5,5,6,5.09090909090909
39,9,5,4,4,4.33333333333333,4,5,4,5,6,5,5,5,6,5,5,4.33333333333333,5.33333333333333,5.2,4.95555555555556,0,35,5,5,5,5,5,5,5,5,5,5,5,6,5.09090909090909
39,10,6,5,5,5.33333333333333,4,5,4,5,6,5,5,5,6,5,5,4.33333333333333,5.33333333333333,5.2,4.95555555555556,0,35,5,5,5,5,5,5,5,5,5,5,5,6,5.09090909090909
40,1,5,5,6,5.33333333333333,5,4,4,6,5,5,6,5,5,5,5,4.33333333333333,5.33333333333333,5.2,4.95555555555556,1,34,6,4,5,5,5,4,5,6,4,6,4,5,4.81818181818182
40,2,4,4,4,4,5,4,4,6,5,5,6,5,5,5,5,4.33333333333333,5.33333333333333,5.2,4.95555555555556,1,34,6,4,5,5,5,4,5,6,4,6,4,5,4.81818181818182
40,3,4,4,3,3.66666666666667,5,4,4,6,5,5,6,5,5,5,5,4.33333333333333,5.33333333333333,5.2,4.95555555555556,1,34,6,4,5,5,5,4,5,6,4,6,4,5,4.81818181818182
40,4,4,4,5,4.33333333333333,5,4,4,6,5,5,6,5,5,5,5,4.33333333333333,5.33333333333333,5.2,4.95555555555556,1,34,6,4,5,5,5,4,5,6,4,6,4,5,4.81818181818182
40,5,5,5,6,5.33333333333333,5,4,4,6,5,5,6,5,5,5,5,4.33333333333333,5.33333333333333,5.2,4.95555555555556,1,34,6,4,5,5,5,4,5,6,4,6,4,5,4.81818181818182
40,6,5,5,6,5.33333333333333,5,4,4,6,5,5,6,5,5,5,5,4.33333333333333,5.33333333333333,5.2,4.95555555555556,1,34,6,4,5,5,5,4,5,6,4,6,4,5,4.81818181818182
40,7,5,4,5,4.66666666666667,5,4,4,6,5,5,6,5,5,5,5,4.33333333333333,5.33333333333333,5.2,4.95555555555556,1,34,6,4,5,5,5,4,5,6,4,6,4,5,4.81818181818182
40,8,4,4,4,4,5,4,4,6,5,5,6,5,5,5,5,4.33333333333333,5.33333333333333,5.2,4.95555555555556,1,34,6,4,5,5,5,4,5,6,4,6,4,5,4.81818181818182
40,9,4,4,4,4,5,4,4,6,5,5,6,5,5,5,5,4.33333333333333,5.33333333333333,5.2,4.95555555555556,1,34,6,4,5,5,5,4,5,6,4,6,4,5,4.81818181818182
40,10,4,4,4,4,5,4,4,6,5,5,6,5,5,5,5,4.33333333333333,5.33333333333333,5.2,4.95555555555556,1,34,6,4,5,5,5,4,5,6,4,6,4,5,4.81818181818182
41,1,4,5,4,4.33333333333333,5,4,4,5,5,6,5,5,6,5,5,4.33333333333333,5.33333333333333,5.2,4.95555555555556,0,26,6,4,4,3,3,3,4,3,4,4,4,3,3.54545454545455
41,2,5,5,5,5,5,4,4,5,5,6,5,5,6,5,5,4.33333333333333,5.33333333333333,5.2,4.95555555555556,0,26,6,4,4,3,3,3,4,3,4,4,4,3,3.54545454545455
41,3,5,5,5,5,5,4,4,5,5,6,5,5,6,5,5,4.33333333333333,5.33333333333333,5.2,4.95555555555556,0,26,6,4,4,3,3,3,4,3,4,4,4,3,3.54545454545455
41,4,3,4,3,3.33333333333333,5,4,4,5,5,6,5,5,6,5,5,4.33333333333333,5.33333333333333,5.2,4.95555555555556,0,26,6,4,4,3,3,3,4,3,4,4,4,3,3.54545454545455
41,5,4,5,4,4.33333333333333,5,4,4,5,5,6,5,5,6,5,5,4.33333333333333,5.33333333333333,5.2,4.95555555555556,0,26,6,4,4,3,3,3,4,3,4,4,4,3,3.54545454545455
41,6,5,5,5,5,5,4,4,5,5,6,5,5,6,5,5,4.33333333333333,5.33333333333333,5.2,4.95555555555556,0,26,6,4,4,3,3,3,4,3,4,4,4,3,3.54545454545455
41,7,4,4,4,4,5,4,4,5,5,6,5,5,6,5,5,4.33333333333333,5.33333333333333,5.2,4.95555555555556,0,26,6,4,4,3,3,3,4,3,4,4,4,3,3.54545454545455
41,8,4,4,4,4,5,4,4,5,5,6,5,5,6,5,5,4.33333333333333,5.33333333333333,5.2,4.95555555555556,0,26,6,4,4,3,3,3,4,3,4,4,4,3,3.54545454545455
41,9,4,4,4,4,5,4,4,5,5,6,5,5,6,5,5,4.33333333333333,5.33333333333333,5.2,4.95555555555556,0,26,6,4,4,3,3,3,4,3,4,4,4,3,3.54545454545455
41,10,3,4,4,3.66666666666667,5,4,4,5,5,6,5,5,6,5,5,4.33333333333333,5.33333333333333,5.2,4.95555555555556,0,26,6,4,4,3,3,3,4,3,4,4,4,3,3.54545454545455
42,1,4,4,4,4,5,4,4,5,5,5,5,5,5,5,5,4.33333333333333,5,5,4.77777777777778,0,32,2,4,4,4,4,3,3,4,3,4,4,3,3.63636363636364
42,2,4,4,5,4.33333333333333,5,4,4,5,5,5,5,5,5,5,5,4.33333333333333,5,5,4.77777777777778,0,32,2,4,4,4,4,3,3,4,3,4,4,3,3.63636363636364
42,3,5,5,5,5,5,4,4,5,5,5,5,5,5,5,5,4.33333333333333,5,5,4.77777777777778,0,32,2,4,4,4,4,3,3,4,3,4,4,3,3.63636363636364
42,4,5,5,6,5.33333333333333,5,4,4,5,5,5,5,5,5,5,5,4.33333333333333,5,5,4.77777777777778,0,32,2,4,4,4,4,3,3,4,3,4,4,3,3.63636363636364
42,5,5,5,5,5,5,4,4,5,5,5,5,5,5,5,5,4.33333333333333,5,5,4.77777777777778,0,32,2,4,4,4,4,3,3,4,3,4,4,3,3.63636363636364
42,6,5,5,5,5,5,4,4,5,5,5,5,5,5,5,5,4.33333333333333,5,5,4.77777777777778,0,32,2,4,4,4,4,3,3,4,3,4,4,3,3.63636363636364
42,7,4,4,5,4.33333333333333,5,4,4,5,5,5,5,5,5,5,5,4.33333333333333,5,5,4.77777777777778,0,32,2,4,4,4,4,3,3,4,3,4,4,3,3.63636363636364
42,8,4,4,4,4,5,4,4,5,5,5,5,5,5,5,5,4.33333333333333,5,5,4.77777777777778,0,32,2,4,4,4,4,3,3,4,3,4,4,3,3.63636363636364
42,9,5,5,5,5,5,4,4,5,5,5,5,5,5,5,5,4.33333333333333,5,5,4.77777777777778,0,32,2,4,4,4,4,3,3,4,3,4,4,3,3.63636363636364
42,10,4,3,4,3.66666666666667,5,4,4,5,5,5,5,5,5,5,5,4.33333333333333,5,5,4.77777777777778,0,32,2,4,4,4,4,3,3,4,3,4,4,3,3.63636363636364
43,1,5,5,5,5,5,5,5,5,5,5,6,6,5,5,6,5,5,5.6,5.2,1,37,3,4,3,4,3,4,4,4,4,4,4,4,3.81818181818182
43,2,4,4,4,4,5,5,5,5,5,5,6,6,5,5,6,5,5,5.6,5.2,1,37,3,4,3,4,3,4,4,4,4,4,4,4,3.81818181818182
43,3,5,5,6,5.33333333333333,5,5,5,5,5,5,6,6,5,5,6,5,5,5.6,5.2,1,37,3,4,3,4,3,4,4,4,4,4,4,4,3.81818181818182
43,4,3,4,4,3.66666666666667,5,5,5,5,5,5,6,6,5,5,6,5,5,5.6,5.2,1,37,3,4,3,4,3,4,4,4,4,4,4,4,3.81818181818182
43,5,5,5,5,5,5,5,5,5,5,5,6,6,5,5,6,5,5,5.6,5.2,1,37,3,4,3,4,3,4,4,4,4,4,4,4,3.81818181818182
43,6,4,5,4,4.33333333333333,5,5,5,5,5,5,6,6,5,5,6,5,5,5.6,5.2,1,37,3,4,3,4,3,4,4,4,4,4,4,4,3.81818181818182
43,7,4,4,4,4,5,5,5,5,5,5,6,6,5,5,6,5,5,5.6,5.2,1,37,3,4,3,4,3,4,4,4,4,4,4,4,3.81818181818182
43,8,4,4,4,4,5,5,5,5,5,5,6,6,5,5,6,5,5,5.6,5.2,1,37,3,4,3,4,3,4,4,4,4,4,4,4,3.81818181818182
43,9,5,4,4,4.33333333333333,5,5,5,5,5,5,6,6,5,5,6,5,5,5.6,5.2,1,37,3,4,3,4,3,4,4,4,4,4,4,4,3.81818181818182
43,10,3,4,3,3.33333333333333,5,5,5,5,5,5,6,6,5,5,6,5,5,5.6,5.2,1,37,3,4,3,4,3,4,4,4,4,4,4,4,3.81818181818182
44,1,4,4,4,4,4,4,4,5,5,5,6,5,5,5,5,4,5,5.2,4.73333333333333,0,38,6,4,4,4,4,3,4,4,4,4,3,4,3.81818181818182
44,2,4,4,3,3.66666666666667,4,4,4,5,5,5,6,5,5,5,5,4,5,5.2,4.73333333333333,0,38,6,4,4,4,4,3,4,4,4,4,3,4,3.81818181818182
44,3,5,4,4,4.33333333333333,4,4,4,5,5,5,6,5,5,5,5,4,5,5.2,4.73333333333333,0,38,6,4,4,4,4,3,4,4,4,4,3,4,3.81818181818182
44,4,5,4,5,4.66666666666667,4,4,4,5,5,5,6,5,5,5,5,4,5,5.2,4.73333333333333,0,38,6,4,4,4,4,3,4,4,4,4,3,4,3.81818181818182
44,5,6,5,5,5.33333333333333,4,4,4,5,5,5,6,5,5,5,5,4,5,5.2,4.73333333333333,0,38,6,4,4,4,4,3,4,4,4,4,3,4,3.81818181818182
44,6,5,6,5,5.33333333333333,4,4,4,5,5,5,6,5,5,5,5,4,5,5.2,4.73333333333333,0,38,6,4,4,4,4,3,4,4,4,4,3,4,3.81818181818182
44,7,5,5,5,5,4,4,4,5,5,5,6,5,5,5,5,4,5,5.2,4.73333333333333,0,38,6,4,4,4,4,3,4,4,4,4,3,4,3.81818181818182
44,8,6,6,5,5.66666666666667,4,4,4,5,5,5,6,5,5,5,5,4,5,5.2,4.73333333333333,0,38,6,4,4,4,4,3,4,4,4,4,3,4,3.81818181818182
44,9,5,5,5,5,4,4,4,5,5,5,6,5,5,5,5,4,5,5.2,4.73333333333333,0,38,6,4,4,4,4,3,4,4,4,4,3,4,3.81818181818182
44,10,4,5,4,4.33333333333333,4,4,4,5,5,5,6,5,5,5,5,4,5,5.2,4.73333333333333,0,38,6,4,4,4,4,3,4,4,4,4,3,4,3.81818181818182
45,1,5,5,4,4.66666666666667,4,4,5,5,6,4,6,6,5,5,5,4.33333333333333,5,5.4,4.91111111111111,1,36,2,4,4,3,4,3,3,3,3,4,4,4,3.54545454545455
45,2,5,5,5,5,4,4,5,5,6,4,6,6,5,5,5,4.33333333333333,5,5.4,4.91111111111111,1,36,2,4,4,3,4,3,3,3,3,4,4,4,3.54545454545455
45,3,5,5,6,5.33333333333333,4,4,5,5,6,4,6,6,5,5,5,4.33333333333333,5,5.4,4.91111111111111,1,36,2,4,4,3,4,3,3,3,3,4,4,4,3.54545454545455
45,4,5,4,5,4.66666666666667,4,4,5,5,6,4,6,6,5,5,5,4.33333333333333,5,5.4,4.91111111111111,1,36,2,4,4,3,4,3,3,3,3,4,4,4,3.54545454545455
45,5,5,4,4,4.33333333333333,4,4,5,5,6,4,6,6,5,5,5,4.33333333333333,5,5.4,4.91111111111111,1,36,2,4,4,3,4,3,3,3,3,4,4,4,3.54545454545455
45,6,5,6,5,5.33333333333333,4,4,5,5,6,4,6,6,5,5,5,4.33333333333333,5,5.4,4.91111111111111,1,36,2,4,4,3,4,3,3,3,3,4,4,4,3.54545454545455
45,7,4,3,4,3.66666666666667,4,4,5,5,6,4,6,6,5,5,5,4.33333333333333,5,5.4,4.91111111111111,1,36,2,4,4,3,4,3,3,3,3,4,4,4,3.54545454545455
45,8,3,3,4,3.33333333333333,4,4,5,5,6,4,6,6,5,5,5,4.33333333333333,5,5.4,4.91111111111111,1,36,2,4,4,3,4,3,3,3,3,4,4,4,3.54545454545455
45,9,5,5,5,5,4,4,5,5,6,4,6,6,5,5,5,4.33333333333333,5,5.4,4.91111111111111,1,36,2,4,4,3,4,3,3,3,3,4,4,4,3.54545454545455
45,10,5,5,5,5,4,4,5,5,6,4,6,6,5,5,5,4.33333333333333,5,5.4,4.91111111111111,1,36,2,4,4,3,4,3,3,3,3,4,4,4,3.54545454545455
46,1,4,4,3,3.66666666666667,5,4,5,5,4,5,5,5,6,5,5,4.66666666666667,4.66666666666667,5.2,4.84444444444444,1,34,6,4,3,4,4,3,3,3,3,4,4,4,3.54545454545455
46,2,5,4,5,4.66666666666667,5,4,5,5,4,5,5,5,6,5,5,4.66666666666667,4.66666666666667,5.2,4.84444444444444,1,34,6,4,3,4,4,3,3,3,3,4,4,4,3.54545454545455
46,3,5,5,5,5,5,4,5,5,4,5,5,5,6,5,5,4.66666666666667,4.66666666666667,5.2,4.84444444444444,1,34,6,4,3,4,4,3,3,3,3,4,4,4,3.54545454545455
46,4,4,4,5,4.33333333333333,5,4,5,5,4,5,5,5,6,5,5,4.66666666666667,4.66666666666667,5.2,4.84444444444444,1,34,6,4,3,4,4,3,3,3,3,4,4,4,3.54545454545455
46,5,4,4,5,4.33333333333333,5,4,5,5,4,5,5,5,6,5,5,4.66666666666667,4.66666666666667,5.2,4.84444444444444,1,34,6,4,3,4,4,3,3,3,3,4,4,4,3.54545454545455
46,6,5,5,5,5,5,4,5,5,4,5,5,5,6,5,5,4.66666666666667,4.66666666666667,5.2,4.84444444444444,1,34,6,4,3,4,4,3,3,3,3,4,4,4,3.54545454545455
46,7,4,4,5,4.33333333333333,5,4,5,5,4,5,5,5,6,5,5,4.66666666666667,4.66666666666667,5.2,4.84444444444444,1,34,6,4,3,4,4,3,3,3,3,4,4,4,3.54545454545455
46,8,4,5,5,4.66666666666667,5,4,5,5,4,5,5,5,6,5,5,4.66666666666667,4.66666666666667,5.2,4.84444444444444,1,34,6,4,3,4,4,3,3,3,3,4,4,4,3.54545454545455
46,9,5,5,5,5,5,4,5,5,4,5,5,5,6,5,5,4.66666666666667,4.66666666666667,5.2,4.84444444444444,1,34,6,4,3,4,4,3,3,3,3,4,4,4,3.54545454545455
46,10,5,5,5,5,5,4,5,5,4,5,5,5,6,5,5,4.66666666666667,4.66666666666667,5.2,4.84444444444444,1,34,6,4,3,4,4,3,3,3,3,4,4,4,3.54545454545455
47,1,5,5,5,5,4,4,4,6,5,5,5,5,5,6,5,4,5.33333333333333,5.2,4.84444444444444,1,36,5,3,4,4,3,4,4,4,4,4,3,4,3.72727272727273
47,2,5,5,5,5,4,4,4,6,5,5,5,5,5,6,5,4,5.33333333333333,5.2,4.84444444444444,1,36,5,3,4,4,3,4,4,4,4,4,3,4,3.72727272727273
47,3,4,5,4,4.33333333333333,4,4,4,6,5,5,5,5,5,6,5,4,5.33333333333333,5.2,4.84444444444444,1,36,5,3,4,4,3,4,4,4,4,4,3,4,3.72727272727273
47,4,4,4,5,4.33333333333333,4,4,4,6,5,5,5,5,5,6,5,4,5.33333333333333,5.2,4.84444444444444,1,36,5,3,4,4,3,4,4,4,4,4,3,4,3.72727272727273
47,5,4,3,4,3.66666666666667,4,4,4,6,5,5,5,5,5,6,5,4,5.33333333333333,5.2,4.84444444444444,1,36,5,3,4,4,3,4,4,4,4,4,3,4,3.72727272727273
47,6,5,5,5,5,4,4,4,6,5,5,5,5,5,6,5,4,5.33333333333333,5.2,4.84444444444444,1,36,5,3,4,4,3,4,4,4,4,4,3,4,3.72727272727273
47,7,5,5,5,5,4,4,4,6,5,5,5,5,5,6,5,4,5.33333333333333,5.2,4.84444444444444,1,36,5,3,4,4,3,4,4,4,4,4,3,4,3.72727272727273
47,8,4,4,4,4,4,4,4,6,5,5,5,5,5,6,5,4,5.33333333333333,5.2,4.84444444444444,1,36,5,3,4,4,3,4,4,4,4,4,3,4,3.72727272727273
47,9,4,4,4,4,4,4,4,6,5,5,5,5,5,6,5,4,5.33333333333333,5.2,4.84444444444444,1,36,5,3,4,4,3,4,4,4,4,4,3,4,3.72727272727273
47,10,5,5,5,5,4,4,4,6,5,5,5,5,5,6,5,4,5.33333333333333,5.2,4.84444444444444,1,36,5,3,4,4,3,4,4,4,4,4,3,4,3.72727272727273
48,1,5,5,5,5,4,4,4,4,3,3,5,6,5,6,5,4,3.33333333333333,5.4,4.24444444444444,1,26,5,4,4,3,3,4,4,4,3,4,4,3,3.63636363636364
48,2,6,5,6,5.66666666666667,4,4,4,4,3,3,5,6,5,6,5,4,3.33333333333333,5.4,4.24444444444444,1,26,5,4,4,3,3,4,4,4,3,4,4,3,3.63636363636364
48,3,5,5,5,5,4,4,4,4,3,3,5,6,5,6,5,4,3.33333333333333,5.4,4.24444444444444,1,26,5,4,4,3,3,4,4,4,3,4,4,3,3.63636363636364
48,4,4,5,5,4.66666666666667,4,4,4,4,3,3,5,6,5,6,5,4,3.33333333333333,5.4,4.24444444444444,1,26,5,4,4,3,3,4,4,4,3,4,4,3,3.63636363636364
48,5,4,4,4,4,4,4,4,4,3,3,5,6,5,6,5,4,3.33333333333333,5.4,4.24444444444444,1,26,5,4,4,3,3,4,4,4,3,4,4,3,3.63636363636364
48,6,4,3,4,3.66666666666667,4,4,4,4,3,3,5,6,5,6,5,4,3.33333333333333,5.4,4.24444444444444,1,26,5,4,4,3,3,4,4,4,3,4,4,3,3.63636363636364
48,7,4,4,4,4,4,4,4,4,3,3,5,6,5,6,5,4,3.33333333333333,5.4,4.24444444444444,1,26,5,4,4,3,3,4,4,4,3,4,4,3,3.63636363636364
48,8,5,5,5,5,4,4,4,4,3,3,5,6,5,6,5,4,3.33333333333333,5.4,4.24444444444444,1,26,5,4,4,3,3,4,4,4,3,4,4,3,3.63636363636364
48,9,5,5,6,5.33333333333333,4,4,4,4,3,3,5,6,5,6,5,4,3.33333333333333,5.4,4.24444444444444,1,26,5,4,4,3,3,4,4,4,3,4,4,3,3.63636363636364
48,10,5,5,6,5.33333333333333,4,4,4,4,3,3,5,6,5,6,5,4,3.33333333333333,5.4,4.24444444444444,1,26,5,4,4,3,3,4,4,4,3,4,4,3,3.63636363636364
49,1,6,5,5,5.33333333333333,6,5,5,4,3,4,5,5,4,4,6,5.33333333333333,3.66666666666667,4.8,4.6,0,25,6,5,4,4,4,4,4,5,4,5,4,5,4.36363636363636
49,2,4,4,4,4,6,5,5,4,3,4,5,5,4,4,6,5.33333333333333,3.66666666666667,4.8,4.6,0,25,6,5,4,4,4,4,4,5,4,5,4,5,4.36363636363636
49,3,4,4,4,4,6,5,5,4,3,4,5,5,4,4,6,5.33333333333333,3.66666666666667,4.8,4.6,0,25,6,5,4,4,4,4,4,5,4,5,4,5,4.36363636363636
49,4,4,4,4,4,6,5,5,4,3,4,5,5,4,4,6,5.33333333333333,3.66666666666667,4.8,4.6,0,25,6,5,4,4,4,4,4,5,4,5,4,5,4.36363636363636
49,5,3,4,4,3.66666666666667,6,5,5,4,3,4,5,5,4,4,6,5.33333333333333,3.66666666666667,4.8,4.6,0,25,6,5,4,4,4,4,4,5,4,5,4,5,4.36363636363636
49,6,4,3,3,3.33333333333333,6,5,5,4,3,4,5,5,4,4,6,5.33333333333333,3.66666666666667,4.8,4.6,0,25,6,5,4,4,4,4,4,5,4,5,4,5,4.36363636363636
49,7,5,5,5,5,6,5,5,4,3,4,5,5,4,4,6,5.33333333333333,3.66666666666667,4.8,4.6,0,25,6,5,4,4,4,4,4,5,4,5,4,5,4.36363636363636
49,8,4,5,5,4.66666666666667,6,5,5,4,3,4,5,5,4,4,6,5.33333333333333,3.66666666666667,4.8,4.6,0,25,6,5,4,4,4,4,4,5,4,5,4,5,4.36363636363636
49,9,5,5,5,5,6,5,5,4,3,4,5,5,4,4,6,5.33333333333333,3.66666666666667,4.8,4.6,0,25,6,5,4,4,4,4,4,5,4,5,4,5,4.36363636363636
49,10,4,4,4,4,6,5,5,4,3,4,5,5,4,4,6,5.33333333333333,3.66666666666667,4.8,4.6,0,25,6,5,4,4,4,4,4,5,4,5,4,5,4.36363636363636
50,1,4,4,5,4.33333333333333,5,5,5,4,3,4,3,3,4,3,4,5,3.66666666666667,3.4,4.02222222222222,1,27,7,5,4,5,5,4,5,4,5,4,4,4,4.45454545454545
50,2,5,5,5,5,5,5,5,4,3,4,3,3,4,3,4,5,3.66666666666667,3.4,4.02222222222222,1,27,7,5,4,5,5,4,5,4,5,4,4,4,4.45454545454545
50,3,5,5,5,5,5,5,5,4,3,4,3,3,4,3,4,5,3.66666666666667,3.4,4.02222222222222,1,27,7,5,4,5,5,4,5,4,5,4,4,4,4.45454545454545
50,4,4,3,4,3.66666666666667,5,5,5,4,3,4,3,3,4,3,4,5,3.66666666666667,3.4,4.02222222222222,1,27,7,5,4,5,5,4,5,4,5,4,4,4,4.45454545454545
50,5,5,5,6,5.33333333333333,5,5,5,4,3,4,3,3,4,3,4,5,3.66666666666667,3.4,4.02222222222222,1,27,7,5,4,5,5,4,5,4,5,4,4,4,4.45454545454545
50,6,5,5,6,5.33333333333333,5,5,5,4,3,4,3,3,4,3,4,5,3.66666666666667,3.4,4.02222222222222,1,27,7,5,4,5,5,4,5,4,5,4,4,4,4.45454545454545
50,7,5,5,5,5,5,5,5,4,3,4,3,3,4,3,4,5,3.66666666666667,3.4,4.02222222222222,1,27,7,5,4,5,5,4,5,4,5,4,4,4,4.45454545454545
50,8,4,3,3,3.33333333333333,5,5,5,4,3,4,3,3,4,3,4,5,3.66666666666667,3.4,4.02222222222222,1,27,7,5,4,5,5,4,5,4,5,4,4,4,4.45454545454545
50,9,4,4,3,3.66666666666667,5,5,5,4,3,4,3,3,4,3,4,5,3.66666666666667,3.4,4.02222222222222,1,27,7,5,4,5,5,4,5,4,5,4,4,4,4.45454545454545
50,10,4,4,4,4,5,5,5,4,3,4,3,3,4,3,4,5,3.66666666666667,3.4,4.02222222222222,1,27,7,5,4,5,5,4,5,4,5,4,4,4,4.45454545454545
51,1,5,5,5,5,5,5,5,4,3,4,4,4,4,3,4,5,3.66666666666667,3.8,4.15555555555556,0,35,4,4,4,5,4,5,5,4,5,5,4,5,4.54545454545455
51,2,5,5,5,5,5,5,5,4,3,4,4,4,4,3,4,5,3.66666666666667,3.8,4.15555555555556,0,35,4,4,4,5,4,5,5,4,5,5,4,5,4.54545454545455
51,3,5,5,5,5,5,5,5,4,3,4,4,4,4,3,4,5,3.66666666666667,3.8,4.15555555555556,0,35,4,4,4,5,4,5,5,4,5,5,4,5,4.54545454545455
51,4,6,6,5,5.66666666666667,5,5,5,4,3,4,4,4,4,3,4,5,3.66666666666667,3.8,4.15555555555556,0,35,4,4,4,5,4,5,5,4,5,5,4,5,4.54545454545455
51,5,5,6,5,5.33333333333333,5,5,5,4,3,4,4,4,4,3,4,5,3.66666666666667,3.8,4.15555555555556,0,35,4,4,4,5,4,5,5,4,5,5,4,5,4.54545454545455
51,6,5,5,5,5,5,5,5,4,3,4,4,4,4,3,4,5,3.66666666666667,3.8,4.15555555555556,0,35,4,4,4,5,4,5,5,4,5,5,4,5,4.54545454545455
51,7,4,3,4,3.66666666666667,5,5,5,4,3,4,4,4,4,3,4,5,3.66666666666667,3.8,4.15555555555556,0,35,4,4,4,5,4,5,5,4,5,5,4,5,4.54545454545455
51,8,4,3,4,3.66666666666667,5,5,5,4,3,4,4,4,4,3,4,5,3.66666666666667,3.8,4.15555555555556,0,35,4,4,4,5,4,5,5,4,5,5,4,5,4.54545454545455
51,9,3,4,4,3.66666666666667,5,5,5,4,3,4,4,4,4,3,4,5,3.66666666666667,3.8,4.15555555555556,0,35,4,4,4,5,4,5,5,4,5,5,4,5,4.54545454545455
51,10,4,3,4,3.66666666666667,5,5,5,4,3,4,4,4,4,3,4,5,3.66666666666667,3.8,4.15555555555556,0,35,4,4,4,5,4,5,5,4,5,5,4,5,4.54545454545455
52,1,5,4,5,4.66666666666667,5,5,5,4,3,4,4,4,4,4,4,5,3.66666666666667,4,4.22222222222222,1,32,5,5,5,5,4,4,5,5,5,5,5,5,4.81818181818182
52,2,4,4,5,4.33333333333333,5,5,5,4,3,4,4,4,4,4,4,5,3.66666666666667,4,4.22222222222222,1,32,5,5,5,5,4,4,5,5,5,5,5,5,4.81818181818182
52,3,4,5,4,4.33333333333333,5,5,5,4,3,4,4,4,4,4,4,5,3.66666666666667,4,4.22222222222222,1,32,5,5,5,5,4,4,5,5,5,5,5,5,4.81818181818182
52,4,4,4,4,4,5,5,5,4,3,4,4,4,4,4,4,5,3.66666666666667,4,4.22222222222222,1,32,5,5,5,5,4,4,5,5,5,5,5,5,4.81818181818182
52,5,5,4,4,4.33333333333333,5,5,5,4,3,4,4,4,4,4,4,5,3.66666666666667,4,4.22222222222222,1,32,5,5,5,5,4,4,5,5,5,5,5,5,4.81818181818182
52,6,5,5,5,5,5,5,5,4,3,4,4,4,4,4,4,5,3.66666666666667,4,4.22222222222222,1,32,5,5,5,5,4,4,5,5,5,5,5,5,4.81818181818182
52,7,5,5,6,5.33333333333333,5,5,5,4,3,4,4,4,4,4,4,5,3.66666666666667,4,4.22222222222222,1,32,5,5,5,5,4,4,5,5,5,5,5,5,4.81818181818182
52,8,5,4,4,4.33333333333333,5,5,5,4,3,4,4,4,4,4,4,5,3.66666666666667,4,4.22222222222222,1,32,5,5,5,5,4,4,5,5,5,5,5,5,4.81818181818182
52,9,5,4,4,4.33333333333333,5,5,5,4,3,4,4,4,4,4,4,5,3.66666666666667,4,4.22222222222222,1,32,5,5,5,5,4,4,5,5,5,5,5,5,4.81818181818182
52,10,5,6,5,5.33333333333333,5,5,5,4,3,4,4,4,4,4,4,5,3.66666666666667,4,4.22222222222222,1,32,5,5,5,5,4,4,5,5,5,5,5,5,4.81818181818182
53,1,5,4,5,4.66666666666667,5,5,5,5,4,4,3,3,4,3,4,5,4.33333333333333,3.4,4.24444444444444,0,32,5,5,4,4,5,5,5,5,4,4,4,4,4.45454545454545
53,2,4,4,4,4,5,5,5,5,4,4,3,3,4,3,4,5,4.33333333333333,3.4,4.24444444444444,0,32,5,5,4,4,5,5,5,5,4,4,4,4,4.45454545454545
53,3,3,3,4,3.33333333333333,5,5,5,5,4,4,3,3,4,3,4,5,4.33333333333333,3.4,4.24444444444444,0,32,5,5,4,4,5,5,5,5,4,4,4,4,4.45454545454545
53,4,4,4,3,3.66666666666667,5,5,5,5,4,4,3,3,4,3,4,5,4.33333333333333,3.4,4.24444444444444,0,32,5,5,4,4,5,5,5,5,4,4,4,4,4.45454545454545
53,5,5,5,5,5,5,5,5,5,4,4,3,3,4,3,4,5,4.33333333333333,3.4,4.24444444444444,0,32,5,5,4,4,5,5,5,5,4,4,4,4,4.45454545454545
53,6,5,5,5,5,5,5,5,5,4,4,3,3,4,3,4,5,4.33333333333333,3.4,4.24444444444444,0,32,5,5,4,4,5,5,5,5,4,4,4,4,4.45454545454545
53,7,5,5,5,5,5,5,5,5,4,4,3,3,4,3,4,5,4.33333333333333,3.4,4.24444444444444,0,32,5,5,4,4,5,5,5,5,4,4,4,4,4.45454545454545
53,8,5,5,5,5,5,5,5,5,4,4,3,3,4,3,4,5,4.33333333333333,3.4,4.24444444444444,0,32,5,5,4,4,5,5,5,5,4,4,4,4,4.45454545454545
53,9,3,4,4,3.66666666666667,5,5,5,5,4,4,3,3,4,3,4,5,4.33333333333333,3.4,4.24444444444444,0,32,5,5,4,4,5,5,5,5,4,4,4,4,4.45454545454545
53,10,4,4,4,4,5,5,5,5,4,4,3,3,4,3,4,5,4.33333333333333,3.4,4.24444444444444,0,32,5,5,4,4,5,5,5,5,4,4,4,4,4.45454545454545
54,1,4,3,3,3.33333333333333,5,5,5,5,4,5,3,4,4,4,3,5,4.66666666666667,3.6,4.42222222222222,0,33,4,5,4,4,5,4,5,4,5,4,4,4,4.36363636363636
54,2,4,5,4,4.33333333333333,5,5,5,5,4,5,3,4,4,4,3,5,4.66666666666667,3.6,4.42222222222222,0,33,4,5,4,4,5,4,5,4,5,4,4,4,4.36363636363636
54,3,4,4,4,4,5,5,5,5,4,5,3,4,4,4,3,5,4.66666666666667,3.6,4.42222222222222,0,33,4,5,4,4,5,4,5,4,5,4,4,4,4.36363636363636
54,4,3,4,4,3.66666666666667,5,5,5,5,4,5,3,4,4,4,3,5,4.66666666666667,3.6,4.42222222222222,0,33,4,5,4,4,5,4,5,4,5,4,4,4,4.36363636363636
54,5,4,4,5,4.33333333333333,5,5,5,5,4,5,3,4,4,4,3,5,4.66666666666667,3.6,4.42222222222222,0,33,4,5,4,4,5,4,5,4,5,4,4,4,4.36363636363636
54,6,5,5,5,5,5,5,5,5,4,5,3,4,4,4,3,5,4.66666666666667,3.6,4.42222222222222,0,33,4,5,4,4,5,4,5,4,5,4,4,4,4.36363636363636
54,7,5,6,5,5.33333333333333,5,5,5,5,4,5,3,4,4,4,3,5,4.66666666666667,3.6,4.42222222222222,0,33,4,5,4,4,5,4,5,4,5,4,4,4,4.36363636363636
54,8,4,4,4,4,5,5,5,5,4,5,3,4,4,4,3,5,4.66666666666667,3.6,4.42222222222222,0,33,4,5,4,4,5,4,5,4,5,4,4,4,4.36363636363636
54,9,4,5,5,4.66666666666667,5,5,5,5,4,5,3,4,4,4,3,5,4.66666666666667,3.6,4.42222222222222,0,33,4,5,4,4,5,4,5,4,5,4,4,4,4.36363636363636
54,10,4,5,4,4.33333333333333,5,5,5,5,4,5,3,4,4,4,3,5,4.66666666666667,3.6,4.42222222222222,0,33,4,5,4,4,5,4,5,4,5,4,4,4,4.36363636363636
55,1,6,6,5,5.66666666666667,5,5,5,5,4,4,4,3,4,4,4,5,4.33333333333333,3.8,4.37777777777778,0,26,4,5,5,5,5,5,4,4,4,4,4,4,4.45454545454545
55,2,3,3,4,3.33333333333333,5,5,5,5,4,4,4,3,4,4,4,5,4.33333333333333,3.8,4.37777777777778,0,26,4,5,5,5,5,5,4,4,4,4,4,4,4.45454545454545
55,3,3,3,4,3.33333333333333,5,5,5,5,4,4,4,3,4,4,4,5,4.33333333333333,3.8,4.37777777777778,0,26,4,5,5,5,5,5,4,4,4,4,4,4,4.45454545454545
55,4,4,5,4,4.33333333333333,5,5,5,5,4,4,4,3,4,4,4,5,4.33333333333333,3.8,4.37777777777778,0,26,4,5,5,5,5,5,4,4,4,4,4,4,4.45454545454545
55,5,4,5,4,4.33333333333333,5,5,5,5,4,4,4,3,4,4,4,5,4.33333333333333,3.8,4.37777777777778,0,26,4,5,5,5,5,5,4,4,4,4,4,4,4.45454545454545
55,6,5,5,5,5,5,5,5,5,4,4,4,3,4,4,4,5,4.33333333333333,3.8,4.37777777777778,0,26,4,5,5,5,5,5,4,4,4,4,4,4,4.45454545454545
55,7,5,5,5,5,5,5,5,5,4,4,4,3,4,4,4,5,4.33333333333333,3.8,4.37777777777778,0,26,4,5,5,5,5,5,4,4,4,4,4,4,4.45454545454545
55,8,5,4,5,4.66666666666667,5,5,5,5,4,4,4,3,4,4,4,5,4.33333333333333,3.8,4.37777777777778,0,26,4,5,5,5,5,5,4,4,4,4,4,4,4.45454545454545
55,9,4,4,4,4,5,5,5,5,4,4,4,3,4,4,4,5,4.33333333333333,3.8,4.37777777777778,0,26,4,5,5,5,5,5,4,4,4,4,4,4,4.45454545454545
55,10,3,4,4,3.66666666666667,5,5,5,5,4,4,4,3,4,4,4,5,4.33333333333333,3.8,4.37777777777778,0,26,4,5,5,5,5,5,4,4,4,4,4,4,4.45454545454545
56,1,4,4,4,4,5,5,6,4,5,5,4,4,4,3,4,5.33333333333333,4.66666666666667,3.8,4.6,0,30,2,4,4,4,4,5,4,5,5,5,4,4,4.36363636363636
56,2,5,4,5,4.66666666666667,5,5,6,4,5,5,4,4,4,3,4,5.33333333333333,4.66666666666667,3.8,4.6,0,30,2,4,4,4,4,5,4,5,5,5,4,4,4.36363636363636
56,3,4,5,4,4.33333333333333,5,5,6,4,5,5,4,4,4,3,4,5.33333333333333,4.66666666666667,3.8,4.6,0,30,2,4,4,4,4,5,4,5,5,5,4,4,4.36363636363636
56,4,5,5,6,5.33333333333333,5,5,6,4,5,5,4,4,4,3,4,5.33333333333333,4.66666666666667,3.8,4.6,0,30,2,4,4,4,4,5,4,5,5,5,4,4,4.36363636363636
56,5,5,5,6,5.33333333333333,5,5,6,4,5,5,4,4,4,3,4,5.33333333333333,4.66666666666667,3.8,4.6,0,30,2,4,4,4,4,5,4,5,5,5,4,4,4.36363636363636
56,6,4,4,3,3.66666666666667,5,5,6,4,5,5,4,4,4,3,4,5.33333333333333,4.66666666666667,3.8,4.6,0,30,2,4,4,4,4,5,4,5,5,5,4,4,4.36363636363636
56,7,5,5,5,5,5,5,6,4,5,5,4,4,4,3,4,5.33333333333333,4.66666666666667,3.8,4.6,0,30,2,4,4,4,4,5,4,5,5,5,4,4,4.36363636363636
56,8,4,4,4,4,5,5,6,4,5,5,4,4,4,3,4,5.33333333333333,4.66666666666667,3.8,4.6,0,30,2,4,4,4,4,5,4,5,5,5,4,4,4.36363636363636
56,9,4,4,4,4,5,5,6,4,5,5,4,4,4,3,4,5.33333333333333,4.66666666666667,3.8,4.6,0,30,2,4,4,4,4,5,4,5,5,5,4,4,4.36363636363636
56,10,4,3,3,3.33333333333333,5,5,6,4,5,5,4,4,4,3,4,5.33333333333333,4.66666666666667,3.8,4.6,0,30,2,4,4,4,4,5,4,5,5,5,4,4,4.36363636363636
57,1,5,4,5,4.66666666666667,5,5,5,5,4,5,5,5,5,5,4,5,4.66666666666667,4.8,4.82222222222222,0,30,6,5,5,4,4,4,5,4,5,5,5,5,4.63636363636364
57,2,4,5,5,4.66666666666667,5,5,5,5,4,5,5,5,5,5,4,5,4.66666666666667,4.8,4.82222222222222,0,30,6,5,5,4,4,4,5,4,5,5,5,5,4.63636363636364
57,3,5,5,5,5,5,5,5,5,4,5,5,5,5,5,4,5,4.66666666666667,4.8,4.82222222222222,0,30,6,5,5,4,4,4,5,4,5,5,5,5,4.63636363636364
57,4,6,6,5,5.66666666666667,5,5,5,5,4,5,5,5,5,5,4,5,4.66666666666667,4.8,4.82222222222222,0,30,6,5,5,4,4,4,5,4,5,5,5,5,4.63636363636364
57,5,4,5,4,4.33333333333333,5,5,5,5,4,5,5,5,5,5,4,5,4.66666666666667,4.8,4.82222222222222,0,30,6,5,5,4,4,4,5,4,5,5,5,5,4.63636363636364
57,6,3,4,4,3.66666666666667,5,5,5,5,4,5,5,5,5,5,4,5,4.66666666666667,4.8,4.82222222222222,0,30,6,5,5,4,4,4,5,4,5,5,5,5,4.63636363636364
57,7,4,4,4,4,5,5,5,5,4,5,5,5,5,5,4,5,4.66666666666667,4.8,4.82222222222222,0,30,6,5,5,4,4,4,5,4,5,5,5,5,4.63636363636364
57,8,4,4,4,4,5,5,5,5,4,5,5,5,5,5,4,5,4.66666666666667,4.8,4.82222222222222,0,30,6,5,5,4,4,4,5,4,5,5,5,5,4.63636363636364
57,9,4,4,4,4,5,5,5,5,4,5,5,5,5,5,4,5,4.66666666666667,4.8,4.82222222222222,0,30,6,5,5,4,4,4,5,4,5,5,5,5,4.63636363636364
57,10,3,4,3,3.33333333333333,5,5,5,5,4,5,5,5,5,5,4,5,4.66666666666667,4.8,4.82222222222222,0,30,6,5,5,4,4,4,5,4,5,5,5,5,4.63636363636364
58,1,4,4,4,4,5,5,6,5,4,5,4,5,5,4,5,5.33333333333333,4.66666666666667,4.6,4.86666666666667,0,37,2,4,4,4,5,4,5,4,5,5,4,4,4.36363636363636
58,2,5,4,4,4.33333333333333,5,5,6,5,4,5,4,5,5,4,5,5.33333333333333,4.66666666666667,4.6,4.86666666666667,0,37,2,4,4,4,5,4,5,4,5,5,4,4,4.36363636363636
58,3,6,5,5,5.33333333333333,5,5,6,5,4,5,4,5,5,4,5,5.33333333333333,4.66666666666667,4.6,4.86666666666667,0,37,2,4,4,4,5,4,5,4,5,5,4,4,4.36363636363636
58,4,5,5,5,5,5,5,6,5,4,5,4,5,5,4,5,5.33333333333333,4.66666666666667,4.6,4.86666666666667,0,37,2,4,4,4,5,4,5,4,5,5,4,4,4.36363636363636
58,5,4,4,4,4,5,5,6,5,4,5,4,5,5,4,5,5.33333333333333,4.66666666666667,4.6,4.86666666666667,0,37,2,4,4,4,5,4,5,4,5,5,4,4,4.36363636363636
58,6,3,4,4,3.66666666666667,5,5,6,5,4,5,4,5,5,4,5,5.33333333333333,4.66666666666667,4.6,4.86666666666667,0,37,2,4,4,4,5,4,5,4,5,5,4,4,4.36363636363636
58,7,3,3,3,3,5,5,6,5,4,5,4,5,5,4,5,5.33333333333333,4.66666666666667,4.6,4.86666666666667,0,37,2,4,4,4,5,4,5,4,5,5,4,4,4.36363636363636
58,8,4,4,3,3.66666666666667,5,5,6,5,4,5,4,5,5,4,5,5.33333333333333,4.66666666666667,4.6,4.86666666666667,0,37,2,4,4,4,5,4,5,4,5,5,4,4,4.36363636363636
58,9,4,4,4,4,5,5,6,5,4,5,4,5,5,4,5,5.33333333333333,4.66666666666667,4.6,4.86666666666667,0,37,2,4,4,4,5,4,5,4,5,5,4,4,4.36363636363636
58,10,4,4,5,4.33333333333333,5,5,6,5,4,5,4,5,5,4,5,5.33333333333333,4.66666666666667,4.6,4.86666666666667,0,37,2,4,4,4,5,4,5,4,5,5,4,4,4.36363636363636
59,1,4,5,5,4.66666666666667,5,5,5,4,5,5,4,5,5,5,4,5,4.66666666666667,4.6,4.75555555555556,0,33,7,4,5,4,4,4,5,5,5,4,4,5,4.45454545454545
59,2,4,4,4,4,5,5,5,4,5,5,4,5,5,5,4,5,4.66666666666667,4.6,4.75555555555556,0,33,7,4,5,4,4,4,5,5,5,4,4,5,4.45454545454545
59,3,5,5,6,5.33333333333333,5,5,5,4,5,5,4,5,5,5,4,5,4.66666666666667,4.6,4.75555555555556,0,33,7,4,5,4,4,4,5,5,5,4,4,5,4.45454545454545
59,4,6,6,5,5.66666666666667,5,5,5,4,5,5,4,5,5,5,4,5,4.66666666666667,4.6,4.75555555555556,0,33,7,4,5,4,4,4,5,5,5,4,4,5,4.45454545454545
59,5,5,6,6,5.66666666666667,5,5,5,4,5,5,4,5,5,5,4,5,4.66666666666667,4.6,4.75555555555556,0,33,7,4,5,4,4,4,5,5,5,4,4,5,4.45454545454545
59,6,4,4,4,4,5,5,5,4,5,5,4,5,5,5,4,5,4.66666666666667,4.6,4.75555555555556,0,33,7,4,5,4,4,4,5,5,5,4,4,5,4.45454545454545
59,7,4,4,5,4.33333333333333,5,5,5,4,5,5,4,5,5,5,4,5,4.66666666666667,4.6,4.75555555555556,0,33,7,4,5,4,4,4,5,5,5,4,4,5,4.45454545454545
59,8,3,4,4,3.66666666666667,5,5,5,4,5,5,4,5,5,5,4,5,4.66666666666667,4.6,4.75555555555556,0,33,7,4,5,4,4,4,5,5,5,4,4,5,4.45454545454545
59,9,4,3,4,3.66666666666667,5,5,5,4,5,5,4,5,5,5,4,5,4.66666666666667,4.6,4.75555555555556,0,33,7,4,5,4,4,4,5,5,5,4,4,5,4.45454545454545
59,10,4,3,4,3.66666666666667,5,5,5,4,5,5,4,5,5,5,4,5,4.66666666666667,4.6,4.75555555555556,0,33,7,4,5,4,4,4,5,5,5,4,4,5,4.45454545454545
60,1,3,4,4,3.66666666666667,5,5,5,5,4,4,4,4,4,4,4,5,4.33333333333333,4,4.44444444444444,0,25,5,4,5,4,4,4,5,5,4,4,4,4,4.27272727272727
60,2,5,6,6,5.66666666666667,5,5,5,5,4,4,4,4,4,4,4,5,4.33333333333333,4,4.44444444444444,0,25,5,4,5,4,4,4,5,5,4,4,4,4,4.27272727272727
60,3,5,5,5,5,5,5,5,5,4,4,4,4,4,4,4,5,4.33333333333333,4,4.44444444444444,0,25,5,4,5,4,4,4,5,5,4,4,4,4,4.27272727272727
60,4,6,6,5,5.66666666666667,5,5,5,5,4,4,4,4,4,4,4,5,4.33333333333333,4,4.44444444444444,0,25,5,4,5,4,4,4,5,5,4,4,4,4,4.27272727272727
60,5,5,4,5,4.66666666666667,5,5,5,5,4,4,4,4,4,4,4,5,4.33333333333333,4,4.44444444444444,0,25,5,4,5,4,4,4,5,5,4,4,4,4,4.27272727272727
60,6,5,5,6,5.33333333333333,5,5,5,5,4,4,4,4,4,4,4,5,4.33333333333333,4,4.44444444444444,0,25,5,4,5,4,4,4,5,5,4,4,4,4,4.27272727272727
60,7,4,4,4,4,5,5,5,5,4,4,4,4,4,4,4,5,4.33333333333333,4,4.44444444444444,0,25,5,4,5,4,4,4,5,5,4,4,4,4,4.27272727272727
60,8,4,4,3,3.66666666666667,5,5,5,5,4,4,4,4,4,4,4,5,4.33333333333333,4,4.44444444444444,0,25,5,4,5,4,4,4,5,5,4,4,4,4,4.27272727272727
60,9,4,4,3,3.66666666666667,5,5,5,5,4,4,4,4,4,4,4,5,4.33333333333333,4,4.44444444444444,0,25,5,4,5,4,4,4,5,5,4,4,4,4,4.27272727272727
60,10,4,4,4,4,5,5,5,5,4,4,4,4,4,4,4,5,4.33333333333333,4,4.44444444444444,0,25,5,4,5,4,4,4,5,5,4,4,4,4,4.27272727272727
61,1,4,3,4,3.66666666666667,5,5,5,4,5,5,4,5,5,4,4,5,4.66666666666667,4.4,4.68888888888889,1,33,3,5,4,5,4,4,5,5,5,5,5,4,4.63636363636364
61,2,4,5,4,4.33333333333333,5,5,5,4,5,5,4,5,5,4,4,5,4.66666666666667,4.4,4.68888888888889,1,33,3,5,4,5,4,4,5,5,5,5,5,4,4.63636363636364
61,3,4,4,4,4,5,5,5,4,5,5,4,5,5,4,4,5,4.66666666666667,4.4,4.68888888888889,1,33,3,5,4,5,4,4,5,5,5,5,5,4,4.63636363636364
61,4,4,5,4,4.33333333333333,5,5,5,4,5,5,4,5,5,4,4,5,4.66666666666667,4.4,4.68888888888889,1,33,3,5,4,5,4,4,5,5,5,5,5,4,4.63636363636364
61,5,4,4,4,4,5,5,5,4,5,5,4,5,5,4,4,5,4.66666666666667,4.4,4.68888888888889,1,33,3,5,4,5,4,4,5,5,5,5,5,4,4.63636363636364
61,6,4,3,3,3.33333333333333,5,5,5,4,5,5,4,5,5,4,4,5,4.66666666666667,4.4,4.68888888888889,1,33,3,5,4,5,4,4,5,5,5,5,5,4,4.63636363636364
61,7,4,3,4,3.66666666666667,5,5,5,4,5,5,4,5,5,4,4,5,4.66666666666667,4.4,4.68888888888889,1,33,3,5,4,5,4,4,5,5,5,5,5,4,4.63636363636364
61,8,3,4,4,3.66666666666667,5,5,5,4,5,5,4,5,5,4,4,5,4.66666666666667,4.4,4.68888888888889,1,33,3,5,4,5,4,4,5,5,5,5,5,4,4.63636363636364
61,9,5,5,6,5.33333333333333,5,5,5,4,5,5,4,5,5,4,4,5,4.66666666666667,4.4,4.68888888888889,1,33,3,5,4,5,4,4,5,5,5,5,5,4,4.63636363636364
61,10,5,5,5,5,5,5,5,4,5,5,4,5,5,4,4,5,4.66666666666667,4.4,4.68888888888889,1,33,3,5,4,5,4,4,5,5,5,5,5,4,4.63636363636364
62,1,6,6,4,5.33333333333333,5,6,5,4,5,4,4,4,5,4,5,5.33333333333333,4.33333333333333,4.4,4.68888888888889,1,26,3,4,4,5,4,4,5,4,4,4,4,4,4.18181818181818
62,2,4,4,5,4.33333333333333,5,6,5,4,5,4,4,4,5,4,5,5.33333333333333,4.33333333333333,4.4,4.68888888888889,1,26,3,4,4,5,4,4,5,4,4,4,4,4,4.18181818181818
62,3,5,5,5,5,5,6,5,4,5,4,4,4,5,4,5,5.33333333333333,4.33333333333333,4.4,4.68888888888889,1,26,3,4,4,5,4,4,5,4,4,4,4,4,4.18181818181818
62,4,5,5,6,5.33333333333333,5,6,5,4,5,4,4,4,5,4,5,5.33333333333333,4.33333333333333,4.4,4.68888888888889,1,26,3,4,4,5,4,4,5,4,4,4,4,4,4.18181818181818
62,5,4,4,5,4.33333333333333,5,6,5,4,5,4,4,4,5,4,5,5.33333333333333,4.33333333333333,4.4,4.68888888888889,1,26,3,4,4,5,4,4,5,4,4,4,4,4,4.18181818181818
62,6,4,5,4,4.33333333333333,5,6,5,4,5,4,4,4,5,4,5,5.33333333333333,4.33333333333333,4.4,4.68888888888889,1,26,3,4,4,5,4,4,5,4,4,4,4,4,4.18181818181818
62,7,4,4,4,4,5,6,5,4,5,4,4,4,5,4,5,5.33333333333333,4.33333333333333,4.4,4.68888888888889,1,26,3,4,4,5,4,4,5,4,4,4,4,4,4.18181818181818
62,8,5,5,4,4.66666666666667,5,6,5,4,5,4,4,4,5,4,5,5.33333333333333,4.33333333333333,4.4,4.68888888888889,1,26,3,4,4,5,4,4,5,4,4,4,4,4,4.18181818181818
62,9,4,5,5,4.66666666666667,5,6,5,4,5,4,4,4,5,4,5,5.33333333333333,4.33333333333333,4.4,4.68888888888889,1,26,3,4,4,5,4,4,5,4,4,4,4,4,4.18181818181818
62,10,4,4,5,4.33333333333333,5,6,5,4,5,4,4,4,5,4,5,5.33333333333333,4.33333333333333,4.4,4.68888888888889,1,26,3,4,4,5,4,4,5,4,4,4,4,4,4.18181818181818
63,1,5,5,5,5,5,5,5,4,4,4,5,4,5,4,5,5,4,4.6,4.53333333333333,1,37,6,5,4,4,4,5,4,5,5,5,4,4,4.45454545454545
63,2,5,5,5,5,5,5,5,4,4,4,5,4,5,4,5,5,4,4.6,4.53333333333333,1,37,6,5,4,4,4,5,4,5,5,5,4,4,4.45454545454545
63,3,4,4,4,4,5,5,5,4,4,4,5,4,5,4,5,5,4,4.6,4.53333333333333,1,37,6,5,4,4,4,5,4,5,5,5,4,4,4.45454545454545
63,4,5,5,5,5,5,5,5,4,4,4,5,4,5,4,5,5,4,4.6,4.53333333333333,1,37,6,5,4,4,4,5,4,5,5,5,4,4,4.45454545454545
63,5,4,4,4,4,5,5,5,4,4,4,5,4,5,4,5,5,4,4.6,4.53333333333333,1,37,6,5,4,4,4,5,4,5,5,5,4,4,4.45454545454545
63,6,3,4,4,3.66666666666667,5,5,5,4,4,4,5,4,5,4,5,5,4,4.6,4.53333333333333,1,37,6,5,4,4,4,5,4,5,5,5,4,4,4.45454545454545
63,7,5,4,5,4.66666666666667,5,5,5,4,4,4,5,4,5,4,5,5,4,4.6,4.53333333333333,1,37,6,5,4,4,4,5,4,5,5,5,4,4,4.45454545454545
63,8,4,5,5,4.66666666666667,5,5,5,4,4,4,5,4,5,4,5,5,4,4.6,4.53333333333333,1,37,6,5,4,4,4,5,4,5,5,5,4,4,4.45454545454545
63,9,4,5,5,4.66666666666667,5,5,5,4,4,4,5,4,5,4,5,5,4,4.6,4.53333333333333,1,37,6,5,4,4,4,5,4,5,5,5,4,4,4.45454545454545
63,10,4,5,5,4.66666666666667,5,5,5,4,4,4,5,4,5,4,5,5,4,4.6,4.53333333333333,1,37,6,5,4,4,4,5,4,5,5,5,4,4,4.45454545454545
64,1,6,5,5,5.33333333333333,5,6,5,4,4,4,4,4,4,5,5,5.33333333333333,4,4.4,4.57777777777778,1,37,3,6,6,5,5,6,5,5,5,5,5,6,5.36363636363636
64,2,5,5,5,5,5,6,5,4,4,4,4,4,4,5,5,5.33333333333333,4,4.4,4.57777777777778,1,37,3,6,6,5,5,6,5,5,5,5,5,6,5.36363636363636
64,3,4,4,4,4,5,6,5,4,4,4,4,4,4,5,5,5.33333333333333,4,4.4,4.57777777777778,1,37,3,6,6,5,5,6,5,5,5,5,5,6,5.36363636363636
64,4,3,4,3,3.33333333333333,5,6,5,4,4,4,4,4,4,5,5,5.33333333333333,4,4.4,4.57777777777778,1,37,3,6,6,5,5,6,5,5,5,5,5,6,5.36363636363636
64,5,4,4,5,4.33333333333333,5,6,5,4,4,4,4,4,4,5,5,5.33333333333333,4,4.4,4.57777777777778,1,37,3,6,6,5,5,6,5,5,5,5,5,6,5.36363636363636
64,6,4,5,4,4.33333333333333,5,6,5,4,4,4,4,4,4,5,5,5.33333333333333,4,4.4,4.57777777777778,1,37,3,6,6,5,5,6,5,5,5,5,5,6,5.36363636363636
64,7,4,4,4,4,5,6,5,4,4,4,4,4,4,5,5,5.33333333333333,4,4.4,4.57777777777778,1,37,3,6,6,5,5,6,5,5,5,5,5,6,5.36363636363636
64,8,4,4,4,4,5,6,5,4,4,4,4,4,4,5,5,5.33333333333333,4,4.4,4.57777777777778,1,37,3,6,6,5,5,6,5,5,5,5,5,6,5.36363636363636
64,9,5,4,5,4.66666666666667,5,6,5,4,4,4,4,4,4,5,5,5.33333333333333,4,4.4,4.57777777777778,1,37,3,6,6,5,5,6,5,5,5,5,5,6,5.36363636363636
64,10,4,4,4,4,5,6,5,4,4,4,4,4,4,5,5,5.33333333333333,4,4.4,4.57777777777778,1,37,3,6,6,5,5,6,5,5,5,5,5,6,5.36363636363636
65,1,4,4,4,4,5,5,6,4,4,4,4,4,4,4,5,5.33333333333333,4,4.2,4.51111111111111,1,35,5,5,5,5,5,5,5,5,6,5,5,5,5.09090909090909
65,2,5,5,5,5,5,5,6,4,4,4,4,4,4,4,5,5.33333333333333,4,4.2,4.51111111111111,1,35,5,5,5,5,5,5,5,5,6,5,5,5,5.09090909090909
65,3,4,4,4,4,5,5,6,4,4,4,4,4,4,4,5,5.33333333333333,4,4.2,4.51111111111111,1,35,5,5,5,5,5,5,5,5,6,5,5,5,5.09090909090909
65,4,4,5,4,4.33333333333333,5,5,6,4,4,4,4,4,4,4,5,5.33333333333333,4,4.2,4.51111111111111,1,35,5,5,5,5,5,5,5,5,6,5,5,5,5.09090909090909
65,5,4,3,3,3.33333333333333,5,5,6,4,4,4,4,4,4,4,5,5.33333333333333,4,4.2,4.51111111111111,1,35,5,5,5,5,5,5,5,5,6,5,5,5,5.09090909090909
65,6,4,4,5,4.33333333333333,5,5,6,4,4,4,4,4,4,4,5,5.33333333333333,4,4.2,4.51111111111111,1,35,5,5,5,5,5,5,5,5,6,5,5,5,5.09090909090909
65,7,4,5,4,4.33333333333333,5,5,6,4,4,4,4,4,4,4,5,5.33333333333333,4,4.2,4.51111111111111,1,35,5,5,5,5,5,5,5,5,6,5,5,5,5.09090909090909
65,8,5,5,5,5,5,5,6,4,4,4,4,4,4,4,5,5.33333333333333,4,4.2,4.51111111111111,1,35,5,5,5,5,5,5,5,5,6,5,5,5,5.09090909090909
65,9,4,4,4,4,5,5,6,4,4,4,4,4,4,4,5,5.33333333333333,4,4.2,4.51111111111111,1,35,5,5,5,5,5,5,5,5,6,5,5,5,5.09090909090909
65,10,5,5,5,5,5,5,6,4,4,4,4,4,4,4,5,5.33333333333333,4,4.2,4.51111111111111,1,35,5,5,5,5,5,5,5,5,6,5,5,5,5.09090909090909
66,1,3,3,3,3,6,5,6,4,4,5,4,4,4,4,4,5.66666666666667,4.33333333333333,4,4.66666666666667,0,33,6,5,5,5,5,6,5,5,5,6,5,5,5.18181818181818
66,2,4,4,5,4.33333333333333,6,5,6,4,4,5,4,4,4,4,4,5.66666666666667,4.33333333333333,4,4.66666666666667,0,33,6,5,5,5,5,6,5,5,5,6,5,5,5.18181818181818
66,3,4,4,3,3.66666666666667,6,5,6,4,4,5,4,4,4,4,4,5.66666666666667,4.33333333333333,4,4.66666666666667,0,33,6,5,5,5,5,6,5,5,5,6,5,5,5.18181818181818
66,4,4,4,4,4,6,5,6,4,4,5,4,4,4,4,4,5.66666666666667,4.33333333333333,4,4.66666666666667,0,33,6,5,5,5,5,6,5,5,5,6,5,5,5.18181818181818
66,5,4,4,4,4,6,5,6,4,4,5,4,4,4,4,4,5.66666666666667,4.33333333333333,4,4.66666666666667,0,33,6,5,5,5,5,6,5,5,5,6,5,5,5.18181818181818
66,6,5,4,5,4.66666666666667,6,5,6,4,4,5,4,4,4,4,4,5.66666666666667,4.33333333333333,4,4.66666666666667,0,33,6,5,5,5,5,6,5,5,5,6,5,5,5.18181818181818
66,7,6,5,6,5.66666666666667,6,5,6,4,4,5,4,4,4,4,4,5.66666666666667,4.33333333333333,4,4.66666666666667,0,33,6,5,5,5,5,6,5,5,5,6,5,5,5.18181818181818
66,8,5,5,6,5.33333333333333,6,5,6,4,4,5,4,4,4,4,4,5.66666666666667,4.33333333333333,4,4.66666666666667,0,33,6,5,5,5,5,6,5,5,5,6,5,5,5.18181818181818
66,9,5,6,6,5.66666666666667,6,5,6,4,4,5,4,4,4,4,4,5.66666666666667,4.33333333333333,4,4.66666666666667,0,33,6,5,5,5,5,6,5,5,5,6,5,5,5.18181818181818
66,10,5,6,5,5.33333333333333,6,5,6,4,4,5,4,4,4,4,4,5.66666666666667,4.33333333333333,4,4.66666666666667,0,33,6,5,5,5,5,6,5,5,5,6,5,5,5.18181818181818
67,1,4,4,4,4,5,5,5,5,4,5,5,4,4,5,4,5,4.66666666666667,4.4,4.68888888888889,0,23,5,6,6,5,5,5,5,5,6,5,5,5,5.27272727272727
67,2,4,4,4,4,5,5,5,5,4,5,5,4,4,5,4,5,4.66666666666667,4.4,4.68888888888889,0,23,5,6,6,5,5,5,5,5,6,5,5,5,5.27272727272727
67,3,5,4,4,4.33333333333333,5,5,5,5,4,5,5,4,4,5,4,5,4.66666666666667,4.4,4.68888888888889,0,23,5,6,6,5,5,5,5,5,6,5,5,5,5.27272727272727
67,4,5,5,6,5.33333333333333,5,5,5,5,4,5,5,4,4,5,4,5,4.66666666666667,4.4,4.68888888888889,0,23,5,6,6,5,5,5,5,5,6,5,5,5,5.27272727272727
67,5,5,4,4,4.33333333333333,5,5,5,5,4,5,5,4,4,5,4,5,4.66666666666667,4.4,4.68888888888889,0,23,5,6,6,5,5,5,5,5,6,5,5,5,5.27272727272727
67,6,4,5,5,4.66666666666667,5,5,5,5,4,5,5,4,4,5,4,5,4.66666666666667,4.4,4.68888888888889,0,23,5,6,6,5,5,5,5,5,6,5,5,5,5.27272727272727
67,7,5,5,5,5,5,5,5,5,4,5,5,4,4,5,4,5,4.66666666666667,4.4,4.68888888888889,0,23,5,6,6,5,5,5,5,5,6,5,5,5,5.27272727272727
67,8,5,5,6,5.33333333333333,5,5,5,5,4,5,5,4,4,5,4,5,4.66666666666667,4.4,4.68888888888889,0,23,5,6,6,5,5,5,5,5,6,5,5,5,5.27272727272727
67,9,5,5,6,5.33333333333333,5,5,5,5,4,5,5,4,4,5,4,5,4.66666666666667,4.4,4.68888888888889,0,23,5,6,6,5,5,5,5,5,6,5,5,5,5.27272727272727
67,10,3,4,4,3.66666666666667,5,5,5,5,4,5,5,4,4,5,4,5,4.66666666666667,4.4,4.68888888888889,0,23,5,6,6,5,5,5,5,5,6,5,5,5,5.27272727272727
68,1,4,3,4,3.66666666666667,6,5,5,5,5,4,4,4,4,5,4,5.33333333333333,4.66666666666667,4.2,4.73333333333333,0,25,6,5,5,5,5,5,5,5,5,6,5,5,5.09090909090909
68,2,5,6,5,5.33333333333333,6,5,5,5,5,4,4,4,4,5,4,5.33333333333333,4.66666666666667,4.2,4.73333333333333,0,25,6,5,5,5,5,5,5,5,5,6,5,5,5.09090909090909
68,3,5,5,5,5,6,5,5,5,5,4,4,4,4,5,4,5.33333333333333,4.66666666666667,4.2,4.73333333333333,0,25,6,5,5,5,5,5,5,5,5,6,5,5,5.09090909090909
68,4,5,4,4,4.33333333333333,6,5,5,5,5,4,4,4,4,5,4,5.33333333333333,4.66666666666667,4.2,4.73333333333333,0,25,6,5,5,5,5,5,5,5,5,6,5,5,5.09090909090909
68,5,4,4,3,3.66666666666667,6,5,5,5,5,4,4,4,4,5,4,5.33333333333333,4.66666666666667,4.2,4.73333333333333,0,25,6,5,5,5,5,5,5,5,5,6,5,5,5.09090909090909
68,6,4,3,3,3.33333333333333,6,5,5,5,5,4,4,4,4,5,4,5.33333333333333,4.66666666666667,4.2,4.73333333333333,0,25,6,5,5,5,5,5,5,5,5,6,5,5,5.09090909090909
68,7,6,5,5,5.33333333333333,6,5,5,5,5,4,4,4,4,5,4,5.33333333333333,4.66666666666667,4.2,4.73333333333333,0,25,6,5,5,5,5,5,5,5,5,6,5,5,5.09090909090909
68,8,4,4,4,4,6,5,5,5,5,4,4,4,4,5,4,5.33333333333333,4.66666666666667,4.2,4.73333333333333,0,25,6,5,5,5,5,5,5,5,5,6,5,5,5.09090909090909
68,9,4,3,4,3.66666666666667,6,5,5,5,5,4,4,4,4,5,4,5.33333333333333,4.66666666666667,4.2,4.73333333333333,0,25,6,5,5,5,5,5,5,5,5,6,5,5,5.09090909090909
68,10,4,4,5,4.33333333333333,6,5,5,5,5,4,4,4,4,5,4,5.33333333333333,4.66666666666667,4.2,4.73333333333333,0,25,6,5,5,5,5,5,5,5,5,6,5,5,5.09090909090909
69,1,4,4,4,4,5,6,5,6,5,5,5,6,6,5,5,5.33333333333333,5.33333333333333,5.4,5.35555555555556,0,28,4,5,5,6,5,5,6,5,5,5,5,5,5.18181818181818
69,2,6,5,5,5.33333333333333,5,6,5,6,5,5,5,6,6,5,5,5.33333333333333,5.33333333333333,5.4,5.35555555555556,0,28,4,5,5,6,5,5,6,5,5,5,5,5,5.18181818181818
69,3,3,3,4,3.33333333333333,5,6,5,6,5,5,5,6,6,5,5,5.33333333333333,5.33333333333333,5.4,5.35555555555556,0,28,4,5,5,6,5,5,6,5,5,5,5,5,5.18181818181818
69,4,4,4,3,3.66666666666667,5,6,5,6,5,5,5,6,6,5,5,5.33333333333333,5.33333333333333,5.4,5.35555555555556,0,28,4,5,5,6,5,5,6,5,5,5,5,5,5.18181818181818
69,5,4,3,3,3.33333333333333,5,6,5,6,5,5,5,6,6,5,5,5.33333333333333,5.33333333333333,5.4,5.35555555555556,0,28,4,5,5,6,5,5,6,5,5,5,5,5,5.18181818181818
69,6,5,5,5,5,5,6,5,6,5,5,5,6,6,5,5,5.33333333333333,5.33333333333333,5.4,5.35555555555556,0,28,4,5,5,6,5,5,6,5,5,5,5,5,5.18181818181818
69,7,5,6,5,5.33333333333333,5,6,5,6,5,5,5,6,6,5,5,5.33333333333333,5.33333333333333,5.4,5.35555555555556,0,28,4,5,5,6,5,5,6,5,5,5,5,5,5.18181818181818
69,8,5,6,5,5.33333333333333,5,6,5,6,5,5,5,6,6,5,5,5.33333333333333,5.33333333333333,5.4,5.35555555555556,0,28,4,5,5,6,5,5,6,5,5,5,5,5,5.18181818181818
69,9,6,6,6,6,5,6,5,6,5,5,5,6,6,5,5,5.33333333333333,5.33333333333333,5.4,5.35555555555556,0,28,4,5,5,6,5,5,6,5,5,5,5,5,5.18181818181818
69,10,4,4,4,4,5,6,5,6,5,5,5,6,6,5,5,5.33333333333333,5.33333333333333,5.4,5.35555555555556,0,28,4,5,5,6,5,5,6,5,5,5,5,5,5.18181818181818
70,1,4,4,3,3.66666666666667,5,5,5,5,5,5,6,5,5,5,5,5,5,5.2,5.06666666666667,0,28,4,5,5,5,6,5,5,5,5,5,5,5,5.09090909090909
70,2,4,4,3,3.66666666666667,5,5,5,5,5,5,6,5,5,5,5,5,5,5.2,5.06666666666667,0,28,4,5,5,5,6,5,5,5,5,5,5,5,5.09090909090909
70,3,4,4,4,4,5,5,5,5,5,5,6,5,5,5,5,5,5,5.2,5.06666666666667,0,28,4,5,5,5,6,5,5,5,5,5,5,5,5.09090909090909
70,4,4,5,4,4.33333333333333,5,5,5,5,5,5,6,5,5,5,5,5,5,5.2,5.06666666666667,0,28,4,5,5,5,6,5,5,5,5,5,5,5,5.09090909090909
70,5,4,4,5,4.33333333333333,5,5,5,5,5,5,6,5,5,5,5,5,5,5.2,5.06666666666667,0,28,4,5,5,5,6,5,5,5,5,5,5,5,5.09090909090909
70,6,5,6,5,5.33333333333333,5,5,5,5,5,5,6,5,5,5,5,5,5,5.2,5.06666666666667,0,28,4,5,5,5,6,5,5,5,5,5,5,5,5.09090909090909
70,7,5,5,5,5,5,5,5,5,5,5,6,5,5,5,5,5,5,5.2,5.06666666666667,0,28,4,5,5,5,6,5,5,5,5,5,5,5,5.09090909090909
70,8,4,4,5,4.33333333333333,5,5,5,5,5,5,6,5,5,5,5,5,5,5.2,5.06666666666667,0,28,4,5,5,5,6,5,5,5,5,5,5,5,5.09090909090909
70,9,5,5,5,5,5,5,5,5,5,5,6,5,5,5,5,5,5,5.2,5.06666666666667,0,28,4,5,5,5,6,5,5,5,5,5,5,5,5.09090909090909
70,10,3,4,4,3.66666666666667,5,5,5,5,5,5,6,5,5,5,5,5,5,5.2,5.06666666666667,0,28,4,5,5,5,6,5,5,5,5,5,5,5,5.09090909090909
71,1,3,4,4,3.66666666666667,5,6,5,5,5,5,5,5,5,5,5,5.33333333333333,5,5,5.11111111111111,1,32,2,5,5,6,5,6,5,5,5,5,5,5,5.18181818181818
71,2,4,4,4,4,5,6,5,5,5,5,5,5,5,5,5,5.33333333333333,5,5,5.11111111111111,1,32,2,5,5,6,5,6,5,5,5,5,5,5,5.18181818181818
71,3,5,5,6,5.33333333333333,5,6,5,5,5,5,5,5,5,5,5,5.33333333333333,5,5,5.11111111111111,1,32,2,5,5,6,5,6,5,5,5,5,5,5,5.18181818181818
71,4,6,6,5,5.66666666666667,5,6,5,5,5,5,5,5,5,5,5,5.33333333333333,5,5,5.11111111111111,1,32,2,5,5,6,5,6,5,5,5,5,5,5,5.18181818181818
71,5,4,4,4,4,5,6,5,5,5,5,5,5,5,5,5,5.33333333333333,5,5,5.11111111111111,1,32,2,5,5,6,5,6,5,5,5,5,5,5,5.18181818181818
71,6,3,4,3,3.33333333333333,5,6,5,5,5,5,5,5,5,5,5,5.33333333333333,5,5,5.11111111111111,1,32,2,5,5,6,5,6,5,5,5,5,5,5,5.18181818181818
71,7,4,3,4,3.66666666666667,5,6,5,5,5,5,5,5,5,5,5,5.33333333333333,5,5,5.11111111111111,1,32,2,5,5,6,5,6,5,5,5,5,5,5,5.18181818181818
71,8,4,4,4,4,5,6,5,5,5,5,5,5,5,5,5,5.33333333333333,5,5,5.11111111111111,1,32,2,5,5,6,5,6,5,5,5,5,5,5,5.18181818181818
71,9,4,5,4,4.33333333333333,5,6,5,5,5,5,5,5,5,5,5,5.33333333333333,5,5,5.11111111111111,1,32,2,5,5,6,5,6,5,5,5,5,5,5,5.18181818181818
71,10,4,4,5,4.33333333333333,5,6,5,5,5,5,5,5,5,5,5,5.33333333333333,5,5,5.11111111111111,1,32,2,5,5,6,5,6,5,5,5,5,5,5,5.18181818181818
72,1,5,5,5,5,5,5,5,5,5,5,5,5,5,5,6,5,5,5.2,5.06666666666667,0,31,4,5,5,5,5,5,6,6,5,5,5,5,5.18181818181818
72,2,4,5,4,4.33333333333333,5,5,5,5,5,5,5,5,5,5,6,5,5,5.2,5.06666666666667,0,31,4,5,5,5,5,5,6,6,5,5,5,5,5.18181818181818
72,3,6,5,5,5.33333333333333,5,5,5,5,5,5,5,5,5,5,6,5,5,5.2,5.06666666666667,0,31,4,5,5,5,5,5,6,6,5,5,5,5,5.18181818181818
72,4,4,5,4,4.33333333333333,5,5,5,5,5,5,5,5,5,5,6,5,5,5.2,5.06666666666667,0,31,4,5,5,5,5,5,6,6,5,5,5,5,5.18181818181818
72,5,6,5,5,5.33333333333333,5,5,5,5,5,5,5,5,5,5,6,5,5,5.2,5.06666666666667,0,31,4,5,5,5,5,5,6,6,5,5,5,5,5.18181818181818
72,6,4,3,4,3.66666666666667,5,5,5,5,5,5,5,5,5,5,6,5,5,5.2,5.06666666666667,0,31,4,5,5,5,5,5,6,6,5,5,5,5,5.18181818181818
72,7,4,4,4,4,5,5,5,5,5,5,5,5,5,5,6,5,5,5.2,5.06666666666667,0,31,4,5,5,5,5,5,6,6,5,5,5,5,5.18181818181818
72,8,4,5,5,4.66666666666667,5,5,5,5,5,5,5,5,5,5,6,5,5,5.2,5.06666666666667,0,31,4,5,5,5,5,5,6,6,5,5,5,5,5.18181818181818
72,9,6,5,6,5.66666666666667,5,5,5,5,5,5,5,5,5,5,6,5,5,5.2,5.06666666666667,0,31,4,5,5,5,5,5,6,6,5,5,5,5,5.18181818181818
72,10,4,4,4,4,5,5,5,5,5,5,5,5,5,5,6,5,5,5.2,5.06666666666667,0,31,4,5,5,5,5,5,6,6,5,5,5,5,5.18181818181818
73,1,4,4,4,4,5,5,5,5,5,5,5,5,5,5,5,5,5,5,5,0,36,4,5,5,5,6,6,5,5,5,6,6,6,5.45454545454545
73,2,4,4,4,4,5,5,5,5,5,5,5,5,5,5,5,5,5,5,5,0,36,4,5,5,5,6,6,5,5,5,6,6,6,5.45454545454545
73,3,3,4,4,3.66666666666667,5,5,5,5,5,5,5,5,5,5,5,5,5,5,5,0,36,4,5,5,5,6,6,5,5,5,6,6,6,5.45454545454545
73,4,6,5,5,5.33333333333333,5,5,5,5,5,5,5,5,5,5,5,5,5,5,5,0,36,4,5,5,5,6,6,5,5,5,6,6,6,5.45454545454545
73,5,5,6,6,5.66666666666667,5,5,5,5,5,5,5,5,5,5,5,5,5,5,5,0,36,4,5,5,5,6,6,5,5,5,6,6,6,5.45454545454545
73,6,5,5,5,5,5,5,5,5,5,5,5,5,5,5,5,5,5,5,5,0,36,4,5,5,5,6,6,5,5,5,6,6,6,5.45454545454545
73,7,6,5,5,5.33333333333333,5,5,5,5,5,5,5,5,5,5,5,5,5,5,5,0,36,4,5,5,5,6,6,5,5,5,6,6,6,5.45454545454545
73,8,6,5,5,5.33333333333333,5,5,5,5,5,5,5,5,5,5,5,5,5,5,5,0,36,4,5,5,5,6,6,5,5,5,6,6,6,5.45454545454545
73,9,4,4,4,4,5,5,5,5,5,5,5,5,5,5,5,5,5,5,5,0,36,4,5,5,5,6,6,5,5,5,6,6,6,5.45454545454545
73,10,5,5,5,5,5,5,5,5,5,5,5,5,5,5,5,5,5,5,5,0,36,4,5,5,5,6,6,5,5,5,6,6,6,5.45454545454545
74,1,4,3,4,3.66666666666667,6,5,5,5,5,5,6,5,5,5,5,5.33333333333333,5,5.2,5.17777777777778,0,36,7,4,6,6,6,4,6,5,5,6,4,4,5.09090909090909
74,2,4,5,5,4.66666666666667,6,5,5,5,5,5,6,5,5,5,5,5.33333333333333,5,5.2,5.17777777777778,0,36,7,4,6,6,6,4,6,5,5,6,4,4,5.09090909090909
74,3,4,4,4,4,6,5,5,5,5,5,6,5,5,5,5,5.33333333333333,5,5.2,5.17777777777778,0,36,7,4,6,6,6,4,6,5,5,6,4,4,5.09090909090909
74,4,4,5,4,4.33333333333333,6,5,5,5,5,5,6,5,5,5,5,5.33333333333333,5,5.2,5.17777777777778,0,36,7,4,6,6,6,4,6,5,5,6,4,4,5.09090909090909
74,5,5,5,5,5,6,5,5,5,5,5,6,5,5,5,5,5.33333333333333,5,5.2,5.17777777777778,0,36,7,4,6,6,6,4,6,5,5,6,4,4,5.09090909090909
74,6,5,5,5,5,6,5,5,5,5,5,6,5,5,5,5,5.33333333333333,5,5.2,5.17777777777778,0,36,7,4,6,6,6,4,6,5,5,6,4,4,5.09090909090909
74,7,5,5,6,5.33333333333333,6,5,5,5,5,5,6,5,5,5,5,5.33333333333333,5,5.2,5.17777777777778,0,36,7,4,6,6,6,4,6,5,5,6,4,4,5.09090909090909
74,8,4,4,4,4,6,5,5,5,5,5,6,5,5,5,5,5.33333333333333,5,5.2,5.17777777777778,0,36,7,4,6,6,6,4,6,5,5,6,4,4,5.09090909090909
74,9,4,4,4,4,6,5,5,5,5,5,6,5,5,5,5,5.33333333333333,5,5.2,5.17777777777778,0,36,7,4,6,6,6,4,6,5,5,6,4,4,5.09090909090909
74,10,3,4,3,3.33333333333333,6,5,5,5,5,5,6,5,5,5,5,5.33333333333333,5,5.2,5.17777777777778,0,36,7,4,6,6,6,4,6,5,5,6,4,4,5.09090909090909
75,1,5,4,4,4.33333333333333,4,5,6,5,5,5,5,5,5,5,6,5,5,5.2,5.06666666666667,0,26,7,5,5,6,4,4,4,4,6,4,5,4,4.63636363636364
75,2,4,5,4,4.33333333333333,4,5,6,5,5,5,5,5,5,5,6,5,5,5.2,5.06666666666667,0,26,7,5,5,6,4,4,4,4,6,4,5,4,4.63636363636364
75,3,4,4,5,4.33333333333333,4,5,6,5,5,5,5,5,5,5,6,5,5,5.2,5.06666666666667,0,26,7,5,5,6,4,4,4,4,6,4,5,4,4.63636363636364
75,4,5,4,5,4.66666666666667,4,5,6,5,5,5,5,5,5,5,6,5,5,5.2,5.06666666666667,0,26,7,5,5,6,4,4,4,4,6,4,5,4,4.63636363636364
75,5,6,5,6,5.66666666666667,4,5,6,5,5,5,5,5,5,5,6,5,5,5.2,5.06666666666667,0,26,7,5,5,6,4,4,4,4,6,4,5,4,4.63636363636364
75,6,6,6,6,6,4,5,6,5,5,5,5,5,5,5,6,5,5,5.2,5.06666666666667,0,26,7,5,5,6,4,4,4,4,6,4,5,4,4.63636363636364
75,7,5,4,5,4.66666666666667,4,5,6,5,5,5,5,5,5,5,6,5,5,5.2,5.06666666666667,0,26,7,5,5,6,4,4,4,4,6,4,5,4,4.63636363636364
75,8,4,5,5,4.66666666666667,4,5,6,5,5,5,5,5,5,5,6,5,5,5.2,5.06666666666667,0,26,7,5,5,6,4,4,4,4,6,4,5,4,4.63636363636364
75,9,6,5,6,5.66666666666667,4,5,6,5,5,5,5,5,5,5,6,5,5,5.2,5.06666666666667,0,26,7,5,5,6,4,4,4,4,6,4,5,4,4.63636363636364
75,10,4,4,3,3.66666666666667,4,5,6,5,5,5,5,5,5,5,6,5,5,5.2,5.06666666666667,0,26,7,5,5,6,4,4,4,4,6,4,5,4,4.63636363636364
76,1,4,4,5,4.33333333333333,4,4,5,5,5,5,6,5,6,4,6,4.33333333333333,5,5.4,4.91111111111111,1,24,2,5,4,4,5,4,6,4,6,4,6,4,4.72727272727273
76,2,4,5,5,4.66666666666667,4,4,5,5,5,5,6,5,6,4,6,4.33333333333333,5,5.4,4.91111111111111,1,24,2,5,4,4,5,4,6,4,6,4,6,4,4.72727272727273
76,3,4,5,4,4.33333333333333,4,4,5,5,5,5,6,5,6,4,6,4.33333333333333,5,5.4,4.91111111111111,1,24,2,5,4,4,5,4,6,4,6,4,6,4,4.72727272727273
76,4,6,5,6,5.66666666666667,4,4,5,5,5,5,6,5,6,4,6,4.33333333333333,5,5.4,4.91111111111111,1,24,2,5,4,4,5,4,6,4,6,4,6,4,4.72727272727273
76,5,5,5,5,5,4,4,5,5,5,5,6,5,6,4,6,4.33333333333333,5,5.4,4.91111111111111,1,24,2,5,4,4,5,4,6,4,6,4,6,4,4.72727272727273
76,6,4,4,4,4,4,4,5,5,5,5,6,5,6,4,6,4.33333333333333,5,5.4,4.91111111111111,1,24,2,5,4,4,5,4,6,4,6,4,6,4,4.72727272727273
76,7,4,4,4,4,4,4,5,5,5,5,6,5,6,4,6,4.33333333333333,5,5.4,4.91111111111111,1,24,2,5,4,4,5,4,6,4,6,4,6,4,4.72727272727273
76,8,4,4,5,4.33333333333333,4,4,5,5,5,5,6,5,6,4,6,4.33333333333333,5,5.4,4.91111111111111,1,24,2,5,4,4,5,4,6,4,6,4,6,4,4.72727272727273
76,9,5,5,5,5,4,4,5,5,5,5,6,5,6,4,6,4.33333333333333,5,5.4,4.91111111111111,1,24,2,5,4,4,5,4,6,4,6,4,6,4,4.72727272727273
76,10,6,5,5,5.33333333333333,4,4,5,5,5,5,6,5,6,4,6,4.33333333333333,5,5.4,4.91111111111111,1,24,2,5,4,4,5,4,6,4,6,4,6,4,4.72727272727273
77,1,4,3,4,3.66666666666667,4,4,4,4,3,4,4,4,4,4,4,4,3.66666666666667,4,3.88888888888889,0,35,6,4,4,3,3,4,4,4,4,4,4,4,3.81818181818182
77,2,4,4,4,4,4,4,4,4,3,4,4,4,4,4,4,4,3.66666666666667,4,3.88888888888889,0,35,6,4,4,3,3,4,4,4,4,4,4,4,3.81818181818182
77,3,4,3,4,3.66666666666667,4,4,4,4,3,4,4,4,4,4,4,4,3.66666666666667,4,3.88888888888889,0,35,6,4,4,3,3,4,4,4,4,4,4,4,3.81818181818182
77,4,4,4,4,4,4,4,4,4,3,4,4,4,4,4,4,4,3.66666666666667,4,3.88888888888889,0,35,6,4,4,3,3,4,4,4,4,4,4,4,3.81818181818182
77,5,4,5,4,4.33333333333333,4,4,4,4,3,4,4,4,4,4,4,4,3.66666666666667,4,3.88888888888889,0,35,6,4,4,3,3,4,4,4,4,4,4,4,3.81818181818182
77,6,5,4,4,4.33333333333333,4,4,4,4,3,4,4,4,4,4,4,4,3.66666666666667,4,3.88888888888889,0,35,6,4,4,3,3,4,4,4,4,4,4,4,3.81818181818182
77,7,5,5,6,5.33333333333333,4,4,4,4,3,4,4,4,4,4,4,4,3.66666666666667,4,3.88888888888889,0,35,6,4,4,3,3,4,4,4,4,4,4,4,3.81818181818182
77,8,4,3,3,3.33333333333333,4,4,4,4,3,4,4,4,4,4,4,4,3.66666666666667,4,3.88888888888889,0,35,6,4,4,3,3,4,4,4,4,4,4,4,3.81818181818182
77,9,5,5,4,4.66666666666667,4,4,4,4,3,4,4,4,4,4,4,4,3.66666666666667,4,3.88888888888889,0,35,6,4,4,3,3,4,4,4,4,4,4,4,3.81818181818182
77,10,6,5,5,5.33333333333333,4,4,4,4,3,4,4,4,4,4,4,4,3.66666666666667,4,3.88888888888889,0,35,6,4,4,3,3,4,4,4,4,4,4,4,3.81818181818182
78,1,4,5,4,4.33333333333333,4,4,4,3,4,4,3,4,4,3,4,4,3.66666666666667,3.6,3.75555555555556,0,32,4,4,3,4,4,4,4,3,4,4,4,3,3.72727272727273
78,2,3,4,4,3.66666666666667,4,4,4,3,4,4,3,4,4,3,4,4,3.66666666666667,3.6,3.75555555555556,0,32,4,4,3,4,4,4,4,3,4,4,4,3,3.72727272727273
78,3,4,4,3,3.66666666666667,4,4,4,3,4,4,3,4,4,3,4,4,3.66666666666667,3.6,3.75555555555556,0,32,4,4,3,4,4,4,4,3,4,4,4,3,3.72727272727273
78,4,5,4,4,4.33333333333333,4,4,4,3,4,4,3,4,4,3,4,4,3.66666666666667,3.6,3.75555555555556,0,32,4,4,3,4,4,4,4,3,4,4,4,3,3.72727272727273
78,5,5,5,6,5.33333333333333,4,4,4,3,4,4,3,4,4,3,4,4,3.66666666666667,3.6,3.75555555555556,0,32,4,4,3,4,4,4,4,3,4,4,4,3,3.72727272727273
78,6,5,5,5,5,4,4,4,3,4,4,3,4,4,3,4,4,3.66666666666667,3.6,3.75555555555556,0,32,4,4,3,4,4,4,4,3,4,4,4,3,3.72727272727273
78,7,4,5,5,4.66666666666667,4,4,4,3,4,4,3,4,4,3,4,4,3.66666666666667,3.6,3.75555555555556,0,32,4,4,3,4,4,4,4,3,4,4,4,3,3.72727272727273
78,8,4,3,4,3.66666666666667,4,4,4,3,4,4,3,4,4,3,4,4,3.66666666666667,3.6,3.75555555555556,0,32,4,4,3,4,4,4,4,3,4,4,4,3,3.72727272727273
78,9,3,4,4,3.66666666666667,4,4,4,3,4,4,3,4,4,3,4,4,3.66666666666667,3.6,3.75555555555556,0,32,4,4,3,4,4,4,4,3,4,4,4,3,3.72727272727273
78,10,4,4,4,4,4,4,4,3,4,4,3,4,4,3,4,4,3.66666666666667,3.6,3.75555555555556,0,32,4,4,3,4,4,4,4,3,4,4,4,3,3.72727272727273
79,1,5,6,6,5.66666666666667,3,4,4,5,4,4,3,3,4,4,3,3.66666666666667,4.33333333333333,3.4,3.8,1,29,3,4,4,4,4,4,3,4,4,4,3,4,3.81818181818182
79,2,5,5,5,5,3,4,4,5,4,4,3,3,4,4,3,3.66666666666667,4.33333333333333,3.4,3.8,1,29,3,4,4,4,4,4,3,4,4,4,3,4,3.81818181818182
79,3,4,5,5,4.66666666666667,3,4,4,5,4,4,3,3,4,4,3,3.66666666666667,4.33333333333333,3.4,3.8,1,29,3,4,4,4,4,4,3,4,4,4,3,4,3.81818181818182
79,4,3,3,3,3,3,4,4,5,4,4,3,3,4,4,3,3.66666666666667,4.33333333333333,3.4,3.8,1,29,3,4,4,4,4,4,3,4,4,4,3,4,3.81818181818182
79,5,4,3,4,3.66666666666667,3,4,4,5,4,4,3,3,4,4,3,3.66666666666667,4.33333333333333,3.4,3.8,1,29,3,4,4,4,4,4,3,4,4,4,3,4,3.81818181818182
79,6,4,4,4,4,3,4,4,5,4,4,3,3,4,4,3,3.66666666666667,4.33333333333333,3.4,3.8,1,29,3,4,4,4,4,4,3,4,4,4,3,4,3.81818181818182
79,7,4,5,5,4.66666666666667,3,4,4,5,4,4,3,3,4,4,3,3.66666666666667,4.33333333333333,3.4,3.8,1,29,3,4,4,4,4,4,3,4,4,4,3,4,3.81818181818182
79,8,5,5,5,5,3,4,4,5,4,4,3,3,4,4,3,3.66666666666667,4.33333333333333,3.4,3.8,1,29,3,4,4,4,4,4,3,4,4,4,3,4,3.81818181818182
79,9,4,3,3,3.33333333333333,3,4,4,5,4,4,3,3,4,4,3,3.66666666666667,4.33333333333333,3.4,3.8,1,29,3,4,4,4,4,4,3,4,4,4,3,4,3.81818181818182
79,10,3,4,3,3.33333333333333,3,4,4,5,4,4,3,3,4,4,3,3.66666666666667,4.33333333333333,3.4,3.8,1,29,3,4,4,4,4,4,3,4,4,4,3,4,3.81818181818182
80,1,4,4,5,4.33333333333333,4,4,4,5,5,5,4,3,4,4,3,4,5,3.6,4.2,0,28,4,4,3,4,4,3,4,3,3,4,4,3,3.54545454545455
80,2,5,5,6,5.33333333333333,4,4,4,5,5,5,4,3,4,4,3,4,5,3.6,4.2,0,28,4,4,3,4,4,3,4,3,3,4,4,3,3.54545454545455
80,3,5,5,5,5,4,4,4,5,5,5,4,3,4,4,3,4,5,3.6,4.2,0,28,4,4,3,4,4,3,4,3,3,4,4,3,3.54545454545455
80,4,5,5,4,4.66666666666667,4,4,4,5,5,5,4,3,4,4,3,4,5,3.6,4.2,0,28,4,4,3,4,4,3,4,3,3,4,4,3,3.54545454545455
80,5,5,5,5,5,4,4,4,5,5,5,4,3,4,4,3,4,5,3.6,4.2,0,28,4,4,3,4,4,3,4,3,3,4,4,3,3.54545454545455
80,6,4,4,4,4,4,4,4,5,5,5,4,3,4,4,3,4,5,3.6,4.2,0,28,4,4,3,4,4,3,4,3,3,4,4,3,3.54545454545455
80,7,4,4,4,4,4,4,4,5,5,5,4,3,4,4,3,4,5,3.6,4.2,0,28,4,4,3,4,4,3,4,3,3,4,4,3,3.54545454545455
80,8,5,5,5,5,4,4,4,5,5,5,4,3,4,4,3,4,5,3.6,4.2,0,28,4,4,3,4,4,3,4,3,3,4,4,3,3.54545454545455
80,9,4,4,4,4,4,4,4,5,5,5,4,3,4,4,3,4,5,3.6,4.2,0,28,4,4,3,4,4,3,4,3,3,4,4,3,3.54545454545455
80,10,4,4,4,4,4,4,4,5,5,5,4,3,4,4,3,4,5,3.6,4.2,0,28,4,4,3,4,4,3,4,3,3,4,4,3,3.54545454545455
81,1,5,6,5,5.33333333333333,4,3,4,5,4,4,4,4,4,4,4,3.66666666666667,4.33333333333333,4,4,0,27,6,4,4,4,4,4,4,4,4,4,4,4,4
81,2,5,5,5,5,4,3,4,5,4,4,4,4,4,4,4,3.66666666666667,4.33333333333333,4,4,0,27,6,4,4,4,4,4,4,4,4,4,4,4,4
81,3,5,5,5,5,4,3,4,5,4,4,4,4,4,4,4,3.66666666666667,4.33333333333333,4,4,0,27,6,4,4,4,4,4,4,4,4,4,4,4,4
81,4,4,5,4,4.33333333333333,4,3,4,5,4,4,4,4,4,4,4,3.66666666666667,4.33333333333333,4,4,0,27,6,4,4,4,4,4,4,4,4,4,4,4,4
81,5,4,4,5,4.33333333333333,4,3,4,5,4,4,4,4,4,4,4,3.66666666666667,4.33333333333333,4,4,0,27,6,4,4,4,4,4,4,4,4,4,4,4,4
81,6,4,4,4,4,4,3,4,5,4,4,4,4,4,4,4,3.66666666666667,4.33333333333333,4,4,0,27,6,4,4,4,4,4,4,4,4,4,4,4,4
81,7,4,4,4,4,4,3,4,5,4,4,4,4,4,4,4,3.66666666666667,4.33333333333333,4,4,0,27,6,4,4,4,4,4,4,4,4,4,4,4,4
81,8,5,4,5,4.66666666666667,4,3,4,5,4,4,4,4,4,4,4,3.66666666666667,4.33333333333333,4,4,0,27,6,4,4,4,4,4,4,4,4,4,4,4,4
81,9,6,5,6,5.66666666666667,4,3,4,5,4,4,4,4,4,4,4,3.66666666666667,4.33333333333333,4,4,0,27,6,4,4,4,4,4,4,4,4,4,4,4,4
81,10,5,5,5,5,4,3,4,5,4,4,4,4,4,4,4,3.66666666666667,4.33333333333333,4,4,0,27,6,4,4,4,4,4,4,4,4,4,4,4,4
82,1,4,4,4,4,4,4,4,5,5,6,6,5,6,5,5,4,5.33333333333333,5.4,4.91111111111111,0,36,6,4,3,4,4,3,4,3,4,4,4,4,3.72727272727273
82,2,4,3,4,3.66666666666667,4,4,4,5,5,6,6,5,6,5,5,4,5.33333333333333,5.4,4.91111111111111,0,36,6,4,3,4,4,3,4,3,4,4,4,4,3.72727272727273
82,3,4,4,3,3.66666666666667,4,4,4,5,5,6,6,5,6,5,5,4,5.33333333333333,5.4,4.91111111111111,0,36,6,4,3,4,4,3,4,3,4,4,4,4,3.72727272727273
82,4,3,3,3,3,4,4,4,5,5,6,6,5,6,5,5,4,5.33333333333333,5.4,4.91111111111111,0,36,6,4,3,4,4,3,4,3,4,4,4,4,3.72727272727273
82,5,3,3,4,3.33333333333333,4,4,4,5,5,6,6,5,6,5,5,4,5.33333333333333,5.4,4.91111111111111,0,36,6,4,3,4,4,3,4,3,4,4,4,4,3.72727272727273
82,6,4,5,4,4.33333333333333,4,4,4,5,5,6,6,5,6,5,5,4,5.33333333333333,5.4,4.91111111111111,0,36,6,4,3,4,4,3,4,3,4,4,4,4,3.72727272727273
82,7,4,4,5,4.33333333333333,4,4,4,5,5,6,6,5,6,5,5,4,5.33333333333333,5.4,4.91111111111111,0,36,6,4,3,4,4,3,4,3,4,4,4,4,3.72727272727273
82,8,4,4,4,4,4,4,4,5,5,6,6,5,6,5,5,4,5.33333333333333,5.4,4.91111111111111,0,36,6,4,3,4,4,3,4,3,4,4,4,4,3.72727272727273
82,9,5,5,5,5,4,4,4,5,5,6,6,5,6,5,5,4,5.33333333333333,5.4,4.91111111111111,0,36,6,4,3,4,4,3,4,3,4,4,4,4,3.72727272727273
82,10,5,6,6,5.66666666666667,4,4,4,5,5,6,6,5,6,5,5,4,5.33333333333333,5.4,4.91111111111111,0,36,6,4,3,4,4,3,4,3,4,4,4,4,3.72727272727273
83,1,4,4,4,4,4,4,4,4,3,4,4,4,3,4,3,4,3.66666666666667,3.6,3.75555555555556,0,27,3,3,4,4,4,4,3,3,4,4,4,4,3.72727272727273
83,2,4,4,4,4,4,4,4,4,3,4,4,4,3,4,3,4,3.66666666666667,3.6,3.75555555555556,0,27,3,3,4,4,4,4,3,3,4,4,4,4,3.72727272727273
83,3,4,3,4,3.66666666666667,4,4,4,4,3,4,4,4,3,4,3,4,3.66666666666667,3.6,3.75555555555556,0,27,3,3,4,4,4,4,3,3,4,4,4,4,3.72727272727273
83,4,4,4,4,4,4,4,4,4,3,4,4,4,3,4,3,4,3.66666666666667,3.6,3.75555555555556,0,27,3,3,4,4,4,4,3,3,4,4,4,4,3.72727272727273
83,5,5,6,5,5.33333333333333,4,4,4,4,3,4,4,4,3,4,3,4,3.66666666666667,3.6,3.75555555555556,0,27,3,3,4,4,4,4,3,3,4,4,4,4,3.72727272727273
83,6,5,5,5,5,4,4,4,4,3,4,4,4,3,4,3,4,3.66666666666667,3.6,3.75555555555556,0,27,3,3,4,4,4,4,3,3,4,4,4,4,3.72727272727273
83,7,6,5,6,5.66666666666667,4,4,4,4,3,4,4,4,3,4,3,4,3.66666666666667,3.6,3.75555555555556,0,27,3,3,4,4,4,4,3,3,4,4,4,4,3.72727272727273
83,8,5,5,5,5,4,4,4,4,3,4,4,4,3,4,3,4,3.66666666666667,3.6,3.75555555555556,0,27,3,3,4,4,4,4,3,3,4,4,4,4,3.72727272727273
83,9,5,6,5,5.33333333333333,4,4,4,4,3,4,4,4,3,4,3,4,3.66666666666667,3.6,3.75555555555556,0,27,3,3,4,4,4,4,3,3,4,4,4,4,3.72727272727273
83,10,3,4,4,3.66666666666667,4,4,4,4,3,4,4,4,3,4,3,4,3.66666666666667,3.6,3.75555555555556,0,27,3,3,4,4,4,4,3,3,4,4,4,4,3.72727272727273
84,1,4,4,3,3.66666666666667,4,4,4,4,4,4,3,4,4,4,4,4,4,3.8,3.93333333333333,0,34,3,4,4,4,4,4,4,3,4,4,4,4,3.90909090909091
84,2,4,4,4,4,4,4,4,4,4,4,3,4,4,4,4,4,4,3.8,3.93333333333333,0,34,3,4,4,4,4,4,4,3,4,4,4,4,3.90909090909091
84,3,4,4,4,4,4,4,4,4,4,4,3,4,4,4,4,4,4,3.8,3.93333333333333,0,34,3,4,4,4,4,4,4,3,4,4,4,4,3.90909090909091
84,4,5,5,5,5,4,4,4,4,4,4,3,4,4,4,4,4,4,3.8,3.93333333333333,0,34,3,4,4,4,4,4,4,3,4,4,4,4,3.90909090909091
84,5,5,5,6,5.33333333333333,4,4,4,4,4,4,3,4,4,4,4,4,4,3.8,3.93333333333333,0,34,3,4,4,4,4,4,4,3,4,4,4,4,3.90909090909091
84,6,4,3,3,3.33333333333333,4,4,4,4,4,4,3,4,4,4,4,4,4,3.8,3.93333333333333,0,34,3,4,4,4,4,4,4,3,4,4,4,4,3.90909090909091
84,7,5,5,5,5,4,4,4,4,4,4,3,4,4,4,4,4,4,3.8,3.93333333333333,0,34,3,4,4,4,4,4,4,3,4,4,4,4,3.90909090909091
84,8,4,4,3,3.66666666666667,4,4,4,4,4,4,3,4,4,4,4,4,4,3.8,3.93333333333333,0,34,3,4,4,4,4,4,4,3,4,4,4,4,3.90909090909091
84,9,4,3,4,3.66666666666667,4,4,4,4,4,4,3,4,4,4,4,4,4,3.8,3.93333333333333,0,34,3,4,4,4,4,4,4,3,4,4,4,4,3.90909090909091
84,10,4,4,5,4.33333333333333,4,4,4,4,4,4,3,4,4,4,4,4,4,3.8,3.93333333333333,0,34,3,4,4,4,4,4,4,3,4,4,4,4,3.90909090909091
85,1,4,5,4,4.33333333333333,4,4,4,4,4,4,5,5,4,5,4,4,4,4.6,4.2,0,36,4,4,5,4,4,5,5,5,4,5,4,4,4.45454545454545
85,2,4,4,5,4.33333333333333,4,4,4,4,4,4,5,5,4,5,4,4,4,4.6,4.2,0,36,4,4,5,4,4,5,5,5,4,5,4,4,4.45454545454545
85,3,5,5,5,5,4,4,4,4,4,4,5,5,4,5,4,4,4,4.6,4.2,0,36,4,4,5,4,4,5,5,5,4,5,4,4,4.45454545454545
85,4,5,5,6,5.33333333333333,4,4,4,4,4,4,5,5,4,5,4,4,4,4.6,4.2,0,36,4,4,5,4,4,5,5,5,4,5,4,4,4.45454545454545
85,5,4,4,4,4,4,4,4,4,4,4,5,5,4,5,4,4,4,4.6,4.2,0,36,4,4,5,4,4,5,5,5,4,5,4,4,4.45454545454545
85,6,4,4,4,4,4,4,4,4,4,4,5,5,4,5,4,4,4,4.6,4.2,0,36,4,4,5,4,4,5,5,5,4,5,4,4,4.45454545454545
85,7,4,4,4,4,4,4,4,4,4,4,5,5,4,5,4,4,4,4.6,4.2,0,36,4,4,5,4,4,5,5,5,4,5,4,4,4.45454545454545
85,8,5,4,4,4.33333333333333,4,4,4,4,4,4,5,5,4,5,4,4,4,4.6,4.2,0,36,4,4,5,4,4,5,5,5,4,5,4,4,4.45454545454545
85,9,3,4,4,3.66666666666667,4,4,4,4,4,4,5,5,4,5,4,4,4,4.6,4.2,0,36,4,4,5,4,4,5,5,5,4,5,4,4,4.45454545454545
85,10,3,3,4,3.33333333333333,4,4,4,4,4,4,5,5,4,5,4,4,4,4.6,4.2,0,36,4,4,5,4,4,5,5,5,4,5,4,4,4.45454545454545
86,1,4,4,4,4,3,4,3,4,4,3,4,4,4,4,4,3.33333333333333,3.66666666666667,4,3.66666666666667,0,23,3,5,5,5,4,4,4,4,5,5,5,5,4.63636363636364
86,2,4,4,4,4,3,4,3,4,4,3,4,4,4,4,4,3.33333333333333,3.66666666666667,4,3.66666666666667,0,23,3,5,5,5,4,4,4,4,5,5,5,5,4.63636363636364
86,3,5,4,5,4.66666666666667,3,4,3,4,4,3,4,4,4,4,4,3.33333333333333,3.66666666666667,4,3.66666666666667,0,23,3,5,5,5,4,4,4,4,5,5,5,5,4.63636363636364
86,4,4,4,5,4.33333333333333,3,4,3,4,4,3,4,4,4,4,4,3.33333333333333,3.66666666666667,4,3.66666666666667,0,23,3,5,5,5,4,4,4,4,5,5,5,5,4.63636363636364
86,5,5,6,5,5.33333333333333,3,4,3,4,4,3,4,4,4,4,4,3.33333333333333,3.66666666666667,4,3.66666666666667,0,23,3,5,5,5,4,4,4,4,5,5,5,5,4.63636363636364
86,6,5,4,4,4.33333333333333,3,4,3,4,4,3,4,4,4,4,4,3.33333333333333,3.66666666666667,4,3.66666666666667,0,23,3,5,5,5,4,4,4,4,5,5,5,5,4.63636363636364
86,7,5,6,5,5.33333333333333,3,4,3,4,4,3,4,4,4,4,4,3.33333333333333,3.66666666666667,4,3.66666666666667,0,23,3,5,5,5,4,4,4,4,5,5,5,5,4.63636363636364
86,8,4,4,3,3.66666666666667,3,4,3,4,4,3,4,4,4,4,4,3.33333333333333,3.66666666666667,4,3.66666666666667,0,23,3,5,5,5,4,4,4,4,5,5,5,5,4.63636363636364
86,9,4,4,4,4,3,4,3,4,4,3,4,4,4,4,4,3.33333333333333,3.66666666666667,4,3.66666666666667,0,23,3,5,5,5,4,4,4,4,5,5,5,5,4.63636363636364
86,10,4,4,4,4,3,4,3,4,4,3,4,4,4,4,4,3.33333333333333,3.66666666666667,4,3.66666666666667,0,23,3,5,5,5,4,4,4,4,5,5,5,5,4.63636363636364
87,1,5,4,5,4.66666666666667,4,4,3,4,4,4,5,5,5,5,5,3.66666666666667,4,5,4.22222222222222,0,28,4,4,4,5,4,4,4,5,5,5,5,5,4.54545454545455
87,2,5,5,4,4.66666666666667,4,4,3,4,4,4,5,5,5,5,5,3.66666666666667,4,5,4.22222222222222,0,28,4,4,4,5,4,4,4,5,5,5,5,5,4.54545454545455
87,3,4,4,3,3.66666666666667,4,4,3,4,4,4,5,5,5,5,5,3.66666666666667,4,5,4.22222222222222,0,28,4,4,4,5,4,4,4,5,5,5,5,5,4.54545454545455
87,4,3,4,4,3.66666666666667,4,4,3,4,4,4,5,5,5,5,5,3.66666666666667,4,5,4.22222222222222,0,28,4,4,4,5,4,4,4,5,5,5,5,5,4.54545454545455
87,5,5,4,5,4.66666666666667,4,4,3,4,4,4,5,5,5,5,5,3.66666666666667,4,5,4.22222222222222,0,28,4,4,4,5,4,4,4,5,5,5,5,5,4.54545454545455
87,6,5,4,5,4.66666666666667,4,4,3,4,4,4,5,5,5,5,5,3.66666666666667,4,5,4.22222222222222,0,28,4,4,4,5,4,4,4,5,5,5,5,5,4.54545454545455
87,7,5,5,6,5.33333333333333,4,4,3,4,4,4,5,5,5,5,5,3.66666666666667,4,5,4.22222222222222,0,28,4,4,4,5,4,4,4,5,5,5,5,5,4.54545454545455
87,8,5,5,5,5,4,4,3,4,4,4,5,5,5,5,5,3.66666666666667,4,5,4.22222222222222,0,28,4,4,4,5,4,4,4,5,5,5,5,5,4.54545454545455
87,9,4,4,4,4,4,4,3,4,4,4,5,5,5,5,5,3.66666666666667,4,5,4.22222222222222,0,28,4,4,4,5,4,4,4,5,5,5,5,5,4.54545454545455
87,10,4,4,4,4,4,4,3,4,4,4,5,5,5,5,5,3.66666666666667,4,5,4.22222222222222,0,28,4,4,4,5,4,4,4,5,5,5,5,5,4.54545454545455
88,1,4,3,4,3.66666666666667,3,4,3,4,4,3,6,5,5,5,6,3.33333333333333,3.66666666666667,5.4,4.13333333333333,0,31,3,4,4,5,5,4,4,4,5,5,4,4,4.36363636363636
88,2,4,4,4,4,3,4,3,4,4,3,6,5,5,5,6,3.33333333333333,3.66666666666667,5.4,4.13333333333333,0,31,3,4,4,5,5,4,4,4,5,5,4,4,4.36363636363636
88,3,4,3,4,3.66666666666667,3,4,3,4,4,3,6,5,5,5,6,3.33333333333333,3.66666666666667,5.4,4.13333333333333,0,31,3,4,4,5,5,4,4,4,5,5,4,4,4.36363636363636
88,4,4,3,4,3.66666666666667,3,4,3,4,4,3,6,5,5,5,6,3.33333333333333,3.66666666666667,5.4,4.13333333333333,0,31,3,4,4,5,5,4,4,4,5,5,4,4,4.36363636363636
88,5,4,4,4,4,3,4,3,4,4,3,6,5,5,5,6,3.33333333333333,3.66666666666667,5.4,4.13333333333333,0,31,3,4,4,5,5,4,4,4,5,5,4,4,4.36363636363636
88,6,5,4,4,4.33333333333333,3,4,3,4,4,3,6,5,5,5,6,3.33333333333333,3.66666666666667,5.4,4.13333333333333,0,31,3,4,4,5,5,4,4,4,5,5,4,4,4.36363636363636
88,7,4,4,5,4.33333333333333,3,4,3,4,4,3,6,5,5,5,6,3.33333333333333,3.66666666666667,5.4,4.13333333333333,0,31,3,4,4,5,5,4,4,4,5,5,4,4,4.36363636363636
88,8,5,4,5,4.66666666666667,3,4,3,4,4,3,6,5,5,5,6,3.33333333333333,3.66666666666667,5.4,4.13333333333333,0,31,3,4,4,5,5,4,4,4,5,5,4,4,4.36363636363636
88,9,4,4,4,4,3,4,3,4,4,3,6,5,5,5,6,3.33333333333333,3.66666666666667,5.4,4.13333333333333,0,31,3,4,4,5,5,4,4,4,5,5,4,4,4.36363636363636
88,10,5,4,4,4.33333333333333,3,4,3,4,4,3,6,5,5,5,6,3.33333333333333,3.66666666666667,5.4,4.13333333333333,0,31,3,4,4,5,5,4,4,4,5,5,4,4,4.36363636363636
89,1,5,5,5,5,4,4,4,4,4,4,5,4,6,5,4,4,4,4.8,4.26666666666667,0,34,3,5,4,5,4,4,4,5,4,4,4,5,4.36363636363636
89,2,6,5,5,5.33333333333333,4,4,4,4,4,4,5,4,6,5,4,4,4,4.8,4.26666666666667,0,34,3,5,4,5,4,4,4,5,4,4,4,5,4.36363636363636
89,3,6,4,5,5,4,4,4,4,4,4,5,4,6,5,4,4,4,4.8,4.26666666666667,0,34,3,5,4,5,4,4,4,5,4,4,4,5,4.36363636363636
89,4,5,4,5,4.66666666666667,4,4,4,4,4,4,5,4,6,5,4,4,4,4.8,4.26666666666667,0,34,3,5,4,5,4,4,4,5,4,4,4,5,4.36363636363636
89,5,4,3,4,3.66666666666667,4,4,4,4,4,4,5,4,6,5,4,4,4,4.8,4.26666666666667,0,34,3,5,4,5,4,4,4,5,4,4,4,5,4.36363636363636
89,6,3,4,4,3.66666666666667,4,4,4,4,4,4,5,4,6,5,4,4,4,4.8,4.26666666666667,0,34,3,5,4,5,4,4,4,5,4,4,4,5,4.36363636363636
89,7,5,4,4,4.33333333333333,4,4,4,4,4,4,5,4,6,5,4,4,4,4.8,4.26666666666667,0,34,3,5,4,5,4,4,4,5,4,4,4,5,4.36363636363636
89,8,6,5,5,5.33333333333333,4,4,4,4,4,4,5,4,6,5,4,4,4,4.8,4.26666666666667,0,34,3,5,4,5,4,4,4,5,4,4,4,5,4.36363636363636
89,9,6,5,5,5.33333333333333,4,4,4,4,4,4,5,4,6,5,4,4,4,4.8,4.26666666666667,0,34,3,5,4,5,4,4,4,5,4,4,4,5,4.36363636363636
89,10,3,4,4,3.66666666666667,4,4,4,4,4,4,5,4,6,5,4,4,4,4.8,4.26666666666667,0,34,3,5,4,5,4,4,4,5,4,4,4,5,4.36363636363636
90,1,3,3,4,3.33333333333333,4,3,3,4,4,4,4,4,3,4,4,3.33333333333333,4,3.8,3.71111111111111,1,26,6,4,5,4,5,4,5,5,4,4,5,4,4.45454545454545
90,2,4,4,4,4,4,3,3,4,4,4,4,4,3,4,4,3.33333333333333,4,3.8,3.71111111111111,1,26,6,4,5,4,5,4,5,5,4,4,5,4,4.45454545454545
90,3,4,5,4,4.33333333333333,4,3,3,4,4,4,4,4,3,4,4,3.33333333333333,4,3.8,3.71111111111111,1,26,6,4,5,4,5,4,5,5,4,4,5,4,4.45454545454545
90,4,5,5,5,5,4,3,3,4,4,4,4,4,3,4,4,3.33333333333333,4,3.8,3.71111111111111,1,26,6,4,5,4,5,4,5,5,4,4,5,4,4.45454545454545
90,5,4,4,4,4,4,3,3,4,4,4,4,4,3,4,4,3.33333333333333,4,3.8,3.71111111111111,1,26,6,4,5,4,5,4,5,5,4,4,5,4,4.45454545454545
90,6,4,3,4,3.66666666666667,4,3,3,4,4,4,4,4,3,4,4,3.33333333333333,4,3.8,3.71111111111111,1,26,6,4,5,4,5,4,5,5,4,4,5,4,4.45454545454545
90,7,4,3,4,3.66666666666667,4,3,3,4,4,4,4,4,3,4,4,3.33333333333333,4,3.8,3.71111111111111,1,26,6,4,5,4,5,4,5,5,4,4,5,4,4.45454545454545
90,8,3,4,4,3.66666666666667,4,3,3,4,4,4,4,4,3,4,4,3.33333333333333,4,3.8,3.71111111111111,1,26,6,4,5,4,5,4,5,5,4,4,5,4,4.45454545454545
90,9,5,5,5,5,4,3,3,4,4,4,4,4,3,4,4,3.33333333333333,4,3.8,3.71111111111111,1,26,6,4,5,4,5,4,5,5,4,4,5,4,4.45454545454545
90,10,5,5,6,5.33333333333333,4,3,3,4,4,4,4,4,3,4,4,3.33333333333333,4,3.8,3.71111111111111,1,26,6,4,5,4,5,4,5,5,4,4,5,4,4.45454545454545
91,1,4,3,3,3.33333333333333,4,3,4,4,4,5,3,3,3,4,4,3.66666666666667,4.33333333333333,3.4,3.8,0,36,2,4,5,4,4,4,4,5,5,4,5,5,4.45454545454545
91,2,4,4,4,4,4,3,4,4,4,5,3,3,3,4,4,3.66666666666667,4.33333333333333,3.4,3.8,0,36,2,4,5,4,4,4,4,5,5,4,5,5,4.45454545454545
91,3,4,3,3,3.33333333333333,4,3,4,4,4,5,3,3,3,4,4,3.66666666666667,4.33333333333333,3.4,3.8,0,36,2,4,5,4,4,4,4,5,5,4,5,5,4.45454545454545
91,4,5,4,5,4.66666666666667,4,3,4,4,4,5,3,3,3,4,4,3.66666666666667,4.33333333333333,3.4,3.8,0,36,2,4,5,4,4,4,4,5,5,4,5,5,4.45454545454545
91,5,5,5,6,5.33333333333333,4,3,4,4,4,5,3,3,3,4,4,3.66666666666667,4.33333333333333,3.4,3.8,0,36,2,4,5,4,4,4,4,5,5,4,5,5,4.45454545454545
91,6,5,6,5,5.33333333333333,4,3,4,4,4,5,3,3,3,4,4,3.66666666666667,4.33333333333333,3.4,3.8,0,36,2,4,5,4,4,4,4,5,5,4,5,5,4.45454545454545
91,7,5,5,5,5,4,3,4,4,4,5,3,3,3,4,4,3.66666666666667,4.33333333333333,3.4,3.8,0,36,2,4,5,4,4,4,4,5,5,4,5,5,4.45454545454545
91,8,3,4,4,3.66666666666667,4,3,4,4,4,5,3,3,3,4,4,3.66666666666667,4.33333333333333,3.4,3.8,0,36,2,4,5,4,4,4,4,5,5,4,5,5,4.45454545454545
91,9,4,4,4,4,4,3,4,4,4,5,3,3,3,4,4,3.66666666666667,4.33333333333333,3.4,3.8,0,36,2,4,5,4,4,4,4,5,5,4,5,5,4.45454545454545
91,10,4,4,4,4,4,3,4,4,4,5,3,3,3,4,4,3.66666666666667,4.33333333333333,3.4,3.8,0,36,2,4,5,4,4,4,4,5,5,4,5,5,4.45454545454545
92,1,5,6,6,5.66666666666667,4,4,4,5,4,4,4,3,4,4,4,4,4.33333333333333,3.8,4.04444444444444,1,24,3,5,5,4,4,4,5,4,4,4,4,5,4.36363636363636
92,2,6,5,5,5.33333333333333,4,4,4,5,4,4,4,3,4,4,4,4,4.33333333333333,3.8,4.04444444444444,1,24,3,5,5,4,4,4,5,4,4,4,4,5,4.36363636363636
92,3,5,5,5,5,4,4,4,5,4,4,4,3,4,4,4,4,4.33333333333333,3.8,4.04444444444444,1,24,3,5,5,4,4,4,5,4,4,4,4,5,4.36363636363636
92,4,4,4,4,4,4,4,4,5,4,4,4,3,4,4,4,4,4.33333333333333,3.8,4.04444444444444,1,24,3,5,5,4,4,4,5,4,4,4,4,5,4.36363636363636
92,5,3,3,4,3.33333333333333,4,4,4,5,4,4,4,3,4,4,4,4,4.33333333333333,3.8,4.04444444444444,1,24,3,5,5,4,4,4,5,4,4,4,4,5,4.36363636363636
92,6,4,4,4,4,4,4,4,5,4,4,4,3,4,4,4,4,4.33333333333333,3.8,4.04444444444444,1,24,3,5,5,4,4,4,5,4,4,4,4,5,4.36363636363636
92,7,4,3,3,3.33333333333333,4,4,4,5,4,4,4,3,4,4,4,4,4.33333333333333,3.8,4.04444444444444,1,24,3,5,5,4,4,4,5,4,4,4,4,5,4.36363636363636
92,8,4,3,4,3.66666666666667,4,4,4,5,4,4,4,3,4,4,4,4,4.33333333333333,3.8,4.04444444444444,1,24,3,5,5,4,4,4,5,4,4,4,4,5,4.36363636363636
92,9,5,4,5,4.66666666666667,4,4,4,5,4,4,4,3,4,4,4,4,4.33333333333333,3.8,4.04444444444444,1,24,3,5,5,4,4,4,5,4,4,4,4,5,4.36363636363636
92,10,5,5,5,5,4,4,4,5,4,4,4,3,4,4,4,4,4.33333333333333,3.8,4.04444444444444,1,24,3,5,5,4,4,4,5,4,4,4,4,5,4.36363636363636
93,1,5,4,5,4.66666666666667,3,4,3,5,5,4,4,4,4,4,3,3.33333333333333,4.66666666666667,3.8,3.93333333333333,1,36,3,5,5,6,5,5,6,5,5,5,5,5,5.18181818181818
93,2,5,5,5,5,3,4,3,5,5,4,4,4,4,4,3,3.33333333333333,4.66666666666667,3.8,3.93333333333333,1,36,3,5,5,6,5,5,6,5,5,5,5,5,5.18181818181818
93,3,5,5,5,5,3,4,3,5,5,4,4,4,4,4,3,3.33333333333333,4.66666666666667,3.8,3.93333333333333,1,36,3,5,5,6,5,5,6,5,5,5,5,5,5.18181818181818
93,4,5,5,5,5,3,4,3,5,5,4,4,4,4,4,3,3.33333333333333,4.66666666666667,3.8,3.93333333333333,1,36,3,5,5,6,5,5,6,5,5,5,5,5,5.18181818181818
93,5,4,3,4,3.66666666666667,3,4,3,5,5,4,4,4,4,4,3,3.33333333333333,4.66666666666667,3.8,3.93333333333333,1,36,3,5,5,6,5,5,6,5,5,5,5,5,5.18181818181818
93,6,3,4,4,3.66666666666667,3,4,3,5,5,4,4,4,4,4,3,3.33333333333333,4.66666666666667,3.8,3.93333333333333,1,36,3,5,5,6,5,5,6,5,5,5,5,5,5.18181818181818
93,7,5,5,4,4.66666666666667,3,4,3,5,5,4,4,4,4,4,3,3.33333333333333,4.66666666666667,3.8,3.93333333333333,1,36,3,5,5,6,5,5,6,5,5,5,5,5,5.18181818181818
93,8,5,5,5,5,3,4,3,5,5,4,4,4,4,4,3,3.33333333333333,4.66666666666667,3.8,3.93333333333333,1,36,3,5,5,6,5,5,6,5,5,5,5,5,5.18181818181818
93,9,5,5,5,5,3,4,3,5,5,4,4,4,4,4,3,3.33333333333333,4.66666666666667,3.8,3.93333333333333,1,36,3,5,5,6,5,5,6,5,5,5,5,5,5.18181818181818
93,10,5,5,6,5.33333333333333,3,4,3,5,5,4,4,4,4,4,3,3.33333333333333,4.66666666666667,3.8,3.93333333333333,1,36,3,5,5,6,5,5,6,5,5,5,5,5,5.18181818181818
94,1,6,6,5,5.66666666666667,5,4,4,4,5,4,3,4,4,4,3,4.33333333333333,4.33333333333333,3.6,4.08888888888889,1,29,3,5,5,5,5,5,5,5,5,5,6,6,5.18181818181818
94,2,3,3,4,3.33333333333333,5,4,4,4,5,4,3,4,4,4,3,4.33333333333333,4.33333333333333,3.6,4.08888888888889,1,29,3,5,5,5,5,5,5,5,5,5,6,6,5.18181818181818
94,3,4,4,4,4,5,4,4,4,5,4,3,4,4,4,3,4.33333333333333,4.33333333333333,3.6,4.08888888888889,1,29,3,5,5,5,5,5,5,5,5,5,6,6,5.18181818181818
94,4,5,4,4,4.33333333333333,5,4,4,4,5,4,3,4,4,4,3,4.33333333333333,4.33333333333333,3.6,4.08888888888889,1,29,3,5,5,5,5,5,5,5,5,5,6,6,5.18181818181818
94,5,5,5,4,4.66666666666667,5,4,4,4,5,4,3,4,4,4,3,4.33333333333333,4.33333333333333,3.6,4.08888888888889,1,29,3,5,5,5,5,5,5,5,5,5,6,6,5.18181818181818
94,6,5,5,5,5,5,4,4,4,5,4,3,4,4,4,3,4.33333333333333,4.33333333333333,3.6,4.08888888888889,1,29,3,5,5,5,5,5,5,5,5,5,6,6,5.18181818181818
94,7,4,4,4,4,5,4,4,4,5,4,3,4,4,4,3,4.33333333333333,4.33333333333333,3.6,4.08888888888889,1,29,3,5,5,5,5,5,5,5,5,5,6,6,5.18181818181818
94,8,3,4,4,3.66666666666667,5,4,4,4,5,4,3,4,4,4,3,4.33333333333333,4.33333333333333,3.6,4.08888888888889,1,29,3,5,5,5,5,5,5,5,5,5,6,6,5.18181818181818
94,9,4,4,4,4,5,4,4,4,5,4,3,4,4,4,3,4.33333333333333,4.33333333333333,3.6,4.08888888888889,1,29,3,5,5,5,5,5,5,5,5,5,6,6,5.18181818181818
94,10,5,5,5,5,5,4,4,4,5,4,3,4,4,4,3,4.33333333333333,4.33333333333333,3.6,4.08888888888889,1,29,3,5,5,5,5,5,5,5,5,5,6,6,5.18181818181818
95,1,5,4,5,4.66666666666667,4,5,4,4,4,4,4,4,4,4,4,4.33333333333333,4,4,4.11111111111111,0,25,7,6,6,5,6,5,5,5,5,5,5,5,5.27272727272727
95,2,4,4,4,4,4,5,4,4,4,4,4,4,4,4,4,4.33333333333333,4,4,4.11111111111111,0,25,7,6,6,5,6,5,5,5,5,5,5,5,5.27272727272727
95,3,4,3,4,3.66666666666667,4,5,4,4,4,4,4,4,4,4,4,4.33333333333333,4,4,4.11111111111111,0,25,7,6,6,5,6,5,5,5,5,5,5,5,5.27272727272727
95,4,5,4,4,4.33333333333333,4,5,4,4,4,4,4,4,4,4,4,4.33333333333333,4,4,4.11111111111111,0,25,7,6,6,5,6,5,5,5,5,5,5,5,5.27272727272727
95,5,4,4,4,4,4,5,4,4,4,4,4,4,4,4,4,4.33333333333333,4,4,4.11111111111111,0,25,7,6,6,5,6,5,5,5,5,5,5,5,5.27272727272727
95,6,4,5,5,4.66666666666667,4,5,4,4,4,4,4,4,4,4,4,4.33333333333333,4,4,4.11111111111111,0,25,7,6,6,5,6,5,5,5,5,5,5,5,5.27272727272727
95,7,4,4,4,4,4,5,4,4,4,4,4,4,4,4,4,4.33333333333333,4,4,4.11111111111111,0,25,7,6,6,5,6,5,5,5,5,5,5,5,5.27272727272727
95,8,5,4,5,4.66666666666667,4,5,4,4,4,4,4,4,4,4,4,4.33333333333333,4,4,4.11111111111111,0,25,7,6,6,5,6,5,5,5,5,5,5,5,5.27272727272727
95,9,4,4,5,4.33333333333333,4,5,4,4,4,4,4,4,4,4,4,4.33333333333333,4,4,4.11111111111111,0,25,7,6,6,5,6,5,5,5,5,5,5,5,5.27272727272727
95,10,3,4,4,3.66666666666667,4,5,4,4,4,4,4,4,4,4,4,4.33333333333333,4,4,4.11111111111111,0,25,7,6,6,5,6,5,5,5,5,5,5,5,5.27272727272727
96,1,4,4,4,4,5,5,5,4,4,4,4,3,3,4,4,5,4,3.6,4.2,0,37,5,5,5,6,5,5,5,5,5,5,5,5,5.09090909090909
96,2,5,4,5,4.66666666666667,5,5,5,4,4,4,4,3,3,4,4,5,4,3.6,4.2,0,37,5,5,5,6,5,5,5,5,5,5,5,5,5.09090909090909
96,3,5,5,5,5,5,5,5,4,4,4,4,3,3,4,4,5,4,3.6,4.2,0,37,5,5,5,6,5,5,5,5,5,5,5,5,5.09090909090909
96,4,4,4,5,4.33333333333333,5,5,5,4,4,4,4,3,3,4,4,5,4,3.6,4.2,0,37,5,5,5,6,5,5,5,5,5,5,5,5,5.09090909090909
96,5,5,5,5,5,5,5,5,4,4,4,4,3,3,4,4,5,4,3.6,4.2,0,37,5,5,5,6,5,5,5,5,5,5,5,5,5.09090909090909
96,6,4,4,3,3.66666666666667,5,5,5,4,4,4,4,3,3,4,4,5,4,3.6,4.2,0,37,5,5,5,6,5,5,5,5,5,5,5,5,5.09090909090909
96,7,4,4,3,3.66666666666667,5,5,5,4,4,4,4,3,3,4,4,5,4,3.6,4.2,0,37,5,5,5,6,5,5,5,5,5,5,5,5,5.09090909090909
96,8,4,5,4,4.33333333333333,5,5,5,4,4,4,4,3,3,4,4,5,4,3.6,4.2,0,37,5,5,5,6,5,5,5,5,5,5,5,5,5.09090909090909
96,9,4,4,4,4,5,5,5,4,4,4,4,3,3,4,4,5,4,3.6,4.2,0,37,5,5,5,6,5,5,5,5,5,5,5,5,5.09090909090909
96,10,5,5,5,5,5,5,5,4,4,4,4,3,3,4,4,5,4,3.6,4.2,0,37,5,5,5,6,5,5,5,5,5,5,5,5,5.09090909090909
97,1,4,3,4,3.66666666666667,5,4,4,4,4,5,4,4,4,4,5,4.33333333333333,4.33333333333333,4.2,4.28888888888889,1,33,3,6,5,5,5,6,5,5,5,5,5,5,5.18181818181818
97,2,3,4,3,3.33333333333333,5,4,4,4,4,5,4,4,4,4,5,4.33333333333333,4.33333333333333,4.2,4.28888888888889,1,33,3,6,5,5,5,6,5,5,5,5,5,5,5.18181818181818
97,3,4,4,5,4.33333333333333,5,4,4,4,4,5,4,4,4,4,5,4.33333333333333,4.33333333333333,4.2,4.28888888888889,1,33,3,6,5,5,5,6,5,5,5,5,5,5,5.18181818181818
97,4,5,5,5,5,5,4,4,4,4,5,4,4,4,4,5,4.33333333333333,4.33333333333333,4.2,4.28888888888889,1,33,3,6,5,5,5,6,5,5,5,5,5,5,5.18181818181818
97,5,5,5,5,5,5,4,4,4,4,5,4,4,4,4,5,4.33333333333333,4.33333333333333,4.2,4.28888888888889,1,33,3,6,5,5,5,6,5,5,5,5,5,5,5.18181818181818
97,6,3,3,4,3.33333333333333,5,4,4,4,4,5,4,4,4,4,5,4.33333333333333,4.33333333333333,4.2,4.28888888888889,1,33,3,6,5,5,5,6,5,5,5,5,5,5,5.18181818181818
97,7,3,4,4,3.66666666666667,5,4,4,4,4,5,4,4,4,4,5,4.33333333333333,4.33333333333333,4.2,4.28888888888889,1,33,3,6,5,5,5,6,5,5,5,5,5,5,5.18181818181818
97,8,4,4,4,4,5,4,4,4,4,5,4,4,4,4,5,4.33333333333333,4.33333333333333,4.2,4.28888888888889,1,33,3,6,5,5,5,6,5,5,5,5,5,5,5.18181818181818
97,9,3,4,4,3.66666666666667,5,4,4,4,4,5,4,4,4,4,5,4.33333333333333,4.33333333333333,4.2,4.28888888888889,1,33,3,6,5,5,5,6,5,5,5,5,5,5,5.18181818181818
97,10,4,4,4,4,5,4,4,4,4,5,4,4,4,4,5,4.33333333333333,4.33333333333333,4.2,4.28888888888889,1,33,3,6,5,5,5,6,5,5,5,5,5,5,5.18181818181818
98,1,5,5,6,5.33333333333333,4,5,4,4,4,4,4,4,4,5,5,4.33333333333333,4,4.4,4.24444444444444,0,23,6,5,6,5,5,5,6,5,6,6,5,6,5.45454545454545
98,2,6,5,5,5.33333333333333,4,5,4,4,4,4,4,4,4,5,5,4.33333333333333,4,4.4,4.24444444444444,0,23,6,5,6,5,5,5,6,5,6,6,5,6,5.45454545454545
98,3,3,4,4,3.66666666666667,4,5,4,4,4,4,4,4,4,5,5,4.33333333333333,4,4.4,4.24444444444444,0,23,6,5,6,5,5,5,6,5,6,6,5,6,5.45454545454545
98,4,6,6,5,5.66666666666667,4,5,4,4,4,4,4,4,4,5,5,4.33333333333333,4,4.4,4.24444444444444,0,23,6,5,6,5,5,5,6,5,6,6,5,6,5.45454545454545
98,5,6,6,5,5.66666666666667,4,5,4,4,4,4,4,4,4,5,5,4.33333333333333,4,4.4,4.24444444444444,0,23,6,5,6,5,5,5,6,5,6,6,5,6,5.45454545454545
98,6,5,5,6,5.33333333333333,4,5,4,4,4,4,4,4,4,5,5,4.33333333333333,4,4.4,4.24444444444444,0,23,6,5,6,5,5,5,6,5,6,6,5,6,5.45454545454545
98,7,4,4,4,4,4,5,4,4,4,4,4,4,4,5,5,4.33333333333333,4,4.4,4.24444444444444,0,23,6,5,6,5,5,5,6,5,6,6,5,6,5.45454545454545
98,8,4,4,3,3.66666666666667,4,5,4,4,4,4,4,4,4,5,5,4.33333333333333,4,4.4,4.24444444444444,0,23,6,5,6,5,5,5,6,5,6,6,5,6,5.45454545454545
98,9,4,4,4,4,4,5,4,4,4,4,4,4,4,5,5,4.33333333333333,4,4.4,4.24444444444444,0,23,6,5,6,5,5,5,6,5,6,6,5,6,5.45454545454545
98,10,3,4,3,3.33333333333333,4,5,4,4,4,4,4,4,4,5,5,4.33333333333333,4,4.4,4.24444444444444,0,23,6,5,6,5,5,5,6,5,6,6,5,6,5.45454545454545
99,1,3,3,4,3.33333333333333,4,5,5,5,4,5,4,4,4,4,4,4.66666666666667,4.66666666666667,4,4.44444444444444,0,27,4,5,6,5,5,6,5,5,5,5,5,5,5.18181818181818
99,2,4,4,3,3.66666666666667,4,5,5,5,4,5,4,4,4,4,4,4.66666666666667,4.66666666666667,4,4.44444444444444,0,27,4,5,6,5,5,6,5,5,5,5,5,5,5.18181818181818
99,3,4,3,4,3.66666666666667,4,5,5,5,4,5,4,4,4,4,4,4.66666666666667,4.66666666666667,4,4.44444444444444,0,27,4,5,6,5,5,6,5,5,5,5,5,5,5.18181818181818
99,4,4,3,3,3.33333333333333,4,5,5,5,4,5,4,4,4,4,4,4.66666666666667,4.66666666666667,4,4.44444444444444,0,27,4,5,6,5,5,6,5,5,5,5,5,5,5.18181818181818
99,5,4,4,4,4,4,5,5,5,4,5,4,4,4,4,4,4.66666666666667,4.66666666666667,4,4.44444444444444,0,27,4,5,6,5,5,6,5,5,5,5,5,5,5.18181818181818
99,6,4,4,3,3.66666666666667,4,5,5,5,4,5,4,4,4,4,4,4.66666666666667,4.66666666666667,4,4.44444444444444,0,27,4,5,6,5,5,6,5,5,5,5,5,5,5.18181818181818
99,7,4,4,4,4,4,5,5,5,4,5,4,4,4,4,4,4.66666666666667,4.66666666666667,4,4.44444444444444,0,27,4,5,6,5,5,6,5,5,5,5,5,5,5.18181818181818
99,8,3,3,4,3.33333333333333,4,5,5,5,4,5,4,4,4,4,4,4.66666666666667,4.66666666666667,4,4.44444444444444,0,27,4,5,6,5,5,6,5,5,5,5,5,5,5.18181818181818
99,9,4,3,4,3.66666666666667,4,5,5,5,4,5,4,4,4,4,4,4.66666666666667,4.66666666666667,4,4.44444444444444,0,27,4,5,6,5,5,6,5,5,5,5,5,5,5.18181818181818
99,10,4,3,4,3.66666666666667,4,5,5,5,4,5,4,4,4,4,4,4.66666666666667,4.66666666666667,4,4.44444444444444,0,27,4,5,6,5,5,6,5,5,5,5,5,5,5.18181818181818
100,1,4,4,4,4,5,5,5,5,6,6,5,4,5,5,5,5,5.66666666666667,4.8,5.15555555555556,0,26,6,5,5,5,6,5,5,5,5,5,5,5,5.09090909090909
100,2,3,4,4,3.66666666666667,5,5,5,5,6,6,5,4,5,5,5,5,5.66666666666667,4.8,5.15555555555556,0,26,6,5,5,5,6,5,5,5,5,5,5,5,5.09090909090909
100,3,3,3,4,3.33333333333333,5,5,5,5,6,6,5,4,5,5,5,5,5.66666666666667,4.8,5.15555555555556,0,26,6,5,5,5,6,5,5,5,5,5,5,5,5.09090909090909
100,4,4,3,4,3.66666666666667,5,5,5,5,6,6,5,4,5,5,5,5,5.66666666666667,4.8,5.15555555555556,0,26,6,5,5,5,6,5,5,5,5,5,5,5,5.09090909090909
100,5,4,4,4,4,5,5,5,5,6,6,5,4,5,5,5,5,5.66666666666667,4.8,5.15555555555556,0,26,6,5,5,5,6,5,5,5,5,5,5,5,5.09090909090909
100,6,4,4,4,4,5,5,5,5,6,6,5,4,5,5,5,5,5.66666666666667,4.8,5.15555555555556,0,26,6,5,5,5,6,5,5,5,5,5,5,5,5.09090909090909
100,7,4,4,3,3.66666666666667,5,5,5,5,6,6,5,4,5,5,5,5,5.66666666666667,4.8,5.15555555555556,0,26,6,5,5,5,6,5,5,5,5,5,5,5,5.09090909090909
100,8,4,4,4,4,5,5,5,5,6,6,5,4,5,5,5,5,5.66666666666667,4.8,5.15555555555556,0,26,6,5,5,5,6,5,5,5,5,5,5,5,5.09090909090909
100,9,4,3,4,3.66666666666667,5,5,5,5,6,6,5,4,5,5,5,5,5.66666666666667,4.8,5.15555555555556,0,26,6,5,5,5,6,5,5,5,5,5,5,5,5.09090909090909
100,10,4,4,3,3.66666666666667,5,5,5,5,6,6,5,4,5,5,5,5,5.66666666666667,4.8,5.15555555555556,0,26,6,5,5,5,6,5,5,5,5,5,5,5,5.09090909090909
101,1,4,3,4,3.66666666666667,4,5,4,5,5,5,5,5,4,4,5,4.33333333333333,5,4.6,4.64444444444444,0,36,7,5,5,5,5,5,5,6,5,5,5,6,5.18181818181818
101,2,4,4,3,3.66666666666667,4,5,4,5,5,5,5,5,4,4,5,4.33333333333333,5,4.6,4.64444444444444,0,36,7,5,5,5,5,5,5,6,5,5,5,6,5.18181818181818
101,3,4,4,4,4,4,5,4,5,5,5,5,5,4,4,5,4.33333333333333,5,4.6,4.64444444444444,0,36,7,5,5,5,5,5,5,6,5,5,5,6,5.18181818181818
101,4,4,4,4,4,4,5,4,5,5,5,5,5,4,4,5,4.33333333333333,5,4.6,4.64444444444444,0,36,7,5,5,5,5,5,5,6,5,5,5,6,5.18181818181818
101,5,3,4,4,3.66666666666667,4,5,4,5,5,5,5,5,4,4,5,4.33333333333333,5,4.6,4.64444444444444,0,36,7,5,5,5,5,5,5,6,5,5,5,6,5.18181818181818
101,6,3,4,4,3.66666666666667,4,5,4,5,5,5,5,5,4,4,5,4.33333333333333,5,4.6,4.64444444444444,0,36,7,5,5,5,5,5,5,6,5,5,5,6,5.18181818181818
101,7,4,4,4,4,4,5,4,5,5,5,5,5,4,4,5,4.33333333333333,5,4.6,4.64444444444444,0,36,7,5,5,5,5,5,5,6,5,5,5,6,5.18181818181818
101,8,4,3,4,3.66666666666667,4,5,4,5,5,5,5,5,4,4,5,4.33333333333333,5,4.6,4.64444444444444,0,36,7,5,5,5,5,5,5,6,5,5,5,6,5.18181818181818
101,9,4,4,3,3.66666666666667,4,5,4,5,5,5,5,5,4,4,5,4.33333333333333,5,4.6,4.64444444444444,0,36,7,5,5,5,5,5,5,6,5,5,5,6,5.18181818181818
101,10,4,3,4,3.66666666666667,4,5,4,5,5,5,5,5,4,4,5,4.33333333333333,5,4.6,4.64444444444444,0,36,7,5,5,5,5,5,5,6,5,5,5,6,5.18181818181818
102,1,4,4,4,4,4,5,4,5,6,5,4,4,4,4,4,4.33333333333333,5.33333333333333,4,4.55555555555556,1,30,3,5,5,6,5,6,5,5,6,5,6,5,5.36363636363636
102,2,4,4,3,3.66666666666667,4,5,4,5,6,5,4,4,4,4,4,4.33333333333333,5.33333333333333,4,4.55555555555556,1,30,3,5,5,6,5,6,5,5,6,5,6,5,5.36363636363636
102,3,4,4,4,4,4,5,4,5,6,5,4,4,4,4,4,4.33333333333333,5.33333333333333,4,4.55555555555556,1,30,3,5,5,6,5,6,5,5,6,5,6,5,5.36363636363636
102,4,3,4,4,3.66666666666667,4,5,4,5,6,5,4,4,4,4,4,4.33333333333333,5.33333333333333,4,4.55555555555556,1,30,3,5,5,6,5,6,5,5,6,5,6,5,5.36363636363636
102,5,4,4,4,4,4,5,4,5,6,5,4,4,4,4,4,4.33333333333333,5.33333333333333,4,4.55555555555556,1,30,3,5,5,6,5,6,5,5,6,5,6,5,5.36363636363636
102,6,4,4,4,4,4,5,4,5,6,5,4,4,4,4,4,4.33333333333333,5.33333333333333,4,4.55555555555556,1,30,3,5,5,6,5,6,5,5,6,5,6,5,5.36363636363636
102,7,4,4,4,4,4,5,4,5,6,5,4,4,4,4,4,4.33333333333333,5.33333333333333,4,4.55555555555556,1,30,3,5,5,6,5,6,5,5,6,5,6,5,5.36363636363636
102,8,4,4,4,4,4,5,4,5,6,5,4,4,4,4,4,4.33333333333333,5.33333333333333,4,4.55555555555556,1,30,3,5,5,6,5,6,5,5,6,5,6,5,5.36363636363636
102,9,4,4,3,3.66666666666667,4,5,4,5,6,5,4,4,4,4,4,4.33333333333333,5.33333333333333,4,4.55555555555556,1,30,3,5,5,6,5,6,5,5,6,5,6,5,5.36363636363636
102,10,3,3,4,3.33333333333333,4,5,4,5,6,5,4,4,4,4,4,4.33333333333333,5.33333333333333,4,4.55555555555556,1,30,3,5,5,6,5,6,5,5,6,5,6,5,5.36363636363636
103,1,4,3,4,3.66666666666667,4,5,5,5,6,5,4,5,5,4,4,4.66666666666667,5.33333333333333,4.4,4.8,0,24,7,5,6,5,5,5,5,5,5,5,6,6,5.27272727272727
103,2,4,4,3,3.66666666666667,4,5,5,5,6,5,4,5,5,4,4,4.66666666666667,5.33333333333333,4.4,4.8,0,24,7,5,6,5,5,5,5,5,5,5,6,6,5.27272727272727
103,3,3,4,4,3.66666666666667,4,5,5,5,6,5,4,5,5,4,4,4.66666666666667,5.33333333333333,4.4,4.8,0,24,7,5,6,5,5,5,5,5,5,5,6,6,5.27272727272727
103,4,4,4,4,4,4,5,5,5,6,5,4,5,5,4,4,4.66666666666667,5.33333333333333,4.4,4.8,0,24,7,5,6,5,5,5,5,5,5,5,6,6,5.27272727272727
103,5,3,4,4,3.66666666666667,4,5,5,5,6,5,4,5,5,4,4,4.66666666666667,5.33333333333333,4.4,4.8,0,24,7,5,6,5,5,5,5,5,5,5,6,6,5.27272727272727
103,6,4,3,4,3.66666666666667,4,5,5,5,6,5,4,5,5,4,4,4.66666666666667,5.33333333333333,4.4,4.8,0,24,7,5,6,5,5,5,5,5,5,5,6,6,5.27272727272727
103,7,4,4,3,3.66666666666667,4,5,5,5,6,5,4,5,5,4,4,4.66666666666667,5.33333333333333,4.4,4.8,0,24,7,5,6,5,5,5,5,5,5,5,6,6,5.27272727272727
103,8,3,4,4,3.66666666666667,4,5,5,5,6,5,4,5,5,4,4,4.66666666666667,5.33333333333333,4.4,4.8,0,24,7,5,6,5,5,5,5,5,5,5,6,6,5.27272727272727
103,9,4,4,3,3.66666666666667,4,5,5,5,6,5,4,5,5,4,4,4.66666666666667,5.33333333333333,4.4,4.8,0,24,7,5,6,5,5,5,5,5,5,5,6,6,5.27272727272727
103,10,4,4,4,4,4,5,5,5,6,5,4,5,5,4,4,4.66666666666667,5.33333333333333,4.4,4.8,0,24,7,5,6,5,5,5,5,5,5,5,6,6,5.27272727272727
104,1,4,3,4,3.66666666666667,4,4,5,5,5,5,4,5,4,4,4,4.33333333333333,5,4.2,4.51111111111111,0,37,6,5,5,5,5,5,5,6,5,5,5,5,5.09090909090909
104,2,3,3,3,3,4,4,5,5,5,5,4,5,4,4,4,4.33333333333333,5,4.2,4.51111111111111,0,37,6,5,5,5,5,5,5,6,5,5,5,5,5.09090909090909
104,3,4,4,4,4,4,4,5,5,5,5,4,5,4,4,4,4.33333333333333,5,4.2,4.51111111111111,0,37,6,5,5,5,5,5,5,6,5,5,5,5,5.09090909090909
104,4,4,4,3,3.66666666666667,4,4,5,5,5,5,4,5,4,4,4,4.33333333333333,5,4.2,4.51111111111111,0,37,6,5,5,5,5,5,5,6,5,5,5,5,5.09090909090909
104,5,3,4,4,3.66666666666667,4,4,5,5,5,5,4,5,4,4,4,4.33333333333333,5,4.2,4.51111111111111,0,37,6,5,5,5,5,5,5,6,5,5,5,5,5.09090909090909
104,6,3,4,4,3.66666666666667,4,4,5,5,5,5,4,5,4,4,4,4.33333333333333,5,4.2,4.51111111111111,0,37,6,5,5,5,5,5,5,6,5,5,5,5,5.09090909090909
104,7,4,3,3,3.33333333333333,4,4,5,5,5,5,4,5,4,4,4,4.33333333333333,5,4.2,4.51111111111111,0,37,6,5,5,5,5,5,5,6,5,5,5,5,5.09090909090909
104,8,4,4,4,4,4,4,5,5,5,5,4,5,4,4,4,4.33333333333333,5,4.2,4.51111111111111,0,37,6,5,5,5,5,5,5,6,5,5,5,5,5.09090909090909
104,9,4,4,3,3.66666666666667,4,4,5,5,5,5,4,5,4,4,4,4.33333333333333,5,4.2,4.51111111111111,0,37,6,5,5,5,5,5,5,6,5,5,5,5,5.09090909090909
104,10,4,4,4,4,4,4,5,5,5,5,4,5,4,4,4,4.33333333333333,5,4.2,4.51111111111111,0,37,6,5,5,5,5,5,5,6,5,5,5,5,5.09090909090909
105,1,4,4,3,3.66666666666667,4,4,5,6,5,5,5,4,4,4,4,4.33333333333333,5.33333333333333,4.2,4.62222222222222,0,30,6,5,5,6,5,5,5,5,5,6,5,5,5.18181818181818
105,2,4,3,4,3.66666666666667,4,4,5,6,5,5,5,4,4,4,4,4.33333333333333,5.33333333333333,4.2,4.62222222222222,0,30,6,5,5,6,5,5,5,5,5,6,5,5,5.18181818181818
105,3,3,4,4,3.66666666666667,4,4,5,6,5,5,5,4,4,4,4,4.33333333333333,5.33333333333333,4.2,4.62222222222222,0,30,6,5,5,6,5,5,5,5,5,6,5,5,5.18181818181818
105,4,4,3,3,3.33333333333333,4,4,5,6,5,5,5,4,4,4,4,4.33333333333333,5.33333333333333,4.2,4.62222222222222,0,30,6,5,5,6,5,5,5,5,5,6,5,5,5.18181818181818
105,5,4,4,4,4,4,4,5,6,5,5,5,4,4,4,4,4.33333333333333,5.33333333333333,4.2,4.62222222222222,0,30,6,5,5,6,5,5,5,5,5,6,5,5,5.18181818181818
105,6,4,4,4,4,4,4,5,6,5,5,5,4,4,4,4,4.33333333333333,5.33333333333333,4.2,4.62222222222222,0,30,6,5,5,6,5,5,5,5,5,6,5,5,5.18181818181818
105,7,3,4,3,3.33333333333333,4,4,5,6,5,5,5,4,4,4,4,4.33333333333333,5.33333333333333,4.2,4.62222222222222,0,30,6,5,5,6,5,5,5,5,5,6,5,5,5.18181818181818
105,8,4,4,3,3.66666666666667,4,4,5,6,5,5,5,4,4,4,4,4.33333333333333,5.33333333333333,4.2,4.62222222222222,0,30,6,5,5,6,5,5,5,5,5,6,5,5,5.18181818181818
105,9,4,3,4,3.66666666666667,4,4,5,6,5,5,5,4,4,4,4,4.33333333333333,5.33333333333333,4.2,4.62222222222222,0,30,6,5,5,6,5,5,5,5,5,6,5,5,5.18181818181818
105,10,3,4,3,3.33333333333333,4,4,5,6,5,5,5,4,4,4,4,4.33333333333333,5.33333333333333,4.2,4.62222222222222,0,30,6,5,5,6,5,5,5,5,5,6,5,5,5.18181818181818
106,1,4,3,4,3.66666666666667,4,4,4,5,5,6,5,5,6,5,5,4,5.33333333333333,5.2,4.84444444444444,0,24,2,4,5,4,5,5,5,5,4,5,5,6,4.81818181818182
106,2,4,4,4,4,4,4,4,5,5,6,5,5,6,5,5,4,5.33333333333333,5.2,4.84444444444444,0,24,2,4,5,4,5,5,5,5,4,5,5,6,4.81818181818182
106,3,4,4,4,4,4,4,4,5,5,6,5,5,6,5,5,4,5.33333333333333,5.2,4.84444444444444,0,24,2,4,5,4,5,5,5,5,4,5,5,6,4.81818181818182
106,4,3,4,4,3.66666666666667,4,4,4,5,5,6,5,5,6,5,5,4,5.33333333333333,5.2,4.84444444444444,0,24,2,4,5,4,5,5,5,5,4,5,5,6,4.81818181818182
106,5,3,4,4,3.66666666666667,4,4,4,5,5,6,5,5,6,5,5,4,5.33333333333333,5.2,4.84444444444444,0,24,2,4,5,4,5,5,5,5,4,5,5,6,4.81818181818182
106,6,4,3,3,3.33333333333333,4,4,4,5,5,6,5,5,6,5,5,4,5.33333333333333,5.2,4.84444444444444,0,24,2,4,5,4,5,5,5,5,4,5,5,6,4.81818181818182
106,7,3,3,3,3,4,4,4,5,5,6,5,5,6,5,5,4,5.33333333333333,5.2,4.84444444444444,0,24,2,4,5,4,5,5,5,5,4,5,5,6,4.81818181818182
106,8,4,3,4,3.66666666666667,4,4,4,5,5,6,5,5,6,5,5,4,5.33333333333333,5.2,4.84444444444444,0,24,2,4,5,4,5,5,5,5,4,5,5,6,4.81818181818182
106,9,4,4,4,4,4,4,4,5,5,6,5,5,6,5,5,4,5.33333333333333,5.2,4.84444444444444,0,24,2,4,5,4,5,5,5,5,4,5,5,6,4.81818181818182
106,10,4,4,3,3.66666666666667,4,4,4,5,5,6,5,5,6,5,5,4,5.33333333333333,5.2,4.84444444444444,0,24,2,4,5,4,5,5,5,5,4,5,5,6,4.81818181818182
107,1,4,3,4,3.66666666666667,4,4,5,5,6,6,5,5,5,6,5,4.33333333333333,5.66666666666667,5.2,5.06666666666667,1,24,6,4,5,4,6,4,5,6,4,4,5,4,4.63636363636364
107,2,4,4,4,4,4,4,5,5,6,6,5,5,5,6,5,4.33333333333333,5.66666666666667,5.2,5.06666666666667,1,24,6,4,5,4,6,4,5,6,4,4,5,4,4.63636363636364
107,3,4,4,4,4,4,4,5,5,6,6,5,5,5,6,5,4.33333333333333,5.66666666666667,5.2,5.06666666666667,1,24,6,4,5,4,6,4,5,6,4,4,5,4,4.63636363636364
107,4,4,4,3,3.66666666666667,4,4,5,5,6,6,5,5,5,6,5,4.33333333333333,5.66666666666667,5.2,5.06666666666667,1,24,6,4,5,4,6,4,5,6,4,4,5,4,4.63636363636364
107,5,4,4,4,4,4,4,5,5,6,6,5,5,5,6,5,4.33333333333333,5.66666666666667,5.2,5.06666666666667,1,24,6,4,5,4,6,4,5,6,4,4,5,4,4.63636363636364
107,6,4,3,4,3.66666666666667,4,4,5,5,6,6,5,5,5,6,5,4.33333333333333,5.66666666666667,5.2,5.06666666666667,1,24,6,4,5,4,6,4,5,6,4,4,5,4,4.63636363636364
107,7,4,4,4,4,4,4,5,5,6,6,5,5,5,6,5,4.33333333333333,5.66666666666667,5.2,5.06666666666667,1,24,6,4,5,4,6,4,5,6,4,4,5,4,4.63636363636364
107,8,4,4,4,4,4,4,5,5,6,6,5,5,5,6,5,4.33333333333333,5.66666666666667,5.2,5.06666666666667,1,24,6,4,5,4,6,4,5,6,4,4,5,4,4.63636363636364
107,9,4,4,3,3.66666666666667,4,4,5,5,6,6,5,5,5,6,5,4.33333333333333,5.66666666666667,5.2,5.06666666666667,1,24,6,4,5,4,6,4,5,6,4,4,5,4,4.63636363636364
107,10,4,3,4,3.66666666666667,4,4,5,5,6,6,5,5,5,6,5,4.33333333333333,5.66666666666667,5.2,5.06666666666667,1,24,6,4,5,4,6,4,5,6,4,4,5,4,4.63636363636364
108,1,3,4,4,3.66666666666667,4,5,4,6,5,5,5,5,5,5,5,4.33333333333333,5.33333333333333,5,4.88888888888889,0,33,3,5,4,4,4,5,4,5,5,5,4,6,4.63636363636364
108,2,3,4,4,3.66666666666667,4,5,4,6,5,5,5,5,5,5,5,4.33333333333333,5.33333333333333,5,4.88888888888889,0,33,3,5,4,4,4,5,4,5,5,5,4,6,4.63636363636364
108,3,4,4,4,4,4,5,4,6,5,5,5,5,5,5,5,4.33333333333333,5.33333333333333,5,4.88888888888889,0,33,3,5,4,4,4,5,4,5,5,5,4,6,4.63636363636364
108,4,4,4,4,4,4,5,4,6,5,5,5,5,5,5,5,4.33333333333333,5.33333333333333,5,4.88888888888889,0,33,3,5,4,4,4,5,4,5,5,5,4,6,4.63636363636364
108,5,3,3,3,3,4,5,4,6,5,5,5,5,5,5,5,4.33333333333333,5.33333333333333,5,4.88888888888889,0,33,3,5,4,4,4,5,4,5,5,5,4,6,4.63636363636364
108,6,3,3,4,3.33333333333333,4,5,4,6,5,5,5,5,5,5,5,4.33333333333333,5.33333333333333,5,4.88888888888889,0,33,3,5,4,4,4,5,4,5,5,5,4,6,4.63636363636364
108,7,3,4,3,3.33333333333333,4,5,4,6,5,5,5,5,5,5,5,4.33333333333333,5.33333333333333,5,4.88888888888889,0,33,3,5,4,4,4,5,4,5,5,5,4,6,4.63636363636364
108,8,4,4,4,4,4,5,4,6,5,5,5,5,5,5,5,4.33333333333333,5.33333333333333,5,4.88888888888889,0,33,3,5,4,4,4,5,4,5,5,5,4,6,4.63636363636364
108,9,3,4,4,3.66666666666667,4,5,4,6,5,5,5,5,5,5,5,4.33333333333333,5.33333333333333,5,4.88888888888889,0,33,3,5,4,4,4,5,4,5,5,5,4,6,4.63636363636364
108,10,3,4,3,3.33333333333333,4,5,4,6,5,5,5,5,5,5,5,4.33333333333333,5.33333333333333,5,4.88888888888889,0,33,3,5,4,4,4,5,4,5,5,5,4,6,4.63636363636364
109,1,4,4,4,4,5,4,4,5,5,5,5,5,6,5,5,4.33333333333333,5,5.2,4.84444444444444,1,29,3,4,5,5,4,6,4,5,4,4,6,4,4.63636363636364
109,2,4,3,4,3.66666666666667,5,4,4,5,5,5,5,5,6,5,5,4.33333333333333,5,5.2,4.84444444444444,1,29,3,4,5,5,4,6,4,5,4,4,6,4,4.63636363636364
109,3,4,4,4,4,5,4,4,5,5,5,5,5,6,5,5,4.33333333333333,5,5.2,4.84444444444444,1,29,3,4,5,5,4,6,4,5,4,4,6,4,4.63636363636364
109,4,4,4,4,4,5,4,4,5,5,5,5,5,6,5,5,4.33333333333333,5,5.2,4.84444444444444,1,29,3,4,5,5,4,6,4,5,4,4,6,4,4.63636363636364
109,5,4,4,3,3.66666666666667,5,4,4,5,5,5,5,5,6,5,5,4.33333333333333,5,5.2,4.84444444444444,1,29,3,4,5,5,4,6,4,5,4,4,6,4,4.63636363636364
109,6,4,3,4,3.66666666666667,5,4,4,5,5,5,5,5,6,5,5,4.33333333333333,5,5.2,4.84444444444444,1,29,3,4,5,5,4,6,4,5,4,4,6,4,4.63636363636364
109,7,4,3,4,3.66666666666667,5,4,4,5,5,5,5,5,6,5,5,4.33333333333333,5,5.2,4.84444444444444,1,29,3,4,5,5,4,6,4,5,4,4,6,4,4.63636363636364
109,8,4,4,3,3.66666666666667,5,4,4,5,5,5,5,5,6,5,5,4.33333333333333,5,5.2,4.84444444444444,1,29,3,4,5,5,4,6,4,5,4,4,6,4,4.63636363636364
109,9,3,3,4,3.33333333333333,5,4,4,5,5,5,5,5,6,5,5,4.33333333333333,5,5.2,4.84444444444444,1,29,3,4,5,5,4,6,4,5,4,4,6,4,4.63636363636364
109,10,3,4,4,3.66666666666667,5,4,4,5,5,5,5,5,6,5,5,4.33333333333333,5,5.2,4.84444444444444,1,29,3,4,5,5,4,6,4,5,4,4,6,4,4.63636363636364
110,1,4,3,4,3.66666666666667,4,4,4,4,5,4,5,5,5,5,6,4,4.33333333333333,5.2,4.51111111111111,0,27,2,5,6,5,4,4,4,5,5,5,5,5,4.81818181818182
110,2,4,4,3,3.66666666666667,4,4,4,4,5,4,5,5,5,5,6,4,4.33333333333333,5.2,4.51111111111111,0,27,2,5,6,5,4,4,4,5,5,5,5,5,4.81818181818182
110,3,3,4,4,3.66666666666667,4,4,4,4,5,4,5,5,5,5,6,4,4.33333333333333,5.2,4.51111111111111,0,27,2,5,6,5,4,4,4,5,5,5,5,5,4.81818181818182
110,4,3,4,3,3.33333333333333,4,4,4,4,5,4,5,5,5,5,6,4,4.33333333333333,5.2,4.51111111111111,0,27,2,5,6,5,4,4,4,5,5,5,5,5,4.81818181818182
110,5,4,3,4,3.66666666666667,4,4,4,4,5,4,5,5,5,5,6,4,4.33333333333333,5.2,4.51111111111111,0,27,2,5,6,5,4,4,4,5,5,5,5,5,4.81818181818182
110,6,4,4,4,4,4,4,4,4,5,4,5,5,5,5,6,4,4.33333333333333,5.2,4.51111111111111,0,27,2,5,6,5,4,4,4,5,5,5,5,5,4.81818181818182
110,7,4,4,3,3.66666666666667,4,4,4,4,5,4,5,5,5,5,6,4,4.33333333333333,5.2,4.51111111111111,0,27,2,5,6,5,4,4,4,5,5,5,5,5,4.81818181818182
110,8,3,3,3,3,4,4,4,4,5,4,5,5,5,5,6,4,4.33333333333333,5.2,4.51111111111111,0,27,2,5,6,5,4,4,4,5,5,5,5,5,4.81818181818182
110,9,4,4,4,4,4,4,4,4,5,4,5,5,5,5,6,4,4.33333333333333,5.2,4.51111111111111,0,27,2,5,6,5,4,4,4,5,5,5,5,5,4.81818181818182
110,10,4,4,4,4,4,4,4,4,5,4,5,5,5,5,6,4,4.33333333333333,5.2,4.51111111111111,0,27,2,5,6,5,4,4,4,5,5,5,5,5,4.81818181818182
111,1,4,4,4,4,4,4,4,4,5,5,5,6,5,5,5,4,4.66666666666667,5.2,4.62222222222222,1,30,2,5,5,5,6,5,6,6,6,5,4,4,5.18181818181818
111,2,4,4,4,4,4,4,4,4,5,5,5,6,5,5,5,4,4.66666666666667,5.2,4.62222222222222,1,30,2,5,5,5,6,5,6,6,6,5,4,4,5.18181818181818
111,3,4,4,3,3.66666666666667,4,4,4,4,5,5,5,6,5,5,5,4,4.66666666666667,5.2,4.62222222222222,1,30,2,5,5,5,6,5,6,6,6,5,4,4,5.18181818181818
111,4,4,4,3,3.66666666666667,4,4,4,4,5,5,5,6,5,5,5,4,4.66666666666667,5.2,4.62222222222222,1,30,2,5,5,5,6,5,6,6,6,5,4,4,5.18181818181818
111,5,3,4,4,3.66666666666667,4,4,4,4,5,5,5,6,5,5,5,4,4.66666666666667,5.2,4.62222222222222,1,30,2,5,5,5,6,5,6,6,6,5,4,4,5.18181818181818
111,6,4,3,4,3.66666666666667,4,4,4,4,5,5,5,6,5,5,5,4,4.66666666666667,5.2,4.62222222222222,1,30,2,5,5,5,6,5,6,6,6,5,4,4,5.18181818181818
111,7,4,4,3,3.66666666666667,4,4,4,4,5,5,5,6,5,5,5,4,4.66666666666667,5.2,4.62222222222222,1,30,2,5,5,5,6,5,6,6,6,5,4,4,5.18181818181818
111,8,4,4,4,4,4,4,4,4,5,5,5,6,5,5,5,4,4.66666666666667,5.2,4.62222222222222,1,30,2,5,5,5,6,5,6,6,6,5,4,4,5.18181818181818
111,9,3,3,4,3.33333333333333,4,4,4,4,5,5,5,6,5,5,5,4,4.66666666666667,5.2,4.62222222222222,1,30,2,5,5,5,6,5,6,6,6,5,4,4,5.18181818181818
111,10,4,3,4,3.66666666666667,4,4,4,4,5,5,5,6,5,5,5,4,4.66666666666667,5.2,4.62222222222222,1,30,2,5,5,5,6,5,6,6,6,5,4,4,5.18181818181818
112,1,4,4,3,3.66666666666667,5,5,4,5,4,5,5,6,5,5,5,4.66666666666667,4.66666666666667,5.2,4.84444444444444,0,27,3,6,4,5,4,6,5,5,5,4,4,4,4.72727272727273
112,2,4,3,3,3.33333333333333,5,5,4,5,4,5,5,6,5,5,5,4.66666666666667,4.66666666666667,5.2,4.84444444444444,0,27,3,6,4,5,4,6,5,5,5,4,4,4,4.72727272727273
112,3,4,4,4,4,5,5,4,5,4,5,5,6,5,5,5,4.66666666666667,4.66666666666667,5.2,4.84444444444444,0,27,3,6,4,5,4,6,5,5,5,4,4,4,4.72727272727273
112,4,4,3,3,3.33333333333333,5,5,4,5,4,5,5,6,5,5,5,4.66666666666667,4.66666666666667,5.2,4.84444444444444,0,27,3,6,4,5,4,6,5,5,5,4,4,4,4.72727272727273
112,5,4,4,4,4,5,5,4,5,4,5,5,6,5,5,5,4.66666666666667,4.66666666666667,5.2,4.84444444444444,0,27,3,6,4,5,4,6,5,5,5,4,4,4,4.72727272727273
112,6,4,3,3,3.33333333333333,5,5,4,5,4,5,5,6,5,5,5,4.66666666666667,4.66666666666667,5.2,4.84444444444444,0,27,3,6,4,5,4,6,5,5,5,4,4,4,4.72727272727273
112,7,4,4,3,3.66666666666667,5,5,4,5,4,5,5,6,5,5,5,4.66666666666667,4.66666666666667,5.2,4.84444444444444,0,27,3,6,4,5,4,6,5,5,5,4,4,4,4.72727272727273
112,8,4,4,3,3.66666666666667,5,5,4,5,4,5,5,6,5,5,5,4.66666666666667,4.66666666666667,5.2,4.84444444444444,0,27,3,6,4,5,4,6,5,5,5,4,4,4,4.72727272727273
112,9,3,4,4,3.66666666666667,5,5,4,5,4,5,5,6,5,5,5,4.66666666666667,4.66666666666667,5.2,4.84444444444444,0,27,3,6,4,5,4,6,5,5,5,4,4,4,4.72727272727273
112,10,4,4,4,4,5,5,4,5,4,5,5,6,5,5,5,4.66666666666667,4.66666666666667,5.2,4.84444444444444,0,27,3,6,4,5,4,6,5,5,5,4,4,4,4.72727272727273
113,1,3,4,4,3.66666666666667,4,4,5,5,4,6,6,5,5,6,5,4.33333333333333,5,5.4,4.91111111111111,0,33,3,4,3,3,4,3,4,3,3,4,4,4,3.54545454545455
113,2,4,3,3,3.33333333333333,4,4,5,5,4,6,6,5,5,6,5,4.33333333333333,5,5.4,4.91111111111111,0,33,3,4,3,3,4,3,4,3,3,4,4,4,3.54545454545455
113,3,4,3,4,3.66666666666667,4,4,5,5,4,6,6,5,5,6,5,4.33333333333333,5,5.4,4.91111111111111,0,33,3,4,3,3,4,3,4,3,3,4,4,4,3.54545454545455
113,4,4,4,4,4,4,4,5,5,4,6,6,5,5,6,5,4.33333333333333,5,5.4,4.91111111111111,0,33,3,4,3,3,4,3,4,3,3,4,4,4,3.54545454545455
113,5,4,4,3,3.66666666666667,4,4,5,5,4,6,6,5,5,6,5,4.33333333333333,5,5.4,4.91111111111111,0,33,3,4,3,3,4,3,4,3,3,4,4,4,3.54545454545455
113,6,4,4,3,3.66666666666667,4,4,5,5,4,6,6,5,5,6,5,4.33333333333333,5,5.4,4.91111111111111,0,33,3,4,3,3,4,3,4,3,3,4,4,4,3.54545454545455
113,7,3,4,4,3.66666666666667,4,4,5,5,4,6,6,5,5,6,5,4.33333333333333,5,5.4,4.91111111111111,0,33,3,4,3,3,4,3,4,3,3,4,4,4,3.54545454545455
113,8,4,3,4,3.66666666666667,4,4,5,5,4,6,6,5,5,6,5,4.33333333333333,5,5.4,4.91111111111111,0,33,3,4,3,3,4,3,4,3,3,4,4,4,3.54545454545455
113,9,3,4,4,3.66666666666667,4,4,5,5,4,6,6,5,5,6,5,4.33333333333333,5,5.4,4.91111111111111,0,33,3,4,3,3,4,3,4,3,3,4,4,4,3.54545454545455
113,10,4,4,3,3.66666666666667,4,4,5,5,4,6,6,5,5,6,5,4.33333333333333,5,5.4,4.91111111111111,0,33,3,4,3,3,4,3,4,3,3,4,4,4,3.54545454545455
114,1,4,4,4,4,4,5,5,4,4,4,5,5,5,6,5,4.66666666666667,4,5.2,4.62222222222222,1,25,7,4,4,4,3,4,4,4,3,4,4,4,3.81818181818182
114,2,4,4,3,3.66666666666667,4,5,5,4,4,4,5,5,5,6,5,4.66666666666667,4,5.2,4.62222222222222,1,25,7,4,4,4,3,4,4,4,3,4,4,4,3.81818181818182
114,3,4,4,4,4,4,5,5,4,4,4,5,5,5,6,5,4.66666666666667,4,5.2,4.62222222222222,1,25,7,4,4,4,3,4,4,4,3,4,4,4,3.81818181818182
114,4,4,4,3,3.66666666666667,4,5,5,4,4,4,5,5,5,6,5,4.66666666666667,4,5.2,4.62222222222222,1,25,7,4,4,4,3,4,4,4,3,4,4,4,3.81818181818182
114,5,3,3,4,3.33333333333333,4,5,5,4,4,4,5,5,5,6,5,4.66666666666667,4,5.2,4.62222222222222,1,25,7,4,4,4,3,4,4,4,3,4,4,4,3.81818181818182
114,6,4,4,4,4,4,5,5,4,4,4,5,5,5,6,5,4.66666666666667,4,5.2,4.62222222222222,1,25,7,4,4,4,3,4,4,4,3,4,4,4,3.81818181818182
114,7,3,4,4,3.66666666666667,4,5,5,4,4,4,5,5,5,6,5,4.66666666666667,4,5.2,4.62222222222222,1,25,7,4,4,4,3,4,4,4,3,4,4,4,3.81818181818182
114,8,3,4,4,3.66666666666667,4,5,5,4,4,4,5,5,5,6,5,4.66666666666667,4,5.2,4.62222222222222,1,25,7,4,4,4,3,4,4,4,3,4,4,4,3.81818181818182
114,9,4,4,4,4,4,5,5,4,4,4,5,5,5,6,5,4.66666666666667,4,5.2,4.62222222222222,1,25,7,4,4,4,3,4,4,4,3,4,4,4,3.81818181818182
114,10,4,4,4,4,4,5,5,4,4,4,5,5,5,6,5,4.66666666666667,4,5.2,4.62222222222222,1,25,7,4,4,4,3,4,4,4,3,4,4,4,3.81818181818182
115,1,3,4,4,3.66666666666667,5,5,4,4,4,4,6,6,5,5,5,4.66666666666667,4,5.4,4.68888888888889,0,29,7,3,3,4,3,4,4,3,4,4,4,4,3.63636363636364
115,2,3,4,4,3.66666666666667,5,5,4,4,4,4,6,6,5,5,5,4.66666666666667,4,5.4,4.68888888888889,0,29,7,3,3,4,3,4,4,3,4,4,4,4,3.63636363636364
115,3,4,3,4,3.66666666666667,5,5,4,4,4,4,6,6,5,5,5,4.66666666666667,4,5.4,4.68888888888889,0,29,7,3,3,4,3,4,4,3,4,4,4,4,3.63636363636364
115,4,4,4,3,3.66666666666667,5,5,4,4,4,4,6,6,5,5,5,4.66666666666667,4,5.4,4.68888888888889,0,29,7,3,3,4,3,4,4,3,4,4,4,4,3.63636363636364
115,5,4,4,4,4,5,5,4,4,4,4,6,6,5,5,5,4.66666666666667,4,5.4,4.68888888888889,0,29,7,3,3,4,3,4,4,3,4,4,4,4,3.63636363636364
115,6,3,4,4,3.66666666666667,5,5,4,4,4,4,6,6,5,5,5,4.66666666666667,4,5.4,4.68888888888889,0,29,7,3,3,4,3,4,4,3,4,4,4,4,3.63636363636364
115,7,4,3,3,3.33333333333333,5,5,4,4,4,4,6,6,5,5,5,4.66666666666667,4,5.4,4.68888888888889,0,29,7,3,3,4,3,4,4,3,4,4,4,4,3.63636363636364
115,8,4,4,4,4,5,5,4,4,4,4,6,6,5,5,5,4.66666666666667,4,5.4,4.68888888888889,0,29,7,3,3,4,3,4,4,3,4,4,4,4,3.63636363636364
115,9,3,4,4,3.66666666666667,5,5,4,4,4,4,6,6,5,5,5,4.66666666666667,4,5.4,4.68888888888889,0,29,7,3,3,4,3,4,4,3,4,4,4,4,3.63636363636364
115,10,4,4,4,4,5,5,4,4,4,4,6,6,5,5,5,4.66666666666667,4,5.4,4.68888888888889,0,29,7,3,3,4,3,4,4,3,4,4,4,4,3.63636363636364
116,1,5,5,4,4.66666666666667,4,5,5,3,4,4,6,5,6,5,5,4.66666666666667,3.66666666666667,5.4,4.57777777777778,1,30,4,4,4,3,4,4,3,4,4,4,4,4,3.81818181818182
116,2,4,5,4,4.33333333333333,4,5,5,3,4,4,6,5,6,5,5,4.66666666666667,3.66666666666667,5.4,4.57777777777778,1,30,4,4,4,3,4,4,3,4,4,4,4,4,3.81818181818182
116,3,5,5,4,4.66666666666667,4,5,5,3,4,4,6,5,6,5,5,4.66666666666667,3.66666666666667,5.4,4.57777777777778,1,30,4,4,4,3,4,4,3,4,4,4,4,4,3.81818181818182
116,4,4,5,5,4.66666666666667,4,5,5,3,4,4,6,5,6,5,5,4.66666666666667,3.66666666666667,5.4,4.57777777777778,1,30,4,4,4,3,4,4,3,4,4,4,4,4,3.81818181818182
116,5,5,4,4,4.33333333333333,4,5,5,3,4,4,6,5,6,5,5,4.66666666666667,3.66666666666667,5.4,4.57777777777778,1,30,4,4,4,3,4,4,3,4,4,4,4,4,3.81818181818182
116,6,5,4,5,4.66666666666667,4,5,5,3,4,4,6,5,6,5,5,4.66666666666667,3.66666666666667,5.4,4.57777777777778,1,30,4,4,4,3,4,4,3,4,4,4,4,4,3.81818181818182
116,7,5,4,4,4.33333333333333,4,5,5,3,4,4,6,5,6,5,5,4.66666666666667,3.66666666666667,5.4,4.57777777777778,1,30,4,4,4,3,4,4,3,4,4,4,4,4,3.81818181818182
116,8,4,5,4,4.33333333333333,4,5,5,3,4,4,6,5,6,5,5,4.66666666666667,3.66666666666667,5.4,4.57777777777778,1,30,4,4,4,3,4,4,3,4,4,4,4,4,3.81818181818182
116,9,5,5,5,5,4,5,5,3,4,4,6,5,6,5,5,4.66666666666667,3.66666666666667,5.4,4.57777777777778,1,30,4,4,4,3,4,4,3,4,4,4,4,4,3.81818181818182
116,10,5,5,4,4.66666666666667,4,5,5,3,4,4,6,5,6,5,5,4.66666666666667,3.66666666666667,5.4,4.57777777777778,1,30,4,4,4,3,4,4,3,4,4,4,4,4,3.81818181818182
117,1,4,5,4,4.33333333333333,4,4,5,3,4,4,5,4,5,6,4,4.33333333333333,3.66666666666667,4.8,4.26666666666667,0,25,5,4,3,3,4,4,4,4,4,4,4,4,3.81818181818182
117,2,5,5,4,4.66666666666667,4,4,5,3,4,4,5,4,5,6,4,4.33333333333333,3.66666666666667,4.8,4.26666666666667,0,25,5,4,3,3,4,4,4,4,4,4,4,4,3.81818181818182
117,3,4,4,5,4.33333333333333,4,4,5,3,4,4,5,4,5,6,4,4.33333333333333,3.66666666666667,4.8,4.26666666666667,0,25,5,4,3,3,4,4,4,4,4,4,4,4,3.81818181818182
117,4,5,5,5,5,4,4,5,3,4,4,5,4,5,6,4,4.33333333333333,3.66666666666667,4.8,4.26666666666667,0,25,5,4,3,3,4,4,4,4,4,4,4,4,3.81818181818182
117,5,5,5,5,5,4,4,5,3,4,4,5,4,5,6,4,4.33333333333333,3.66666666666667,4.8,4.26666666666667,0,25,5,4,3,3,4,4,4,4,4,4,4,4,3.81818181818182
117,6,4,5,4,4.33333333333333,4,4,5,3,4,4,5,4,5,6,4,4.33333333333333,3.66666666666667,4.8,4.26666666666667,0,25,5,4,3,3,4,4,4,4,4,4,4,4,3.81818181818182
117,7,4,5,5,4.66666666666667,4,4,5,3,4,4,5,4,5,6,4,4.33333333333333,3.66666666666667,4.8,4.26666666666667,0,25,5,4,3,3,4,4,4,4,4,4,4,4,3.81818181818182
117,8,5,5,4,4.66666666666667,4,4,5,3,4,4,5,4,5,6,4,4.33333333333333,3.66666666666667,4.8,4.26666666666667,0,25,5,4,3,3,4,4,4,4,4,4,4,4,3.81818181818182
117,9,5,5,4,4.66666666666667,4,4,5,3,4,4,5,4,5,6,4,4.33333333333333,3.66666666666667,4.8,4.26666666666667,0,25,5,4,3,3,4,4,4,4,4,4,4,4,3.81818181818182
117,10,4,4,4,4,4,4,5,3,4,4,5,4,5,6,4,4.33333333333333,3.66666666666667,4.8,4.26666666666667,0,25,5,4,3,3,4,4,4,4,4,4,4,4,3.81818181818182
118,1,4,4,4,4,4,5,5,4,4,4,5,6,5,5,4,4.66666666666667,4,5,4.55555555555556,1,28,6,3,4,4,3,4,4,4,4,4,4,4,3.81818181818182
118,2,5,4,4,4.33333333333333,4,5,5,4,4,4,5,6,5,5,4,4.66666666666667,4,5,4.55555555555556,1,28,6,3,4,4,3,4,4,4,4,4,4,4,3.81818181818182
118,3,5,4,5,4.66666666666667,4,5,5,4,4,4,5,6,5,5,4,4.66666666666667,4,5,4.55555555555556,1,28,6,3,4,4,3,4,4,4,4,4,4,4,3.81818181818182
118,4,4,4,4,4,4,5,5,4,4,4,5,6,5,5,4,4.66666666666667,4,5,4.55555555555556,1,28,6,3,4,4,3,4,4,4,4,4,4,4,3.81818181818182
118,5,4,5,4,4.33333333333333,4,5,5,4,4,4,5,6,5,5,4,4.66666666666667,4,5,4.55555555555556,1,28,6,3,4,4,3,4,4,4,4,4,4,4,3.81818181818182
118,6,4,4,5,4.33333333333333,4,5,5,4,4,4,5,6,5,5,4,4.66666666666667,4,5,4.55555555555556,1,28,6,3,4,4,3,4,4,4,4,4,4,4,3.81818181818182
118,7,4,4,4,4,4,5,5,4,4,4,5,6,5,5,4,4.66666666666667,4,5,4.55555555555556,1,28,6,3,4,4,3,4,4,4,4,4,4,4,3.81818181818182
118,8,4,4,4,4,4,5,5,4,4,4,5,6,5,5,4,4.66666666666667,4,5,4.55555555555556,1,28,6,3,4,4,3,4,4,4,4,4,4,4,3.81818181818182
118,9,4,5,5,4.66666666666667,4,5,5,4,4,4,5,6,5,5,4,4.66666666666667,4,5,4.55555555555556,1,28,6,3,4,4,3,4,4,4,4,4,4,4,3.81818181818182
118,10,4,5,4,4.33333333333333,4,5,5,4,4,4,5,6,5,5,4,4.66666666666667,4,5,4.55555555555556,1,28,6,3,4,4,3,4,4,4,4,4,4,4,3.81818181818182
119,1,4,5,4,4.33333333333333,5,5,6,4,4,4,6,6,6,5,5,5.33333333333333,4,5.6,4.97777777777778,0,35,4,4,3,4,4,3,4,3,4,4,3,4,3.63636363636364
119,2,5,4,5,4.66666666666667,5,5,6,4,4,4,6,6,6,5,5,5.33333333333333,4,5.6,4.97777777777778,0,35,4,4,3,4,4,3,4,3,4,4,3,4,3.63636363636364
119,3,5,4,5,4.66666666666667,5,5,6,4,4,4,6,6,6,5,5,5.33333333333333,4,5.6,4.97777777777778,0,35,4,4,3,4,4,3,4,3,4,4,3,4,3.63636363636364
119,4,4,5,4,4.33333333333333,5,5,6,4,4,4,6,6,6,5,5,5.33333333333333,4,5.6,4.97777777777778,0,35,4,4,3,4,4,3,4,3,4,4,3,4,3.63636363636364
119,5,5,5,4,4.66666666666667,5,5,6,4,4,4,6,6,6,5,5,5.33333333333333,4,5.6,4.97777777777778,0,35,4,4,3,4,4,3,4,3,4,4,3,4,3.63636363636364
119,6,4,4,5,4.33333333333333,5,5,6,4,4,4,6,6,6,5,5,5.33333333333333,4,5.6,4.97777777777778,0,35,4,4,3,4,4,3,4,3,4,4,3,4,3.63636363636364
119,7,4,5,5,4.66666666666667,5,5,6,4,4,4,6,6,6,5,5,5.33333333333333,4,5.6,4.97777777777778,0,35,4,4,3,4,4,3,4,3,4,4,3,4,3.63636363636364
119,8,4,4,4,4,5,5,6,4,4,4,6,6,6,5,5,5.33333333333333,4,5.6,4.97777777777778,0,35,4,4,3,4,4,3,4,3,4,4,3,4,3.63636363636364
119,9,4,4,5,4.33333333333333,5,5,6,4,4,4,6,6,6,5,5,5.33333333333333,4,5.6,4.97777777777778,0,35,4,4,3,4,4,3,4,3,4,4,3,4,3.63636363636364
119,10,4,4,4,4,5,5,6,4,4,4,6,6,6,5,5,5.33333333333333,4,5.6,4.97777777777778,0,35,4,4,3,4,4,3,4,3,4,4,3,4,3.63636363636364
120,1,5,5,5,5,5,5,5,3,4,4,3,4,4,3,3,5,3.66666666666667,3.4,4.02222222222222,0,34,3,4,4,3,3,4,3,3,4,4,3,4,3.54545454545455
120,2,4,4,4,4,5,5,5,3,4,4,3,4,4,3,3,5,3.66666666666667,3.4,4.02222222222222,0,34,3,4,4,3,3,4,3,3,4,4,3,4,3.54545454545455
120,3,5,5,4,4.66666666666667,5,5,5,3,4,4,3,4,4,3,3,5,3.66666666666667,3.4,4.02222222222222,0,34,3,4,4,3,3,4,3,3,4,4,3,4,3.54545454545455
120,4,5,5,5,5,5,5,5,3,4,4,3,4,4,3,3,5,3.66666666666667,3.4,4.02222222222222,0,34,3,4,4,3,3,4,3,3,4,4,3,4,3.54545454545455
120,5,5,4,4,4.33333333333333,5,5,5,3,4,4,3,4,4,3,3,5,3.66666666666667,3.4,4.02222222222222,0,34,3,4,4,3,3,4,3,3,4,4,3,4,3.54545454545455
120,6,5,4,4,4.33333333333333,5,5,5,3,4,4,3,4,4,3,3,5,3.66666666666667,3.4,4.02222222222222,0,34,3,4,4,3,3,4,3,3,4,4,3,4,3.54545454545455
120,7,4,4,5,4.33333333333333,5,5,5,3,4,4,3,4,4,3,3,5,3.66666666666667,3.4,4.02222222222222,0,34,3,4,4,3,3,4,3,3,4,4,3,4,3.54545454545455
120,8,4,5,5,4.66666666666667,5,5,5,3,4,4,3,4,4,3,3,5,3.66666666666667,3.4,4.02222222222222,0,34,3,4,4,3,3,4,3,3,4,4,3,4,3.54545454545455
120,9,4,5,5,4.66666666666667,5,5,5,3,4,4,3,4,4,3,3,5,3.66666666666667,3.4,4.02222222222222,0,34,3,4,4,3,3,4,3,3,4,4,3,4,3.54545454545455
120,10,4,5,5,4.66666666666667,5,5,5,3,4,4,3,4,4,3,3,5,3.66666666666667,3.4,4.02222222222222,0,34,3,4,4,3,3,4,3,3,4,4,3,4,3.54545454545455
121,1,5,5,4,4.66666666666667,5,5,5,3,4,3,4,4,4,3,3,5,3.33333333333333,3.6,3.97777777777778,1,25,6,4,4,4,4,4,4,4,4,3,4,4,3.90909090909091
121,2,4,4,5,4.33333333333333,5,5,5,3,4,3,4,4,4,3,3,5,3.33333333333333,3.6,3.97777777777778,1,25,6,4,4,4,4,4,4,4,4,3,4,4,3.90909090909091
121,3,4,5,5,4.66666666666667,5,5,5,3,4,3,4,4,4,3,3,5,3.33333333333333,3.6,3.97777777777778,1,25,6,4,4,4,4,4,4,4,4,3,4,4,3.90909090909091
121,4,4,4,5,4.33333333333333,5,5,5,3,4,3,4,4,4,3,3,5,3.33333333333333,3.6,3.97777777777778,1,25,6,4,4,4,4,4,4,4,4,3,4,4,3.90909090909091
121,5,4,4,4,4,5,5,5,3,4,3,4,4,4,3,3,5,3.33333333333333,3.6,3.97777777777778,1,25,6,4,4,4,4,4,4,4,4,3,4,4,3.90909090909091
121,6,4,4,5,4.33333333333333,5,5,5,3,4,3,4,4,4,3,3,5,3.33333333333333,3.6,3.97777777777778,1,25,6,4,4,4,4,4,4,4,4,3,4,4,3.90909090909091
121,7,5,4,5,4.66666666666667,5,5,5,3,4,3,4,4,4,3,3,5,3.33333333333333,3.6,3.97777777777778,1,25,6,4,4,4,4,4,4,4,4,3,4,4,3.90909090909091
121,8,4,5,4,4.33333333333333,5,5,5,3,4,3,4,4,4,3,3,5,3.33333333333333,3.6,3.97777777777778,1,25,6,4,4,4,4,4,4,4,4,3,4,4,3.90909090909091
121,9,5,5,4,4.66666666666667,5,5,5,3,4,3,4,4,4,3,3,5,3.33333333333333,3.6,3.97777777777778,1,25,6,4,4,4,4,4,4,4,4,3,4,4,3.90909090909091
121,10,5,4,5,4.66666666666667,5,5,5,3,4,3,4,4,4,3,3,5,3.33333333333333,3.6,3.97777777777778,1,25,6,4,4,4,4,4,4,4,4,3,4,4,3.90909090909091
122,1,4,5,4,4.33333333333333,5,5,6,4,4,4,4,4,4,3,4,5.33333333333333,4,3.8,4.37777777777778,0,27,5,4,3,3,3,4,4,4,3,4,4,3,3.54545454545455
122,2,4,5,5,4.66666666666667,5,5,6,4,4,4,4,4,4,3,4,5.33333333333333,4,3.8,4.37777777777778,0,27,5,4,3,3,3,4,4,4,3,4,4,3,3.54545454545455
122,3,4,4,4,4,5,5,6,4,4,4,4,4,4,3,4,5.33333333333333,4,3.8,4.37777777777778,0,27,5,4,3,3,3,4,4,4,3,4,4,3,3.54545454545455
122,4,4,5,5,4.66666666666667,5,5,6,4,4,4,4,4,4,3,4,5.33333333333333,4,3.8,4.37777777777778,0,27,5,4,3,3,3,4,4,4,3,4,4,3,3.54545454545455
122,5,4,4,4,4,5,5,6,4,4,4,4,4,4,3,4,5.33333333333333,4,3.8,4.37777777777778,0,27,5,4,3,3,3,4,4,4,3,4,4,3,3.54545454545455
122,6,4,5,4,4.33333333333333,5,5,6,4,4,4,4,4,4,3,4,5.33333333333333,4,3.8,4.37777777777778,0,27,5,4,3,3,3,4,4,4,3,4,4,3,3.54545454545455
122,7,5,4,5,4.66666666666667,5,5,6,4,4,4,4,4,4,3,4,5.33333333333333,4,3.8,4.37777777777778,0,27,5,4,3,3,3,4,4,4,3,4,4,3,3.54545454545455
122,8,5,4,5,4.66666666666667,5,5,6,4,4,4,4,4,4,3,4,5.33333333333333,4,3.8,4.37777777777778,0,27,5,4,3,3,3,4,4,4,3,4,4,3,3.54545454545455
122,9,4,5,4,4.33333333333333,5,5,6,4,4,4,4,4,4,3,4,5.33333333333333,4,3.8,4.37777777777778,0,27,5,4,3,3,3,4,4,4,3,4,4,3,3.54545454545455
122,10,4,5,5,4.66666666666667,5,5,6,4,4,4,4,4,4,3,4,5.33333333333333,4,3.8,4.37777777777778,0,27,5,4,3,3,3,4,4,4,3,4,4,3,3.54545454545455
123,1,5,4,5,4.66666666666667,5,5,5,4,4,4,3,3,4,3,4,5,4,3.4,4.13333333333333,0,35,5,4,4,3,4,4,3,4,3,4,4,4,3.72727272727273
123,2,4,5,5,4.66666666666667,5,5,5,4,4,4,3,3,4,3,4,5,4,3.4,4.13333333333333,0,35,5,4,4,3,4,4,3,4,3,4,4,4,3.72727272727273
123,3,5,4,5,4.66666666666667,5,5,5,4,4,4,3,3,4,3,4,5,4,3.4,4.13333333333333,0,35,5,4,4,3,4,4,3,4,3,4,4,4,3.72727272727273
123,4,4,4,5,4.33333333333333,5,5,5,4,4,4,3,3,4,3,4,5,4,3.4,4.13333333333333,0,35,5,4,4,3,4,4,3,4,3,4,4,4,3.72727272727273
123,5,5,4,5,4.66666666666667,5,5,5,4,4,4,3,3,4,3,4,5,4,3.4,4.13333333333333,0,35,5,4,4,3,4,4,3,4,3,4,4,4,3.72727272727273
123,6,5,4,4,4.33333333333333,5,5,5,4,4,4,3,3,4,3,4,5,4,3.4,4.13333333333333,0,35,5,4,4,3,4,4,3,4,3,4,4,4,3.72727272727273
123,7,5,5,4,4.66666666666667,5,5,5,4,4,4,3,3,4,3,4,5,4,3.4,4.13333333333333,0,35,5,4,4,3,4,4,3,4,3,4,4,4,3.72727272727273
123,8,5,5,5,5,5,5,5,4,4,4,3,3,4,3,4,5,4,3.4,4.13333333333333,0,35,5,4,4,3,4,4,3,4,3,4,4,4,3.72727272727273
123,9,4,5,4,4.33333333333333,5,5,5,4,4,4,3,3,4,3,4,5,4,3.4,4.13333333333333,0,35,5,4,4,3,4,4,3,4,3,4,4,4,3.72727272727273
123,10,5,4,5,4.66666666666667,5,5,5,4,4,4,3,3,4,3,4,5,4,3.4,4.13333333333333,0,35,5,4,4,3,4,4,3,4,3,4,4,4,3.72727272727273
124,1,5,4,5,4.66666666666667,5,5,5,4,4,4,4,4,4,4,3,5,4,3.8,4.26666666666667,0,24,4,4,3,4,4,4,4,4,3,4,4,4,3.81818181818182
124,2,5,4,5,4.66666666666667,5,5,5,4,4,4,4,4,4,4,3,5,4,3.8,4.26666666666667,0,24,4,4,3,4,4,4,4,4,3,4,4,4,3.81818181818182
124,3,4,4,5,4.33333333333333,5,5,5,4,4,4,4,4,4,4,3,5,4,3.8,4.26666666666667,0,24,4,4,3,4,4,4,4,4,3,4,4,4,3.81818181818182
124,4,4,4,5,4.33333333333333,5,5,5,4,4,4,4,4,4,4,3,5,4,3.8,4.26666666666667,0,24,4,4,3,4,4,4,4,4,3,4,4,4,3.81818181818182
124,5,5,5,5,5,5,5,5,4,4,4,4,4,4,4,3,5,4,3.8,4.26666666666667,0,24,4,4,3,4,4,4,4,4,3,4,4,4,3.81818181818182
124,6,4,5,5,4.66666666666667,5,5,5,4,4,4,4,4,4,4,3,5,4,3.8,4.26666666666667,0,24,4,4,3,4,4,4,4,4,3,4,4,4,3.81818181818182
124,7,5,4,4,4.33333333333333,5,5,5,4,4,4,4,4,4,4,3,5,4,3.8,4.26666666666667,0,24,4,4,3,4,4,4,4,4,3,4,4,4,3.81818181818182
124,8,5,5,4,4.66666666666667,5,5,5,4,4,4,4,4,4,4,3,5,4,3.8,4.26666666666667,0,24,4,4,3,4,4,4,4,4,3,4,4,4,3.81818181818182
124,9,4,4,5,4.33333333333333,5,5,5,4,4,4,4,4,4,4,3,5,4,3.8,4.26666666666667,0,24,4,4,3,4,4,4,4,4,3,4,4,4,3.81818181818182
124,10,4,5,4,4.33333333333333,5,5,5,4,4,4,4,4,4,4,3,5,4,3.8,4.26666666666667,0,24,4,4,3,4,4,4,4,4,3,4,4,4,3.81818181818182
125,1,5,4,4,4.33333333333333,5,6,5,4,4,4,3,4,4,4,4,5.33333333333333,4,3.8,4.37777777777778,0,26,3,4,4,4,4,3,4,4,4,3,4,4,3.81818181818182
125,2,4,4,4,4,5,6,5,4,4,4,3,4,4,4,4,5.33333333333333,4,3.8,4.37777777777778,0,26,3,4,4,4,4,3,4,4,4,3,4,4,3.81818181818182
125,3,5,4,4,4.33333333333333,5,6,5,4,4,4,3,4,4,4,4,5.33333333333333,4,3.8,4.37777777777778,0,26,3,4,4,4,4,3,4,4,4,3,4,4,3.81818181818182
125,4,5,4,5,4.66666666666667,5,6,5,4,4,4,3,4,4,4,4,5.33333333333333,4,3.8,4.37777777777778,0,26,3,4,4,4,4,3,4,4,4,3,4,4,3.81818181818182
125,5,4,5,4,4.33333333333333,5,6,5,4,4,4,3,4,4,4,4,5.33333333333333,4,3.8,4.37777777777778,0,26,3,4,4,4,4,3,4,4,4,3,4,4,3.81818181818182
125,6,5,4,4,4.33333333333333,5,6,5,4,4,4,3,4,4,4,4,5.33333333333333,4,3.8,4.37777777777778,0,26,3,4,4,4,4,3,4,4,4,3,4,4,3.81818181818182
125,7,5,5,4,4.66666666666667,5,6,5,4,4,4,3,4,4,4,4,5.33333333333333,4,3.8,4.37777777777778,0,26,3,4,4,4,4,3,4,4,4,3,4,4,3.81818181818182
125,8,4,4,5,4.33333333333333,5,6,5,4,4,4,3,4,4,4,4,5.33333333333333,4,3.8,4.37777777777778,0,26,3,4,4,4,4,3,4,4,4,3,4,4,3.81818181818182
125,9,4,4,5,4.33333333333333,5,6,5,4,4,4,3,4,4,4,4,5.33333333333333,4,3.8,4.37777777777778,0,26,3,4,4,4,4,3,4,4,4,3,4,4,3.81818181818182
125,10,4,4,4,4,5,6,5,4,4,4,3,4,4,4,4,5.33333333333333,4,3.8,4.37777777777778,0,26,3,4,4,4,4,3,4,4,4,3,4,4,3.81818181818182
126,1,4,4,4,4,5,5,5,4,4,4,4,4,4,4,4,5,4,4,4.33333333333333,0,37,6,4,4,4,4,3,4,4,3,4,3,3,3.63636363636364
126,2,4,4,5,4.33333333333333,5,5,5,4,4,4,4,4,4,4,4,5,4,4,4.33333333333333,0,37,6,4,4,4,4,3,4,4,3,4,3,3,3.63636363636364
126,3,4,4,4,4,5,5,5,4,4,4,4,4,4,4,4,5,4,4,4.33333333333333,0,37,6,4,4,4,4,3,4,4,3,4,3,3,3.63636363636364
126,4,4,4,4,4,5,5,5,4,4,4,4,4,4,4,4,5,4,4,4.33333333333333,0,37,6,4,4,4,4,3,4,4,3,4,3,3,3.63636363636364
126,5,5,4,4,4.33333333333333,5,5,5,4,4,4,4,4,4,4,4,5,4,4,4.33333333333333,0,37,6,4,4,4,4,3,4,4,3,4,3,3,3.63636363636364
126,6,4,5,5,4.66666666666667,5,5,5,4,4,4,4,4,4,4,4,5,4,4,4.33333333333333,0,37,6,4,4,4,4,3,4,4,3,4,3,3,3.63636363636364
126,7,5,5,4,4.66666666666667,5,5,5,4,4,4,4,4,4,4,4,5,4,4,4.33333333333333,0,37,6,4,4,4,4,3,4,4,3,4,3,3,3.63636363636364
126,8,5,4,4,4.33333333333333,5,5,5,4,4,4,4,4,4,4,4,5,4,4,4.33333333333333,0,37,6,4,4,4,4,3,4,4,3,4,3,3,3.63636363636364
126,9,4,5,4,4.33333333333333,5,5,5,4,4,4,4,4,4,4,4,5,4,4,4.33333333333333,0,37,6,4,4,4,4,3,4,4,3,4,3,3,3.63636363636364
126,10,5,4,4,4.33333333333333,5,5,5,4,4,4,4,4,4,4,4,5,4,4,4.33333333333333,0,37,6,4,4,4,4,3,4,4,3,4,3,3,3.63636363636364
127,1,4,4,5,4.33333333333333,5,6,5,4,4,4,4,4,4,4,4,5.33333333333333,4,4,4.44444444444444,0,34,6,4,3,3,4,4,3,4,4,3,3,4,3.54545454545455
127,2,5,5,5,5,5,6,5,4,4,4,4,4,4,4,4,5.33333333333333,4,4,4.44444444444444,0,34,6,4,3,3,4,4,3,4,4,3,3,4,3.54545454545455
127,3,5,5,4,4.66666666666667,5,6,5,4,4,4,4,4,4,4,4,5.33333333333333,4,4,4.44444444444444,0,34,6,4,3,3,4,4,3,4,4,3,3,4,3.54545454545455
127,4,4,4,5,4.33333333333333,5,6,5,4,4,4,4,4,4,4,4,5.33333333333333,4,4,4.44444444444444,0,34,6,4,3,3,4,4,3,4,4,3,3,4,3.54545454545455
127,5,5,5,4,4.66666666666667,5,6,5,4,4,4,4,4,4,4,4,5.33333333333333,4,4,4.44444444444444,0,34,6,4,3,3,4,4,3,4,4,3,3,4,3.54545454545455
127,6,4,4,5,4.33333333333333,5,6,5,4,4,4,4,4,4,4,4,5.33333333333333,4,4,4.44444444444444,0,34,6,4,3,3,4,4,3,4,4,3,3,4,3.54545454545455
127,7,4,4,4,4,5,6,5,4,4,4,4,4,4,4,4,5.33333333333333,4,4,4.44444444444444,0,34,6,4,3,3,4,4,3,4,4,3,3,4,3.54545454545455
127,8,4,4,4,4,5,6,5,4,4,4,4,4,4,4,4,5.33333333333333,4,4,4.44444444444444,0,34,6,4,3,3,4,4,3,4,4,3,3,4,3.54545454545455
127,9,5,4,4,4.33333333333333,5,6,5,4,4,4,4,4,4,4,4,5.33333333333333,4,4,4.44444444444444,0,34,6,4,3,3,4,4,3,4,4,3,3,4,3.54545454545455
127,10,4,5,4,4.33333333333333,5,6,5,4,4,4,4,4,4,4,4,5.33333333333333,4,4,4.44444444444444,0,34,6,4,3,3,4,4,3,4,4,3,3,4,3.54545454545455
128,1,4,5,5,4.66666666666667,5,5,5,5,4,4,4,4,4,4,5,5,4.33333333333333,4.2,4.51111111111111,0,36,4,4,3,3,3,3,4,3,3,4,4,4,3.45454545454545
128,2,5,5,5,5,5,5,5,5,4,4,4,4,4,4,5,5,4.33333333333333,4.2,4.51111111111111,0,36,4,4,3,3,3,3,4,3,3,4,4,4,3.45454545454545
128,3,5,5,4,4.66666666666667,5,5,5,5,4,4,4,4,4,4,5,5,4.33333333333333,4.2,4.51111111111111,0,36,4,4,3,3,3,3,4,3,3,4,4,4,3.45454545454545
128,4,4,4,4,4,5,5,5,5,4,4,4,4,4,4,5,5,4.33333333333333,4.2,4.51111111111111,0,36,4,4,3,3,3,3,4,3,3,4,4,4,3.45454545454545
128,5,4,5,4,4.33333333333333,5,5,5,5,4,4,4,4,4,4,5,5,4.33333333333333,4.2,4.51111111111111,0,36,4,4,3,3,3,3,4,3,3,4,4,4,3.45454545454545
128,6,4,4,4,4,5,5,5,5,4,4,4,4,4,4,5,5,4.33333333333333,4.2,4.51111111111111,0,36,4,4,3,3,3,3,4,3,3,4,4,4,3.45454545454545
128,7,5,4,5,4.66666666666667,5,5,5,5,4,4,4,4,4,4,5,5,4.33333333333333,4.2,4.51111111111111,0,36,4,4,3,3,3,3,4,3,3,4,4,4,3.45454545454545
128,8,4,5,4,4.33333333333333,5,5,5,5,4,4,4,4,4,4,5,5,4.33333333333333,4.2,4.51111111111111,0,36,4,4,3,3,3,3,4,3,3,4,4,4,3.45454545454545
128,9,4,4,5,4.33333333333333,5,5,5,5,4,4,4,4,4,4,5,5,4.33333333333333,4.2,4.51111111111111,0,36,4,4,3,3,3,3,4,3,3,4,4,4,3.45454545454545
128,10,5,4,5,4.66666666666667,5,5,5,5,4,4,4,4,4,4,5,5,4.33333333333333,4.2,4.51111111111111,0,36,4,4,3,3,3,3,4,3,3,4,4,4,3.45454545454545
129,1,5,4,5,4.66666666666667,5,5,5,5,4,4,4,5,4,4,5,5,4.33333333333333,4.4,4.57777777777778,1,33,5,5,4,5,4,5,5,4,4,4,4,4,4.36363636363636
129,2,4,5,5,4.66666666666667,5,5,5,5,4,4,4,5,4,4,5,5,4.33333333333333,4.4,4.57777777777778,1,33,5,5,4,5,4,5,5,4,4,4,4,4,4.36363636363636
129,3,4,4,4,4,5,5,5,5,4,4,4,5,4,4,5,5,4.33333333333333,4.4,4.57777777777778,1,33,5,5,4,5,4,5,5,4,4,4,4,4,4.36363636363636
129,4,4,4,4,4,5,5,5,5,4,4,4,5,4,4,5,5,4.33333333333333,4.4,4.57777777777778,1,33,5,5,4,5,4,5,5,4,4,4,4,4,4.36363636363636
129,5,4,5,4,4.33333333333333,5,5,5,5,4,4,4,5,4,4,5,5,4.33333333333333,4.4,4.57777777777778,1,33,5,5,4,5,4,5,5,4,4,4,4,4,4.36363636363636
129,6,5,5,4,4.66666666666667,5,5,5,5,4,4,4,5,4,4,5,5,4.33333333333333,4.4,4.57777777777778,1,33,5,5,4,5,4,5,5,4,4,4,4,4,4.36363636363636
129,7,5,4,4,4.33333333333333,5,5,5,5,4,4,4,5,4,4,5,5,4.33333333333333,4.4,4.57777777777778,1,33,5,5,4,5,4,5,5,4,4,4,4,4,4.36363636363636
129,8,4,5,5,4.66666666666667,5,5,5,5,4,4,4,5,4,4,5,5,4.33333333333333,4.4,4.57777777777778,1,33,5,5,4,5,4,5,5,4,4,4,4,4,4.36363636363636
129,9,4,4,4,4,5,5,5,5,4,4,4,5,4,4,5,5,4.33333333333333,4.4,4.57777777777778,1,33,5,5,4,5,4,5,5,4,4,4,4,4,4.36363636363636
129,10,4,5,4,4.33333333333333,5,5,5,5,4,4,4,5,4,4,5,5,4.33333333333333,4.4,4.57777777777778,1,33,5,5,4,5,4,5,5,4,4,4,4,4,4.36363636363636
130,1,4,4,5,4.33333333333333,6,5,6,5,4,4,4,4,5,4,4,5.66666666666667,4.33333333333333,4.2,4.73333333333333,0,29,3,4,5,5,4,4,4,4,5,5,4,5,4.45454545454545
130,2,4,4,5,4.33333333333333,6,5,6,5,4,4,4,4,5,4,4,5.66666666666667,4.33333333333333,4.2,4.73333333333333,0,29,3,4,5,5,4,4,4,4,5,5,4,5,4.45454545454545
130,3,4,4,4,4,6,5,6,5,4,4,4,4,5,4,4,5.66666666666667,4.33333333333333,4.2,4.73333333333333,0,29,3,4,5,5,4,4,4,4,5,5,4,5,4.45454545454545
130,4,5,4,5,4.66666666666667,6,5,6,5,4,4,4,4,5,4,4,5.66666666666667,4.33333333333333,4.2,4.73333333333333,0,29,3,4,5,5,4,4,4,4,5,5,4,5,4.45454545454545
130,5,4,4,5,4.33333333333333,6,5,6,5,4,4,4,4,5,4,4,5.66666666666667,4.33333333333333,4.2,4.73333333333333,0,29,3,4,5,5,4,4,4,4,5,5,4,5,4.45454545454545
130,6,4,5,4,4.33333333333333,6,5,6,5,4,4,4,4,5,4,4,5.66666666666667,4.33333333333333,4.2,4.73333333333333,0,29,3,4,5,5,4,4,4,4,5,5,4,5,4.45454545454545
130,7,4,5,5,4.66666666666667,6,5,6,5,4,4,4,4,5,4,4,5.66666666666667,4.33333333333333,4.2,4.73333333333333,0,29,3,4,5,5,4,4,4,4,5,5,4,5,4.45454545454545
130,8,4,4,5,4.33333333333333,6,5,6,5,4,4,4,4,5,4,4,5.66666666666667,4.33333333333333,4.2,4.73333333333333,0,29,3,4,5,5,4,4,4,4,5,5,4,5,4.45454545454545
130,9,4,4,4,4,6,5,6,5,4,4,4,4,5,4,4,5.66666666666667,4.33333333333333,4.2,4.73333333333333,0,29,3,4,5,5,4,4,4,4,5,5,4,5,4.45454545454545
130,10,5,4,5,4.66666666666667,6,5,6,5,4,4,4,4,5,4,4,5.66666666666667,4.33333333333333,4.2,4.73333333333333,0,29,3,4,5,5,4,4,4,4,5,5,4,5,4.45454545454545
131,1,5,5,5,5,6,5,5,4,4,4,4,5,4,5,5,5.33333333333333,4,4.6,4.64444444444444,0,33,4,5,4,4,5,5,4,5,4,5,5,4,4.54545454545455
131,2,4,4,5,4.33333333333333,6,5,5,4,4,4,4,5,4,5,5,5.33333333333333,4,4.6,4.64444444444444,0,33,4,5,4,4,5,5,4,5,4,5,5,4,4.54545454545455
131,3,5,4,5,4.66666666666667,6,5,5,4,4,4,4,5,4,5,5,5.33333333333333,4,4.6,4.64444444444444,0,33,4,5,4,4,5,5,4,5,4,5,5,4,4.54545454545455
131,4,4,4,5,4.33333333333333,6,5,5,4,4,4,4,5,4,5,5,5.33333333333333,4,4.6,4.64444444444444,0,33,4,5,4,4,5,5,4,5,4,5,5,4,4.54545454545455
131,5,4,5,5,4.66666666666667,6,5,5,4,4,4,4,5,4,5,5,5.33333333333333,4,4.6,4.64444444444444,0,33,4,5,4,4,5,5,4,5,4,5,5,4,4.54545454545455
131,6,4,4,4,4,6,5,5,4,4,4,4,5,4,5,5,5.33333333333333,4,4.6,4.64444444444444,0,33,4,5,4,4,5,5,4,5,4,5,5,4,4.54545454545455
131,7,4,5,4,4.33333333333333,6,5,5,4,4,4,4,5,4,5,5,5.33333333333333,4,4.6,4.64444444444444,0,33,4,5,4,4,5,5,4,5,4,5,5,4,4.54545454545455
131,8,4,5,5,4.66666666666667,6,5,5,4,4,4,4,5,4,5,5,5.33333333333333,4,4.6,4.64444444444444,0,33,4,5,4,4,5,5,4,5,4,5,5,4,4.54545454545455
131,9,5,4,4,4.33333333333333,6,5,5,4,4,4,4,5,4,5,5,5.33333333333333,4,4.6,4.64444444444444,0,33,4,5,4,4,5,5,4,5,4,5,5,4,4.54545454545455
131,10,5,5,4,4.66666666666667,6,5,5,4,4,4,4,5,4,5,5,5.33333333333333,4,4.6,4.64444444444444,0,33,4,5,4,4,5,5,4,5,4,5,5,4,4.54545454545455
132,1,4,4,5,4.33333333333333,5,5,5,5,4,5,4,4,4,5,5,5,4.66666666666667,4.4,4.68888888888889,0,34,4,4,4,4,4,5,4,5,4,5,5,4,4.36363636363636
132,2,5,4,5,4.66666666666667,5,5,5,5,4,5,4,4,4,5,5,5,4.66666666666667,4.4,4.68888888888889,0,34,4,4,4,4,4,5,4,5,4,5,5,4,4.36363636363636
132,3,4,4,4,4,5,5,5,5,4,5,4,4,4,5,5,5,4.66666666666667,4.4,4.68888888888889,0,34,4,4,4,4,4,5,4,5,4,5,5,4,4.36363636363636
132,4,4,5,5,4.66666666666667,5,5,5,5,4,5,4,4,4,5,5,5,4.66666666666667,4.4,4.68888888888889,0,34,4,4,4,4,4,5,4,5,4,5,5,4,4.36363636363636
132,5,4,5,4,4.33333333333333,5,5,5,5,4,5,4,4,4,5,5,5,4.66666666666667,4.4,4.68888888888889,0,34,4,4,4,4,4,5,4,5,4,5,5,4,4.36363636363636
132,6,5,4,5,4.66666666666667,5,5,5,5,4,5,4,4,4,5,5,5,4.66666666666667,4.4,4.68888888888889,0,34,4,4,4,4,4,5,4,5,4,5,5,4,4.36363636363636
132,7,5,4,4,4.33333333333333,5,5,5,5,4,5,4,4,4,5,5,5,4.66666666666667,4.4,4.68888888888889,0,34,4,4,4,4,4,5,4,5,4,5,5,4,4.36363636363636
132,8,4,4,5,4.33333333333333,5,5,5,5,4,5,4,4,4,5,5,5,4.66666666666667,4.4,4.68888888888889,0,34,4,4,4,4,4,5,4,5,4,5,5,4,4.36363636363636
132,9,4,5,4,4.33333333333333,5,5,5,5,4,5,4,4,4,5,5,5,4.66666666666667,4.4,4.68888888888889,0,34,4,4,4,4,4,5,4,5,4,5,5,4,4.36363636363636
132,10,5,4,5,4.66666666666667,5,5,5,5,4,5,4,4,4,5,5,5,4.66666666666667,4.4,4.68888888888889,0,34,4,4,4,4,4,5,4,5,4,5,5,4,4.36363636363636
133,1,5,6,6,5.66666666666667,5,5,5,5,5,4,5,5,4,4,5,5,4.66666666666667,4.6,4.75555555555556,1,30,5,4,4,4,4,4,4,5,4,4,4,5,4.18181818181818
133,2,5,5,6,5.33333333333333,5,5,5,5,5,4,5,5,4,4,5,5,4.66666666666667,4.6,4.75555555555556,1,30,5,4,4,4,4,4,4,5,4,4,4,5,4.18181818181818
133,3,5,5,5,5,5,5,5,5,5,4,5,5,4,4,5,5,4.66666666666667,4.6,4.75555555555556,1,30,5,4,4,4,4,4,4,5,4,4,4,5,4.18181818181818
133,4,5,6,5,5.33333333333333,5,5,5,5,5,4,5,5,4,4,5,5,4.66666666666667,4.6,4.75555555555556,1,30,5,4,4,4,4,4,4,5,4,4,4,5,4.18181818181818
133,5,5,6,5,5.33333333333333,5,5,5,5,5,4,5,5,4,4,5,5,4.66666666666667,4.6,4.75555555555556,1,30,5,4,4,4,4,4,4,5,4,4,4,5,4.18181818181818
133,6,5,5,5,5,5,5,5,5,5,4,5,5,4,4,5,5,4.66666666666667,4.6,4.75555555555556,1,30,5,4,4,4,4,4,4,5,4,4,4,5,4.18181818181818
133,7,5,6,5,5.33333333333333,5,5,5,5,5,4,5,5,4,4,5,5,4.66666666666667,4.6,4.75555555555556,1,30,5,4,4,4,4,4,4,5,4,4,4,5,4.18181818181818
133,8,5,5,5,5,5,5,5,5,5,4,5,5,4,4,5,5,4.66666666666667,4.6,4.75555555555556,1,30,5,4,4,4,4,4,4,5,4,4,4,5,4.18181818181818
133,9,5,5,5,5,5,5,5,5,5,4,5,5,4,4,5,5,4.66666666666667,4.6,4.75555555555556,1,30,5,4,4,4,4,4,4,5,4,4,4,5,4.18181818181818
133,10,5,5,5,5,5,5,5,5,5,4,5,5,4,4,5,5,4.66666666666667,4.6,4.75555555555556,1,30,5,4,4,4,4,4,4,5,4,4,4,5,4.18181818181818
134,1,5,5,6,5.33333333333333,6,5,5,4,5,4,4,4,4,4,5,5.33333333333333,4.33333333333333,4.2,4.62222222222222,0,26,4,5,4,4,5,4,4,5,5,4,4,4,4.36363636363636
134,2,5,5,5,5,6,5,5,4,5,4,4,4,4,4,5,5.33333333333333,4.33333333333333,4.2,4.62222222222222,0,26,4,5,4,4,5,4,4,5,5,4,4,4,4.36363636363636
134,3,5,6,5,5.33333333333333,6,5,5,4,5,4,4,4,4,4,5,5.33333333333333,4.33333333333333,4.2,4.62222222222222,0,26,4,5,4,4,5,4,4,5,5,4,4,4,4.36363636363636
134,4,5,5,6,5.33333333333333,6,5,5,4,5,4,4,4,4,4,5,5.33333333333333,4.33333333333333,4.2,4.62222222222222,0,26,4,5,4,4,5,4,4,5,5,4,4,4,4.36363636363636
134,5,5,5,5,5,6,5,5,4,5,4,4,4,4,4,5,5.33333333333333,4.33333333333333,4.2,4.62222222222222,0,26,4,5,4,4,5,4,4,5,5,4,4,4,4.36363636363636
134,6,5,5,5,5,6,5,5,4,5,4,4,4,4,4,5,5.33333333333333,4.33333333333333,4.2,4.62222222222222,0,26,4,5,4,4,5,4,4,5,5,4,4,4,4.36363636363636
134,7,5,5,6,5.33333333333333,6,5,5,4,5,4,4,4,4,4,5,5.33333333333333,4.33333333333333,4.2,4.62222222222222,0,26,4,5,4,4,5,4,4,5,5,4,4,4,4.36363636363636
134,8,5,5,6,5.33333333333333,6,5,5,4,5,4,4,4,4,4,5,5.33333333333333,4.33333333333333,4.2,4.62222222222222,0,26,4,5,4,4,5,4,4,5,5,4,4,4,4.36363636363636
134,9,5,5,6,5.33333333333333,6,5,5,4,5,4,4,4,4,4,5,5.33333333333333,4.33333333333333,4.2,4.62222222222222,0,26,4,5,4,4,5,4,4,5,5,4,4,4,4.36363636363636
134,10,6,5,6,5.66666666666667,6,5,5,4,5,4,4,4,4,4,5,5.33333333333333,4.33333333333333,4.2,4.62222222222222,0,26,4,5,4,4,5,4,4,5,5,4,4,4,4.36363636363636
135,1,5,5,5,5,5,5,5,5,4,4,4,4,4,4,5,5,4.33333333333333,4.2,4.51111111111111,0,25,6,4,5,5,5,4,4,4,5,4,4,5,4.45454545454545
135,2,5,5,5,5,5,5,5,5,4,4,4,4,4,4,5,5,4.33333333333333,4.2,4.51111111111111,0,25,6,4,5,5,5,4,4,4,5,4,4,5,4.45454545454545
135,3,5,6,5,5.33333333333333,5,5,5,5,4,4,4,4,4,4,5,5,4.33333333333333,4.2,4.51111111111111,0,25,6,4,5,5,5,4,4,4,5,4,4,5,4.45454545454545
135,4,5,5,5,5,5,5,5,5,4,4,4,4,4,4,5,5,4.33333333333333,4.2,4.51111111111111,0,25,6,4,5,5,5,4,4,4,5,4,4,5,4.45454545454545
135,5,5,5,6,5.33333333333333,5,5,5,5,4,4,4,4,4,4,5,5,4.33333333333333,4.2,4.51111111111111,0,25,6,4,5,5,5,4,4,4,5,4,4,5,4.45454545454545
135,6,6,5,5,5.33333333333333,5,5,5,5,4,4,4,4,4,4,5,5,4.33333333333333,4.2,4.51111111111111,0,25,6,4,5,5,5,4,4,4,5,4,4,5,4.45454545454545
135,7,5,5,5,5,5,5,5,5,4,4,4,4,4,4,5,5,4.33333333333333,4.2,4.51111111111111,0,25,6,4,5,5,5,4,4,4,5,4,4,5,4.45454545454545
135,8,5,5,5,5,5,5,5,5,4,4,4,4,4,4,5,5,4.33333333333333,4.2,4.51111111111111,0,25,6,4,5,5,5,4,4,4,5,4,4,5,4.45454545454545
135,9,5,5,5,5,5,5,5,5,4,4,4,4,4,4,5,5,4.33333333333333,4.2,4.51111111111111,0,25,6,4,5,5,5,4,4,4,5,4,4,5,4.45454545454545
135,10,5,5,5,5,5,5,5,5,4,4,4,4,4,4,5,5,4.33333333333333,4.2,4.51111111111111,0,25,6,4,5,5,5,4,4,4,5,4,4,5,4.45454545454545
136,1,6,5,5,5.33333333333333,5,5,5,6,5,5,5,6,6,5,5,5,5.33333333333333,5.4,5.24444444444444,0,30,2,4,5,5,4,5,4,5,4,4,4,4,4.36363636363636
136,2,5,5,5,5,5,5,5,6,5,5,5,6,6,5,5,5,5.33333333333333,5.4,5.24444444444444,0,30,2,4,5,5,4,5,4,5,4,4,4,4,4.36363636363636
136,3,5,5,5,5,5,5,5,6,5,5,5,6,6,5,5,5,5.33333333333333,5.4,5.24444444444444,0,30,2,4,5,5,4,5,4,5,4,4,4,4,4.36363636363636
136,4,5,5,5,5,5,5,5,6,5,5,5,6,6,5,5,5,5.33333333333333,5.4,5.24444444444444,0,30,2,4,5,5,4,5,4,5,4,4,4,4,4.36363636363636
136,5,5,5,5,5,5,5,5,6,5,5,5,6,6,5,5,5,5.33333333333333,5.4,5.24444444444444,0,30,2,4,5,5,4,5,4,5,4,4,4,4,4.36363636363636
136,6,5,5,5,5,5,5,5,6,5,5,5,6,6,5,5,5,5.33333333333333,5.4,5.24444444444444,0,30,2,4,5,5,4,5,4,5,4,4,4,4,4.36363636363636
136,7,6,6,5,5.66666666666667,5,5,5,6,5,5,5,6,6,5,5,5,5.33333333333333,5.4,5.24444444444444,0,30,2,4,5,5,4,5,4,5,4,4,4,4,4.36363636363636
136,8,6,5,5,5.33333333333333,5,5,5,6,5,5,5,6,6,5,5,5,5.33333333333333,5.4,5.24444444444444,0,30,2,4,5,5,4,5,4,5,4,4,4,4,4.36363636363636
136,9,5,5,5,5,5,5,5,6,5,5,5,6,6,5,5,5,5.33333333333333,5.4,5.24444444444444,0,30,2,4,5,5,4,5,4,5,4,4,4,4,4.36363636363636
136,10,5,5,5,5,5,5,5,6,5,5,5,6,6,5,5,5,5.33333333333333,5.4,5.24444444444444,0,30,2,4,5,5,4,5,4,5,4,4,4,4,4.36363636363636
137,1,5,5,5,5,5,5,5,6,5,5,5,5,6,5,5,5,5.33333333333333,5.2,5.17777777777778,0,26,2,4,5,4,4,5,5,4,4,4,4,5,4.36363636363636
137,2,5,5,6,5.33333333333333,5,5,5,6,5,5,5,5,6,5,5,5,5.33333333333333,5.2,5.17777777777778,0,26,2,4,5,4,4,5,5,4,4,4,4,5,4.36363636363636
137,3,5,6,5,5.33333333333333,5,5,5,6,5,5,5,5,6,5,5,5,5.33333333333333,5.2,5.17777777777778,0,26,2,4,5,4,4,5,5,4,4,4,4,5,4.36363636363636
137,4,5,6,5,5.33333333333333,5,5,5,6,5,5,5,5,6,5,5,5,5.33333333333333,5.2,5.17777777777778,0,26,2,4,5,4,4,5,5,4,4,4,4,5,4.36363636363636
137,5,5,5,5,5,5,5,5,6,5,5,5,5,6,5,5,5,5.33333333333333,5.2,5.17777777777778,0,26,2,4,5,4,4,5,5,4,4,4,4,5,4.36363636363636
137,6,5,5,6,5.33333333333333,5,5,5,6,5,5,5,5,6,5,5,5,5.33333333333333,5.2,5.17777777777778,0,26,2,4,5,4,4,5,5,4,4,4,4,5,4.36363636363636
137,7,6,5,5,5.33333333333333,5,5,5,6,5,5,5,5,6,5,5,5,5.33333333333333,5.2,5.17777777777778,0,26,2,4,5,4,4,5,5,4,4,4,4,5,4.36363636363636
137,8,6,5,5,5.33333333333333,5,5,5,6,5,5,5,5,6,5,5,5,5.33333333333333,5.2,5.17777777777778,0,26,2,4,5,4,4,5,5,4,4,4,4,5,4.36363636363636
137,9,5,5,5,5,5,5,5,6,5,5,5,5,6,5,5,5,5.33333333333333,5.2,5.17777777777778,0,26,2,4,5,4,4,5,5,4,4,4,4,5,4.36363636363636
137,10,5,5,6,5.33333333333333,5,5,5,6,5,5,5,5,6,5,5,5,5.33333333333333,5.2,5.17777777777778,0,26,2,4,5,4,4,5,5,4,4,4,4,5,4.36363636363636
138,1,5,5,5,5,5,5,6,5,5,5,5,5,6,5,5,5.33333333333333,5,5.2,5.17777777777778,0,33,4,6,6,5,5,6,5,5,5,5,5,5,5.27272727272727
138,2,5,5,5,5,5,5,6,5,5,5,5,5,6,5,5,5.33333333333333,5,5.2,5.17777777777778,0,33,4,6,6,5,5,6,5,5,5,5,5,5,5.27272727272727
138,3,5,5,5,5,5,5,6,5,5,5,5,5,6,5,5,5.33333333333333,5,5.2,5.17777777777778,0,33,4,6,6,5,5,6,5,5,5,5,5,5,5.27272727272727
138,4,5,5,6,5.33333333333333,5,5,6,5,5,5,5,5,6,5,5,5.33333333333333,5,5.2,5.17777777777778,0,33,4,6,6,5,5,6,5,5,5,5,5,5,5.27272727272727
138,5,5,5,5,5,5,5,6,5,5,5,5,5,6,5,5,5.33333333333333,5,5.2,5.17777777777778,0,33,4,6,6,5,5,6,5,5,5,5,5,5,5.27272727272727
138,6,5,5,5,5,5,5,6,5,5,5,5,5,6,5,5,5.33333333333333,5,5.2,5.17777777777778,0,33,4,6,6,5,5,6,5,5,5,5,5,5,5.27272727272727
138,7,5,5,5,5,5,5,6,5,5,5,5,5,6,5,5,5.33333333333333,5,5.2,5.17777777777778,0,33,4,6,6,5,5,6,5,5,5,5,5,5,5.27272727272727
138,8,5,5,6,5.33333333333333,5,5,6,5,5,5,5,5,6,5,5,5.33333333333333,5,5.2,5.17777777777778,0,33,4,6,6,5,5,6,5,5,5,5,5,5,5.27272727272727
138,9,5,5,5,5,5,5,6,5,5,5,5,5,6,5,5,5.33333333333333,5,5.2,5.17777777777778,0,33,4,6,6,5,5,6,5,5,5,5,5,5,5.27272727272727
138,10,5,6,5,5.33333333333333,5,5,6,5,5,5,5,5,6,5,5,5.33333333333333,5,5.2,5.17777777777778,0,33,4,6,6,5,5,6,5,5,5,5,5,5,5.27272727272727
139,1,5,5,5,5,6,6,6,6,5,5,5,5,5,5,6,6,5.33333333333333,5.2,5.51111111111111,1,31,6,5,5,5,6,5,5,5,5,5,5,5,5.09090909090909
139,2,6,6,5,5.66666666666667,6,6,6,6,5,5,5,5,5,5,6,6,5.33333333333333,5.2,5.51111111111111,1,31,6,5,5,5,6,5,5,5,5,5,5,5,5.09090909090909
139,3,6,5,5,5.33333333333333,6,6,6,6,5,5,5,5,5,5,6,6,5.33333333333333,5.2,5.51111111111111,1,31,6,5,5,5,6,5,5,5,5,5,5,5,5.09090909090909
139,4,5,5,5,5,6,6,6,6,5,5,5,5,5,5,6,6,5.33333333333333,5.2,5.51111111111111,1,31,6,5,5,5,6,5,5,5,5,5,5,5,5.09090909090909
139,5,5,5,5,5,6,6,6,6,5,5,5,5,5,5,6,6,5.33333333333333,5.2,5.51111111111111,1,31,6,5,5,5,6,5,5,5,5,5,5,5,5.09090909090909
139,6,6,5,5,5.33333333333333,6,6,6,6,5,5,5,5,5,5,6,6,5.33333333333333,5.2,5.51111111111111,1,31,6,5,5,5,6,5,5,5,5,5,5,5,5.09090909090909
139,7,5,6,5,5.33333333333333,6,6,6,6,5,5,5,5,5,5,6,6,5.33333333333333,5.2,5.51111111111111,1,31,6,5,5,5,6,5,5,5,5,5,5,5,5.09090909090909
139,8,5,5,5,5,6,6,6,6,5,5,5,5,5,5,6,6,5.33333333333333,5.2,5.51111111111111,1,31,6,5,5,5,6,5,5,5,5,5,5,5,5.09090909090909
139,9,6,5,5,5.33333333333333,6,6,6,6,5,5,5,5,5,5,6,6,5.33333333333333,5.2,5.51111111111111,1,31,6,5,5,5,6,5,5,5,5,5,5,5,5.09090909090909
139,10,5,5,5,5,6,6,6,6,5,5,5,5,5,5,6,6,5.33333333333333,5.2,5.51111111111111,1,31,6,5,5,5,6,5,5,5,5,5,5,5,5.09090909090909
140,1,5,5,5,5,5,6,6,5,5,5,5,5,6,6,5,5.66666666666667,5,5.4,5.35555555555556,0,38,4,5,5,6,5,5,5,5,5,5,5,5,5.09090909090909
140,2,5,5,6,5.33333333333333,5,6,6,5,5,5,5,5,6,6,5,5.66666666666667,5,5.4,5.35555555555556,0,38,4,5,5,6,5,5,5,5,5,5,5,5,5.09090909090909
140,3,6,6,5,5.66666666666667,5,6,6,5,5,5,5,5,6,6,5,5.66666666666667,5,5.4,5.35555555555556,0,38,4,5,5,6,5,5,5,5,5,5,5,5,5.09090909090909
140,4,5,5,5,5,5,6,6,5,5,5,5,5,6,6,5,5.66666666666667,5,5.4,5.35555555555556,0,38,4,5,5,6,5,5,5,5,5,5,5,5,5.09090909090909
140,5,6,5,6,5.66666666666667,5,6,6,5,5,5,5,5,6,6,5,5.66666666666667,5,5.4,5.35555555555556,0,38,4,5,5,6,5,5,5,5,5,5,5,5,5.09090909090909
140,6,5,5,5,5,5,6,6,5,5,5,5,5,6,6,5,5.66666666666667,5,5.4,5.35555555555556,0,38,4,5,5,6,5,5,5,5,5,5,5,5,5.09090909090909
140,7,5,5,6,5.33333333333333,5,6,6,5,5,5,5,5,6,6,5,5.66666666666667,5,5.4,5.35555555555556,0,38,4,5,5,6,5,5,5,5,5,5,5,5,5.09090909090909
140,8,5,6,5,5.33333333333333,5,6,6,5,5,5,5,5,6,6,5,5.66666666666667,5,5.4,5.35555555555556,0,38,4,5,5,6,5,5,5,5,5,5,5,5,5.09090909090909
140,9,6,5,6,5.66666666666667,5,6,6,5,5,5,5,5,6,6,5,5.66666666666667,5,5.4,5.35555555555556,0,38,4,5,5,6,5,5,5,5,5,5,5,5,5.09090909090909
140,10,5,6,5,5.33333333333333,5,6,6,5,5,5,5,5,6,6,5,5.66666666666667,5,5.4,5.35555555555556,0,38,4,5,5,6,5,5,5,5,5,5,5,5,5.09090909090909
141,1,6,5,6,5.66666666666667,5,5,5,5,5,6,5,5,5,5,6,5,5.33333333333333,5.2,5.17777777777778,1,34,4,6,5,5,5,6,5,5,5,5,5,6,5.27272727272727
141,2,5,6,5,5.33333333333333,5,5,5,5,5,6,5,5,5,5,6,5,5.33333333333333,5.2,5.17777777777778,1,34,4,6,5,5,5,6,5,5,5,5,5,6,5.27272727272727
141,3,5,5,5,5,5,5,5,5,5,6,5,5,5,5,6,5,5.33333333333333,5.2,5.17777777777778,1,34,4,6,5,5,5,6,5,5,5,5,5,6,5.27272727272727
141,4,5,5,5,5,5,5,5,5,5,6,5,5,5,5,6,5,5.33333333333333,5.2,5.17777777777778,1,34,4,6,5,5,5,6,5,5,5,5,5,6,5.27272727272727
141,5,5,5,6,5.33333333333333,5,5,5,5,5,6,5,5,5,5,6,5,5.33333333333333,5.2,5.17777777777778,1,34,4,6,5,5,5,6,5,5,5,5,5,6,5.27272727272727
141,6,5,5,5,5,5,5,5,5,5,6,5,5,5,5,6,5,5.33333333333333,5.2,5.17777777777778,1,34,4,6,5,5,5,6,5,5,5,5,5,6,5.27272727272727
141,7,5,5,5,5,5,5,5,5,5,6,5,5,5,5,6,5,5.33333333333333,5.2,5.17777777777778,1,34,4,6,5,5,5,6,5,5,5,5,5,6,5.27272727272727
141,8,5,6,5,5.33333333333333,5,5,5,5,5,6,5,5,5,5,6,5,5.33333333333333,5.2,5.17777777777778,1,34,4,6,5,5,5,6,5,5,5,5,5,6,5.27272727272727
141,9,5,5,5,5,5,5,5,5,5,6,5,5,5,5,6,5,5.33333333333333,5.2,5.17777777777778,1,34,4,6,5,5,5,6,5,5,5,5,5,6,5.27272727272727
141,10,5,5,5,5,5,5,5,5,5,6,5,5,5,5,6,5,5.33333333333333,5.2,5.17777777777778,1,34,4,6,5,5,5,6,5,5,5,5,5,6,5.27272727272727
142,1,5,5,5,5,6,5,5,6,5,5,5,6,6,5,5,5.33333333333333,5.33333333333333,5.4,5.35555555555556,0,33,5,5,5,5,5,5,5,6,5,5,5,5,5.09090909090909
142,2,5,5,5,5,6,5,5,6,5,5,5,6,6,5,5,5.33333333333333,5.33333333333333,5.4,5.35555555555556,0,33,5,5,5,5,5,5,5,6,5,5,5,5,5.09090909090909
142,3,5,5,5,5,6,5,5,6,5,5,5,6,6,5,5,5.33333333333333,5.33333333333333,5.4,5.35555555555556,0,33,5,5,5,5,5,5,5,6,5,5,5,5,5.09090909090909
142,4,6,5,5,5.33333333333333,6,5,5,6,5,5,5,6,6,5,5,5.33333333333333,5.33333333333333,5.4,5.35555555555556,0,33,5,5,5,5,5,5,5,6,5,5,5,5,5.09090909090909
142,5,5,5,6,5.33333333333333,6,5,5,6,5,5,5,6,6,5,5,5.33333333333333,5.33333333333333,5.4,5.35555555555556,0,33,5,5,5,5,5,5,5,6,5,5,5,5,5.09090909090909
142,6,6,5,5,5.33333333333333,6,5,5,6,5,5,5,6,6,5,5,5.33333333333333,5.33333333333333,5.4,5.35555555555556,0,33,5,5,5,5,5,5,5,6,5,5,5,5,5.09090909090909
142,7,5,5,5,5,6,5,5,6,5,5,5,6,6,5,5,5.33333333333333,5.33333333333333,5.4,5.35555555555556,0,33,5,5,5,5,5,5,5,6,5,5,5,5,5.09090909090909
142,8,5,6,5,5.33333333333333,6,5,5,6,5,5,5,6,6,5,5,5.33333333333333,5.33333333333333,5.4,5.35555555555556,0,33,5,5,5,5,5,5,5,6,5,5,5,5,5.09090909090909
142,9,5,5,5,5,6,5,5,6,5,5,5,6,6,5,5,5.33333333333333,5.33333333333333,5.4,5.35555555555556,0,33,5,5,5,5,5,5,5,6,5,5,5,5,5.09090909090909
142,10,6,5,5,5.33333333333333,6,5,5,6,5,5,5,6,6,5,5,5.33333333333333,5.33333333333333,5.4,5.35555555555556,0,33,5,5,5,5,5,5,5,6,5,5,5,5,5.09090909090909
143,1,5,5,6,5.33333333333333,4,4,5,5,5,5,5,5,5,5,5,4.33333333333333,5,5,4.77777777777778,1,32,3,6,6,6,5,5,5,5,5,5,5,5,5.27272727272727
143,2,6,5,5,5.33333333333333,4,4,5,5,5,5,5,5,5,5,5,4.33333333333333,5,5,4.77777777777778,1,32,3,6,6,6,5,5,5,5,5,5,5,5,5.27272727272727
143,3,5,5,5,5,4,4,5,5,5,5,5,5,5,5,5,4.33333333333333,5,5,4.77777777777778,1,32,3,6,6,6,5,5,5,5,5,5,5,5,5.27272727272727
143,4,5,5,6,5.33333333333333,4,4,5,5,5,5,5,5,5,5,5,4.33333333333333,5,5,4.77777777777778,1,32,3,6,6,6,5,5,5,5,5,5,5,5,5.27272727272727
143,5,6,5,6,5.66666666666667,4,4,5,5,5,5,5,5,5,5,5,4.33333333333333,5,5,4.77777777777778,1,32,3,6,6,6,5,5,5,5,5,5,5,5,5.27272727272727
143,6,5,5,6,5.33333333333333,4,4,5,5,5,5,5,5,5,5,5,4.33333333333333,5,5,4.77777777777778,1,32,3,6,6,6,5,5,5,5,5,5,5,5,5.27272727272727
143,7,5,5,6,5.33333333333333,4,4,5,5,5,5,5,5,5,5,5,4.33333333333333,5,5,4.77777777777778,1,32,3,6,6,6,5,5,5,5,5,5,5,5,5.27272727272727
143,8,5,5,5,5,4,4,5,5,5,5,5,5,5,5,5,4.33333333333333,5,5,4.77777777777778,1,32,3,6,6,6,5,5,5,5,5,5,5,5,5.27272727272727
143,9,5,6,6,5.66666666666667,4,4,5,5,5,5,5,5,5,5,5,4.33333333333333,5,5,4.77777777777778,1,32,3,6,6,6,5,5,5,5,5,5,5,5,5.27272727272727
143,10,5,6,5,5.33333333333333,4,4,5,5,5,5,5,5,5,5,5,4.33333333333333,5,5,4.77777777777778,1,32,3,6,6,6,5,5,5,5,5,5,5,5,5.27272727272727
144,1,6,5,5,5.33333333333333,5,4,5,5,5,5,5,5,5,5,5,4.66666666666667,5,5,4.88888888888889,0,35,3,5,5,6,5,6,5,5,5,5,5,5,5.18181818181818
144,2,5,5,5,5,5,4,5,5,5,5,5,5,5,5,5,4.66666666666667,5,5,4.88888888888889,0,35,3,5,5,6,5,6,5,5,5,5,5,5,5.18181818181818
144,3,5,5,6,5.33333333333333,5,4,5,5,5,5,5,5,5,5,5,4.66666666666667,5,5,4.88888888888889,0,35,3,5,5,6,5,6,5,5,5,5,5,5,5.18181818181818
144,4,6,6,5,5.66666666666667,5,4,5,5,5,5,5,5,5,5,5,4.66666666666667,5,5,4.88888888888889,0,35,3,5,5,6,5,6,5,5,5,5,5,5,5.18181818181818
144,5,5,5,6,5.33333333333333,5,4,5,5,5,5,5,5,5,5,5,4.66666666666667,5,5,4.88888888888889,0,35,3,5,5,6,5,6,5,5,5,5,5,5,5.18181818181818
144,6,5,5,5,5,5,4,5,5,5,5,5,5,5,5,5,4.66666666666667,5,5,4.88888888888889,0,35,3,5,5,6,5,6,5,5,5,5,5,5,5.18181818181818
144,7,5,5,5,5,5,4,5,5,5,5,5,5,5,5,5,4.66666666666667,5,5,4.88888888888889,0,35,3,5,5,6,5,6,5,5,5,5,5,5,5.18181818181818
144,8,5,6,5,5.33333333333333,5,4,5,5,5,5,5,5,5,5,5,4.66666666666667,5,5,4.88888888888889,0,35,3,5,5,6,5,6,5,5,5,5,5,5,5.18181818181818
144,9,5,5,5,5,5,4,5,5,5,5,5,5,5,5,5,4.66666666666667,5,5,4.88888888888889,0,35,3,5,5,6,5,6,5,5,5,5,5,5,5.18181818181818
144,10,5,5,5,5,5,4,5,5,5,5,5,5,5,5,5,4.66666666666667,5,5,4.88888888888889,0,35,3,5,5,6,5,6,5,5,5,5,5,5,5.18181818181818
145,1,5,5,5,5,4,6,4,5,5,5,5,5,5,5,6,4.66666666666667,5,5.2,4.95555555555556,0,32,3,5,6,5,5,5,5,5,5,6,5,5,5.18181818181818
145,2,5,5,6,5.33333333333333,4,6,4,5,5,5,5,5,5,5,6,4.66666666666667,5,5.2,4.95555555555556,0,32,3,5,6,5,5,5,5,5,5,6,5,5,5.18181818181818
145,3,5,5,5,5,4,6,4,5,5,5,5,5,5,5,6,4.66666666666667,5,5.2,4.95555555555556,0,32,3,5,6,5,5,5,5,5,5,6,5,5,5.18181818181818
145,4,5,5,5,5,4,6,4,5,5,5,5,5,5,5,6,4.66666666666667,5,5.2,4.95555555555556,0,32,3,5,6,5,5,5,5,5,5,6,5,5,5.18181818181818
145,5,5,5,6,5.33333333333333,4,6,4,5,5,5,5,5,5,5,6,4.66666666666667,5,5.2,4.95555555555556,0,32,3,5,6,5,5,5,5,5,5,6,5,5,5.18181818181818
145,6,5,5,5,5,4,6,4,5,5,5,5,5,5,5,6,4.66666666666667,5,5.2,4.95555555555556,0,32,3,5,6,5,5,5,5,5,5,6,5,5,5.18181818181818
145,7,5,5,5,5,4,6,4,5,5,5,5,5,5,5,6,4.66666666666667,5,5.2,4.95555555555556,0,32,3,5,6,5,5,5,5,5,5,6,5,5,5.18181818181818
145,8,5,5,6,5.33333333333333,4,6,4,5,5,5,5,5,5,5,6,4.66666666666667,5,5.2,4.95555555555556,0,32,3,5,6,5,5,5,5,5,5,6,5,5,5.18181818181818
145,9,5,5,5,5,4,6,4,5,5,5,5,5,5,5,6,4.66666666666667,5,5.2,4.95555555555556,0,32,3,5,6,5,5,5,5,5,5,6,5,5,5.18181818181818
145,10,6,5,5,5.33333333333333,4,6,4,5,5,5,5,5,5,5,6,4.66666666666667,5,5.2,4.95555555555556,0,32,3,5,6,5,5,5,5,5,5,6,5,5,5.18181818181818
146,1,5,5,5,5,4,4,5,5,5,6,5,5,6,5,5,4.33333333333333,5.33333333333333,5.2,4.95555555555556,0,36,2,5,5,5,6,5,5,5,5,5,5,5,5.09090909090909
146,2,5,5,5,5,4,4,5,5,5,6,5,5,6,5,5,4.33333333333333,5.33333333333333,5.2,4.95555555555556,0,36,2,5,5,5,6,5,5,5,5,5,5,5,5.09090909090909
146,3,5,5,5,5,4,4,5,5,5,6,5,5,6,5,5,4.33333333333333,5.33333333333333,5.2,4.95555555555556,0,36,2,5,5,5,6,5,5,5,5,5,5,5,5.09090909090909
146,4,5,5,6,5.33333333333333,4,4,5,5,5,6,5,5,6,5,5,4.33333333333333,5.33333333333333,5.2,4.95555555555556,0,36,2,5,5,5,6,5,5,5,5,5,5,5,5.09090909090909
146,5,5,5,5,5,4,4,5,5,5,6,5,5,6,5,5,4.33333333333333,5.33333333333333,5.2,4.95555555555556,0,36,2,5,5,5,6,5,5,5,5,5,5,5,5.09090909090909
146,6,5,5,5,5,4,4,5,5,5,6,5,5,6,5,5,4.33333333333333,5.33333333333333,5.2,4.95555555555556,0,36,2,5,5,5,6,5,5,5,5,5,5,5,5.09090909090909
146,7,5,6,5,5.33333333333333,4,4,5,5,5,6,5,5,6,5,5,4.33333333333333,5.33333333333333,5.2,4.95555555555556,0,36,2,5,5,5,6,5,5,5,5,5,5,5,5.09090909090909
146,8,5,6,5,5.33333333333333,4,4,5,5,5,6,5,5,6,5,5,4.33333333333333,5.33333333333333,5.2,4.95555555555556,0,36,2,5,5,5,6,5,5,5,5,5,5,5,5.09090909090909
146,9,5,6,5,5.33333333333333,4,4,5,5,5,6,5,5,6,5,5,4.33333333333333,5.33333333333333,5.2,4.95555555555556,0,36,2,5,5,5,6,5,5,5,5,5,5,5,5.09090909090909
146,10,5,6,5,5.33333333333333,4,4,5,5,5,6,5,5,6,5,5,4.33333333333333,5.33333333333333,5.2,4.95555555555556,0,36,2,5,5,5,6,5,5,5,5,5,5,5,5.09090909090909
147,1,5,6,6,5.66666666666667,6,5,5,5,5,6,6,6,5,5,6,5.33333333333333,5.33333333333333,5.6,5.42222222222222,0,33,2,5,5,5,5,5,5,5,5,5,5,5,5
147,2,6,5,5,5.33333333333333,6,5,5,5,5,6,6,6,5,5,6,5.33333333333333,5.33333333333333,5.6,5.42222222222222,0,33,2,5,5,5,5,5,5,5,5,5,5,5,5
147,3,6,5,5,5.33333333333333,6,5,5,5,5,6,6,6,5,5,6,5.33333333333333,5.33333333333333,5.6,5.42222222222222,0,33,2,5,5,5,5,5,5,5,5,5,5,5,5
147,4,5,5,6,5.33333333333333,6,5,5,5,5,6,6,6,5,5,6,5.33333333333333,5.33333333333333,5.6,5.42222222222222,0,33,2,5,5,5,5,5,5,5,5,5,5,5,5
147,5,6,5,5,5.33333333333333,6,5,5,5,5,6,6,6,5,5,6,5.33333333333333,5.33333333333333,5.6,5.42222222222222,0,33,2,5,5,5,5,5,5,5,5,5,5,5,5
147,6,5,5,5,5,6,5,5,5,5,6,6,6,5,5,6,5.33333333333333,5.33333333333333,5.6,5.42222222222222,0,33,2,5,5,5,5,5,5,5,5,5,5,5,5
147,7,6,5,5,5.33333333333333,6,5,5,5,5,6,6,6,5,5,6,5.33333333333333,5.33333333333333,5.6,5.42222222222222,0,33,2,5,5,5,5,5,5,5,5,5,5,5,5
147,8,5,5,5,5,6,5,5,5,5,6,6,6,5,5,6,5.33333333333333,5.33333333333333,5.6,5.42222222222222,0,33,2,5,5,5,5,5,5,5,5,5,5,5,5
147,9,5,5,5,5,6,5,5,5,5,6,6,6,5,5,6,5.33333333333333,5.33333333333333,5.6,5.42222222222222,0,33,2,5,5,5,5,5,5,5,5,5,5,5,5
147,10,5,5,5,5,6,5,5,5,5,6,6,6,5,5,6,5.33333333333333,5.33333333333333,5.6,5.42222222222222,0,33,2,5,5,5,5,5,5,5,5,5,5,5,5
148,1,5,5,5,5,6,5,5,5,6,5,5,6,4,6,5,5.33333333333333,5.33333333333333,5.2,5.28888888888889,0,33,6,6,5,5,5,5,5,5,5,5,5,5,5.09090909090909
148,2,5,5,6,5.33333333333333,6,5,5,5,6,5,5,6,4,6,5,5.33333333333333,5.33333333333333,5.2,5.28888888888889,0,33,6,6,5,5,5,5,5,5,5,5,5,5,5.09090909090909
148,3,5,5,5,5,6,5,5,5,6,5,5,6,4,6,5,5.33333333333333,5.33333333333333,5.2,5.28888888888889,0,33,6,6,5,5,5,5,5,5,5,5,5,5,5.09090909090909
148,4,6,5,5,5.33333333333333,6,5,5,5,6,5,5,6,4,6,5,5.33333333333333,5.33333333333333,5.2,5.28888888888889,0,33,6,6,5,5,5,5,5,5,5,5,5,5,5.09090909090909
148,5,6,5,6,5.66666666666667,6,5,5,5,6,5,5,6,4,6,5,5.33333333333333,5.33333333333333,5.2,5.28888888888889,0,33,6,6,5,5,5,5,5,5,5,5,5,5,5.09090909090909
148,6,6,5,5,5.33333333333333,6,5,5,5,6,5,5,6,4,6,5,5.33333333333333,5.33333333333333,5.2,5.28888888888889,0,33,6,6,5,5,5,5,5,5,5,5,5,5,5.09090909090909
148,7,6,5,5,5.33333333333333,6,5,5,5,6,5,5,6,4,6,5,5.33333333333333,5.33333333333333,5.2,5.28888888888889,0,33,6,6,5,5,5,5,5,5,5,5,5,5,5.09090909090909
148,8,6,5,5,5.33333333333333,6,5,5,5,6,5,5,6,4,6,5,5.33333333333333,5.33333333333333,5.2,5.28888888888889,0,33,6,6,5,5,5,5,5,5,5,5,5,5,5.09090909090909
148,9,5,5,5,5,6,5,5,5,6,5,5,6,4,6,5,5.33333333333333,5.33333333333333,5.2,5.28888888888889,0,33,6,6,5,5,5,5,5,5,5,5,5,5,5.09090909090909
148,10,5,6,6,5.66666666666667,6,5,5,5,6,5,5,6,4,6,5,5.33333333333333,5.33333333333333,5.2,5.28888888888889,0,33,6,6,5,5,5,5,5,5,5,5,5,5,5.09090909090909
149,1,6,5,5,5.33333333333333,5,4,5,5,5,5,6,4,4,6,4,4.66666666666667,5,4.8,4.82222222222222,1,31,6,6,5,5,5,5,5,5,5,5,5,5,5.09090909090909
149,2,5,5,5,5,5,4,5,5,5,5,6,4,4,6,4,4.66666666666667,5,4.8,4.82222222222222,1,31,6,6,5,5,5,5,5,5,5,5,5,5,5.09090909090909
149,3,5,5,5,5,5,4,5,5,5,5,6,4,4,6,4,4.66666666666667,5,4.8,4.82222222222222,1,31,6,6,5,5,5,5,5,5,5,5,5,5,5.09090909090909
149,4,5,5,5,5,5,4,5,5,5,5,6,4,4,6,4,4.66666666666667,5,4.8,4.82222222222222,1,31,6,6,5,5,5,5,5,5,5,5,5,5,5.09090909090909
149,5,5,6,5,5.33333333333333,5,4,5,5,5,5,6,4,4,6,4,4.66666666666667,5,4.8,4.82222222222222,1,31,6,6,5,5,5,5,5,5,5,5,5,5,5.09090909090909
149,6,5,5,5,5,5,4,5,5,5,5,6,4,4,6,4,4.66666666666667,5,4.8,4.82222222222222,1,31,6,6,5,5,5,5,5,5,5,5,5,5,5.09090909090909
149,7,5,5,5,5,5,4,5,5,5,5,6,4,4,6,4,4.66666666666667,5,4.8,4.82222222222222,1,31,6,6,5,5,5,5,5,5,5,5,5,5,5.09090909090909
149,8,5,5,5,5,5,4,5,5,5,5,6,4,4,6,4,4.66666666666667,5,4.8,4.82222222222222,1,31,6,6,5,5,5,5,5,5,5,5,5,5,5.09090909090909
149,9,5,5,5,5,5,4,5,5,5,5,6,4,4,6,4,4.66666666666667,5,4.8,4.82222222222222,1,31,6,6,5,5,5,5,5,5,5,5,5,5,5.09090909090909
149,10,6,5,5,5.33333333333333,5,4,5,5,5,5,6,4,4,6,4,4.66666666666667,5,4.8,4.82222222222222,1,31,6,6,5,5,5,5,5,5,5,5,5,5,5.09090909090909
150,1,6,5,5,5.33333333333333,5,4,5,6,6,5,5,4,5,4,6,4.66666666666667,5.66666666666667,4.8,5.04444444444444,1,35,4,6,5,6,5,5,5,5,6,5,5,5,5.27272727272727
150,2,5,5,5,5,5,4,5,6,6,5,5,4,5,4,6,4.66666666666667,5.66666666666667,4.8,5.04444444444444,1,35,4,6,5,6,5,5,5,5,6,5,5,5,5.27272727272727
150,3,5,6,5,5.33333333333333,5,4,5,6,6,5,5,4,5,4,6,4.66666666666667,5.66666666666667,4.8,5.04444444444444,1,35,4,6,5,6,5,5,5,5,6,5,5,5,5.27272727272727
150,4,5,5,5,5,5,4,5,6,6,5,5,4,5,4,6,4.66666666666667,5.66666666666667,4.8,5.04444444444444,1,35,4,6,5,6,5,5,5,5,6,5,5,5,5.27272727272727
150,5,5,5,5,5,5,4,5,6,6,5,5,4,5,4,6,4.66666666666667,5.66666666666667,4.8,5.04444444444444,1,35,4,6,5,6,5,5,5,5,6,5,5,5,5.27272727272727
150,6,5,5,5,5,5,4,5,6,6,5,5,4,5,4,6,4.66666666666667,5.66666666666667,4.8,5.04444444444444,1,35,4,6,5,6,5,5,5,5,6,5,5,5,5.27272727272727
150,7,6,6,5,5.66666666666667,5,4,5,6,6,5,5,4,5,4,6,4.66666666666667,5.66666666666667,4.8,5.04444444444444,1,35,4,6,5,6,5,5,5,5,6,5,5,5,5.27272727272727
150,8,6,5,5,5.33333333333333,5,4,5,6,6,5,5,4,5,4,6,4.66666666666667,5.66666666666667,4.8,5.04444444444444,1,35,4,6,5,6,5,5,5,5,6,5,5,5,5.27272727272727
150,9,6,5,5,5.33333333333333,5,4,5,6,6,5,5,4,5,4,6,4.66666666666667,5.66666666666667,4.8,5.04444444444444,1,35,4,6,5,6,5,5,5,5,6,5,5,5,5.27272727272727
150,10,5,5,5,5,5,4,5,6,6,5,5,4,5,4,6,4.66666666666667,5.66666666666667,4.8,5.04444444444444,1,35,4,6,5,6,5,5,5,5,6,5,5,5,5.27272727272727
151,1,5,5,5,5,5,4,6,4,6,4,5,4,4,4,5,5,4.66666666666667,4.4,4.68888888888889,1,23,7,5,5,5,5,5,5,6,5,5,6,5,5.18181818181818
151,2,6,5,5,5.33333333333333,5,4,6,4,6,4,5,4,4,4,5,5,4.66666666666667,4.4,4.68888888888889,1,23,7,5,5,5,5,5,5,6,5,5,6,5,5.18181818181818
151,3,5,5,5,5,5,4,6,4,6,4,5,4,4,4,5,5,4.66666666666667,4.4,4.68888888888889,1,23,7,5,5,5,5,5,5,6,5,5,6,5,5.18181818181818
151,4,6,5,5,5.33333333333333,5,4,6,4,6,4,5,4,4,4,5,5,4.66666666666667,4.4,4.68888888888889,1,23,7,5,5,5,5,5,5,6,5,5,6,5,5.18181818181818
151,5,5,5,5,5,5,4,6,4,6,4,5,4,4,4,5,5,4.66666666666667,4.4,4.68888888888889,1,23,7,5,5,5,5,5,5,6,5,5,6,5,5.18181818181818
151,6,6,5,5,5.33333333333333,5,4,6,4,6,4,5,4,4,4,5,5,4.66666666666667,4.4,4.68888888888889,1,23,7,5,5,5,5,5,5,6,5,5,6,5,5.18181818181818
151,7,5,6,5,5.33333333333333,5,4,6,4,6,4,5,4,4,4,5,5,4.66666666666667,4.4,4.68888888888889,1,23,7,5,5,5,5,5,5,6,5,5,6,5,5.18181818181818
151,8,6,5,6,5.66666666666667,5,4,6,4,6,4,5,4,4,4,5,5,4.66666666666667,4.4,4.68888888888889,1,23,7,5,5,5,5,5,5,6,5,5,6,5,5.18181818181818
151,9,5,5,5,5,5,4,6,4,6,4,5,4,4,4,5,5,4.66666666666667,4.4,4.68888888888889,1,23,7,5,5,5,5,5,5,6,5,5,6,5,5.18181818181818
151,10,5,6,6,5.66666666666667,5,4,6,4,6,4,5,4,4,4,5,5,4.66666666666667,4.4,4.68888888888889,1,23,7,5,5,5,5,5,5,6,5,5,6,5,5.18181818181818
152,1,5,5,5,5,5,5,4,5,4,4,4,4,5,4,4,4.66666666666667,4.33333333333333,4.2,4.4,0,31,5,5,4,4,5,5,5,4,5,5,5,6,4.81818181818182
152,2,5,5,5,5,5,5,4,5,4,4,4,4,5,4,4,4.66666666666667,4.33333333333333,4.2,4.4,0,31,5,5,4,4,5,5,5,4,5,5,5,6,4.81818181818182
152,3,5,5,5,5,5,5,4,5,4,4,4,4,5,4,4,4.66666666666667,4.33333333333333,4.2,4.4,0,31,5,5,4,4,5,5,5,4,5,5,5,6,4.81818181818182
152,4,5,5,5,5,5,5,4,5,4,4,4,4,5,4,4,4.66666666666667,4.33333333333333,4.2,4.4,0,31,5,5,4,4,5,5,5,4,5,5,5,6,4.81818181818182
152,5,5,5,5,5,5,5,4,5,4,4,4,4,5,4,4,4.66666666666667,4.33333333333333,4.2,4.4,0,31,5,5,4,4,5,5,5,4,5,5,5,6,4.81818181818182
152,6,4,5,4,4.33333333333333,5,5,4,5,4,4,4,4,5,4,4,4.66666666666667,4.33333333333333,4.2,4.4,0,31,5,5,4,4,5,5,5,4,5,5,5,6,4.81818181818182
152,7,5,4,4,4.33333333333333,5,5,4,5,4,4,4,4,5,4,4,4.66666666666667,4.33333333333333,4.2,4.4,0,31,5,5,4,4,5,5,5,4,5,5,5,6,4.81818181818182
152,8,5,6,4,5,5,5,4,5,4,4,4,4,5,4,4,4.66666666666667,4.33333333333333,4.2,4.4,0,31,5,5,4,4,5,5,5,4,5,5,5,6,4.81818181818182
152,9,4,5,6,5,5,5,4,5,4,4,4,4,5,4,4,4.66666666666667,4.33333333333333,4.2,4.4,0,31,5,5,4,4,5,5,5,4,5,5,5,6,4.81818181818182
152,10,4,5,4,4.33333333333333,5,5,4,5,4,4,4,4,5,4,4,4.66666666666667,4.33333333333333,4.2,4.4,0,31,5,5,4,4,5,5,5,4,5,5,5,6,4.81818181818182
