case,wave,cse1,cse2,cse3,csem,xc,x2c,lagyc,lagy2c,xyc,cpe1,cpe2,cpe3,cpe4,cpe5,cpe6,cpem,gain1,gain2,gain3,gain4,gainm,loss1,loss2,loss3,loss4,lossm,gender,exp,edu,opp
1,1,4,3,3,3.333333333,-0.333333333,0.111111111,NA,NA,NA,5,6,6,6,5,6,5.666666667,4,5,5,5,4.75,4,4,3,4,3.75,0,4,2,2
1,2,3,4,4,3.666666667,0,0,-0.333333333,0.111111111,0,4,4,4,3,3,4,3.666666667,5,5,6,6,5.5,5,5,5,5,5,0,4,2,2
1,3,4,4,4,4,0.333333333,0.111111111,0,0,0,4,4,4,4,4,4,4,4,5,4,5,4.5,5,4,4,4,4.25,0,4,2,2
1,4,4,4,4,4,0.333333333,0.111111111,0.333333333,0.111111111,0.111111111,6,5,6,5,5,5,5.333333333,4,5,4,5,4.5,4,4,4,4,4,0,4,2,2
1,5,3,4,4,3.666666667,0,0,0.333333333,0.111111111,0,6,5,5,5,6,5,5.333333333,3,4,4,4,3.75,4,5,5,4,4.5,0,4,2,2
1,6,4,3,3,3.333333333,-0.333333333,0.111111111,0,0,0,4,4,4,4,5,4,4.166666667,4,4,6,4,4.5,4,3,3,4,3.5,0,4,2,2
2,1,4,4,4,4,-0.166666667,0.027777778,NA,NA,NA,5,6,6,6,6,5,5.666666667,4,5,4,4,4.25,4,4,4,4,4,0,4,2,3
2,2,4,3,3,3.333333333,-0.833333333,0.694444444,-0.166666667,0.027777778,0.138888889,4,3,4,4,4,4,3.833333333,3,4,3,4,3.5,4,5,5,4,4.5,0,4,2,3
2,3,4,4,4,4,-0.166666667,0.027777778,-0.833333333,0.694444444,0.138888889,4,4,4,3,4,4,3.833333333,4,4,4,4,4,4,5,4,5,4.5,0,4,2,3
2,4,5,5,4,4.666666667,0.5,0.25,-0.166666667,0.027777778,-0.083333333,4,4,5,6,5,5,4.833333333,5,4,5,6,5,5,5,5,5,5,0,4,2,3
2,5,5,5,4,4.666666667,0.5,0.25,0.5,0.25,0.25,5,5,5,5,5,4,4.833333333,5,5,6,5,5.25,5,5,5,5,5,0,4,2,3
2,6,4,4,5,4.333333333,0.166666667,0.027777778,0.5,0.25,0.083333333,5,5,5,5,5,5,5,5,5,5,5,5,4,4,4,4,4,0,4,2,3
3,1,5,4,4,4.333333333,0.055555556,0.00308642,NA,NA,NA,4,3,3,3,3,3,3.166666667,4,4,5,4,4.25,6,6,6,5,5.75,0,4,3,1
3,2,4,4,4,4,-0.277777778,0.077160494,0.055555556,0.00308642,-0.015432099,5,5,4,4,4,5,4.5,5,5,5,5,5,4,4,4,3,3.75,0,4,3,1
3,3,5,4,5,4.666666667,0.388888889,0.151234568,-0.277777778,0.077160494,-0.108024691,4,4,5,4,5,5,4.5,5,5,4,5,4.75,5,4,5,4,4.5,0,4,3,1
3,4,4,5,4,4.333333333,0.055555556,0.00308642,0.388888889,0.151234568,0.021604938,4,4,5,5,5,4,4.5,4,5,4,4,4.25,4,4,5,4,4.25,0,4,3,1
3,5,4,4,5,4.333333333,0.055555556,0.00308642,0.055555556,0.00308642,0.00308642,5,4,4,4,4,5,4.333333333,4,4,4,4,4,5,5,6,4,5,0,4,3,1
3,6,4,4,4,4,-0.277777778,0.077160494,0.055555556,0.00308642,-0.015432099,4,5,5,4,4,5,4.5,5,5,5,5,5,4,3,4,4,3.75,0,4,3,1
4,1,4,4,5,4.333333333,-0.444444444,0.197530864,NA,NA,NA,4,3,3,3,3,3,3.166666667,4,4,4,5,4.25,5,6,6,6,5.75,0,3,2,2
4,2,5,5,5,5,0.222222222,0.049382716,-0.444444444,0.197530864,-0.098765432,4,3,4,4,4,3,3.666666667,6,5,5,6,5.5,6,5,5,5,5.25,0,3,2,2
4,3,4,5,5,4.666666667,-0.111111111,0.012345679,0.222222222,0.049382716,-0.024691358,4,5,5,5,4,4,4.5,5,4,5,5,4.75,4,4,4,5,4.25,0,3,2,2
4,4,4,4,4,4,-0.777777778,0.604938272,-0.111111111,0.012345679,0.086419753,5,5,5,6,5,5,5.166666667,4,3,3,4,3.5,4,4,5,4,4.25,0,3,2,2
4,5,6,5,6,5.666666667,0.888888889,0.790123457,-0.777777778,0.604938272,-0.691358025,4,4,3,3,3,4,3.5,5,6,6,5,5.5,6,5,6,5,5.5,0,3,2,2
4,6,5,5,5,5,0.222222222,0.049382716,0.888888889,0.790123457,0.197530864,4,5,5,5,4,4,4.5,4,3,4,4,3.75,5,4,5,4,4.5,0,3,2,2
5,1,5,5,5,5,-0.166666667,0.027777778,NA,NA,NA,4,4,3,3,3,3,3.333333333,4,5,4,4,4.25,6,6,5,5,5.5,0,3,3,2
5,2,5,5,5,5,-0.166666667,0.027777778,-0.166666667,0.027777778,0.027777778,5,5,6,6,4,6,5.333333333,4,3,4,4,3.75,3,3,4,4,3.5,0,3,3,2
5,3,6,5,5,5.333333333,0.166666667,0.027777778,-0.166666667,0.027777778,-0.027777778,5,5,6,5,5,5,5.166666667,5,5,5,5,5,5,5,5,5,5,0,3,3,2
5,4,5,5,5,5,-0.166666667,0.027777778,0.166666667,0.027777778,-0.027777778,4,3,4,4,4,4,3.833333333,4,3,4,4,3.75,4,4,5,5,4.5,0,3,3,2
5,5,6,5,6,5.666666667,0.5,0.25,-0.166666667,0.027777778,-0.083333333,5,4,5,5,4,6,4.833333333,4,5,6,5,5,5,5,5,5,5,0,3,3,2
5,6,5,5,5,5,-0.166666667,0.027777778,0.5,0.25,-0.083333333,5,5,6,5,5,5,5.166666667,4,3,3,4,3.5,4,5,4,5,4.5,0,3,3,2
6,1,6,6,5,5.666666667,0.388888889,0.151234568,NA,NA,NA,3,4,3,4,3,3,3.333333333,5,5,5,5,5,6,6,5,6,5.75,1,4,3,2
6,2,5,5,5,5,-0.277777778,0.077160494,0.388888889,0.151234568,-0.108024691,6,5,5,5,5,5,5.166666667,4,5,4,6,4.75,4,4,4,5,4.25,1,4,3,2
6,3,5,6,5,5.333333333,0.055555556,0.00308642,-0.277777778,0.077160494,-0.015432099,4,4,3,3,4,4,3.666666667,4,4,4,4,4,4,5,5,6,5,1,4,3,2
6,4,5,5,5,5,-0.277777778,0.077160494,0.055555556,0.00308642,-0.015432099,5,4,5,4,4,5,4.5,5,5,5,5,5,3,4,4,4,3.75,1,4,3,2
6,5,6,6,5,5.666666667,0.388888889,0.151234568,-0.277777778,0.077160494,-0.108024691,4,5,5,5,4,4,4.5,5,4,5,5,4.75,4,4,5,5,4.5,1,4,3,2
6,6,5,5,5,5,-0.277777778,0.077160494,0.388888889,0.151234568,-0.108024691,5,5,5,5,6,5,5.166666667,5,5,5,4,4.75,4,4,5,4,4.25,1,4,3,2
7,1,6,5,6,5.666666667,0.388888889,0.151234568,NA,NA,NA,3,3,3,3,4,4,3.333333333,5,5,5,5,5,6,6,5,6,5.75,0,3,1,3
7,2,5,5,5,5,-0.277777778,0.077160494,0.388888889,0.151234568,-0.108024691,5,5,5,6,5,5,5.166666667,4,4,5,6,4.75,4,4,5,4,4.25,0,3,1,3
7,3,5,5,5,5,-0.277777778,0.077160494,-0.277777778,0.077160494,0.077160494,4,4,5,4,5,4,4.333333333,5,5,5,5,5,5,5,5,5,5,0,3,1,3
7,4,6,6,5,5.666666667,0.388888889,0.151234568,-0.277777778,0.077160494,-0.108024691,5,4,4,5,5,4,4.5,5,5,4,5,4.75,4,5,5,4,4.5,0,3,1,3
7,5,5,5,6,5.333333333,0.055555556,0.00308642,0.388888889,0.151234568,0.021604938,4,4,4,5,5,5,4.5,4,4,4,5,4.25,5,4,4,4,4.25,0,3,1,3
7,6,5,5,5,5,-0.277777778,0.077160494,0.055555556,0.00308642,-0.015432099,4,5,5,4,5,4,4.5,5,5,5,5,5,4,4,3,4,3.75,0,3,1,3
8,1,5,5,5,5,-0.055555556,0.00308642,NA,NA,NA,4,3,4,3,4,3,3.5,5,5,5,6,5.25,5,6,5,5,5.25,0,4,2,4
8,2,5,5,5,5,-0.055555556,0.00308642,-0.055555556,0.00308642,0.00308642,6,6,5,6,5,5,5.5,5,6,5,5,5.25,5,5,4,5,4.75,0,4,2,4
8,3,5,5,6,5.333333333,0.277777778,0.077160494,-0.055555556,0.00308642,-0.015432099,4,5,4,4,4,5,4.333333333,4,5,4,4,4.25,5,6,5,5,5.25,0,4,2,4
8,4,4,4,5,4.333333333,-0.722222222,0.521604938,0.277777778,0.077160494,-0.200617284,6,4,5,5,4,5,4.833333333,4,4,3,4,3.75,5,4,5,4,4.5,0,4,2,4
8,5,6,5,5,5.333333333,0.277777778,0.077160494,-0.722222222,0.521604938,-0.200617284,4,4,5,5,5,5,4.666666667,4,4,4,4,4,6,5,5,5,5.25,0,4,2,4
8,6,4,6,6,5.333333333,0.277777778,0.077160494,0.277777778,0.077160494,0.077160494,5,4,5,5,4,4,4.5,4,5,4,4,4.25,5,5,4,4,4.5,0,4,2,4
9,1,4,5,6,5,0.666666667,0.444444444,NA,NA,NA,4,3,4,3,4,3,3.5,4,5,6,6,5.25,6,5,5,6,5.5,1,5,2,2
9,2,4,4,5,4.333333333,0,0,0.666666667,0.444444444,0,4,6,5,5,6,6,5.333333333,4,4,3,4,3.75,5,6,5,5,5.25,1,5,2,2
9,3,6,4,6,5.333333333,1,1,0,0,0,4,5,4,4,4,4,4.166666667,5,5,6,6,5.5,4,4,4,4,4,1,5,2,2
9,4,4,3,4,3.666666667,-0.666666667,0.444444444,1,1,-0.666666667,4,3,4,4,3,4,3.666666667,4,3,4,4,3.75,5,5,5,5,5,1,5,2,2
9,5,4,4,4,4,-0.333333333,0.111111111,-0.666666667,0.444444444,0.222222222,5,4,5,5,5,4,4.666666667,5,5,5,4,4.75,5,5,5,5,5,1,5,2,2
9,6,4,3,4,3.666666667,-0.666666667,0.444444444,-0.333333333,0.111111111,0.222222222,5,5,5,5,4,4,4.666666667,4,3,4,4,3.75,5,5,5,5,5,1,5,2,2
10,1,4,4,4,4,0.055555556,0.00308642,NA,NA,NA,4,4,3,3,3,4,3.5,5,4,4,5,4.5,5,5,6,5,5.25,0,4,2,2
10,2,4,4,3,3.666666667,-0.277777778,0.077160494,0.055555556,0.00308642,-0.015432099,5,6,5,5,6,5,5.333333333,5,5,5,5,5,5,5,5,5,5,0,4,2,2
10,3,4,4,4,4,0.055555556,0.00308642,-0.277777778,0.077160494,-0.015432099,6,5,5,5,5,6,5.333333333,5,4,5,4,4.5,4,3,3,3,3.25,0,4,2,2
10,4,4,4,4,4,0.055555556,0.00308642,0.055555556,0.00308642,0.00308642,5,5,5,5,5,5,5,4,4,5,5,4.5,4,4,4,4,4,0,4,2,2
10,5,4,4,3,3.666666667,-0.277777778,0.077160494,0.055555556,0.00308642,-0.015432099,6,5,5,6,5,5,5.333333333,5,5,5,5,5,5,5,5,5,5,0,4,2,2
10,6,4,5,4,4.333333333,0.388888889,0.151234568,-0.277777778,0.077160494,-0.108024691,6,5,5,6,6,5,5.5,4,5,5,5,4.75,4,4,4,4,4,0,4,2,2
11,1,4,4,4,4,-0.277777778,0.077160494,NA,NA,NA,3,3,4,4,3,4,3.5,5,5,6,5,5.25,5,6,5,5,5.25,0,5,1,3
11,2,5,4,4,4.333333333,0.055555556,0.00308642,-0.277777778,0.077160494,-0.015432099,4,4,3,4,4,4,3.833333333,4,4,4,4,4,5,5,4,5,4.75,0,5,1,3
11,3,4,4,4,4,-0.277777778,0.077160494,0.055555556,0.00308642,-0.015432099,4,5,5,5,4,4,4.5,5,5,5,5,5,4,4,3,4,3.75,0,5,1,3
11,4,5,5,4,4.666666667,0.388888889,0.151234568,-0.277777778,0.077160494,-0.108024691,5,5,4,4,4,5,4.5,5,4,5,5,4.75,5,4,4,5,4.5,0,5,1,3
11,5,4,5,5,4.666666667,0.388888889,0.151234568,0.388888889,0.151234568,0.151234568,4,4,4,4,4,5,4.166666667,5,5,5,5,5,4,4,4,4,4,0,5,1,3
11,6,4,4,4,4,-0.277777778,0.077160494,0.388888889,0.151234568,-0.108024691,5,5,5,6,5,5,5.166666667,5,4,5,5,4.75,5,5,4,4,4.5,0,5,1,3
12,1,5,4,4,4.333333333,0,0,NA,NA,NA,4,3,3,4,4,4,3.666666667,4,4,3,4,3.75,4,6,6,4,5,1,3,1,4
12,2,4,4,4,4,-0.333333333,0.111111111,0,0,0,4,5,4,4,4,4,4.166666667,4,4,4,6,4.5,4,4,3,3,3.5,1,3,1,4
12,3,4,5,5,4.666666667,0.333333333,0.111111111,-0.333333333,0.111111111,-0.111111111,6,5,5,6,5,5,5.333333333,5,4,4,5,4.5,4,4,4,4,4,1,3,1,4
12,4,4,5,5,4.666666667,0.333333333,0.111111111,0.333333333,0.111111111,0.111111111,5,5,5,6,5,6,5.333333333,5,4,5,4,4.5,4,4,4,4,4,1,3,1,4
12,5,4,5,4,4.333333333,0,0,0.333333333,0.111111111,0,6,5,5,5,6,5,5.333333333,4,3,4,4,3.75,5,5,5,5,5,1,3,1,4
12,6,4,4,4,4,-0.333333333,0.111111111,0,0,0,4,5,4,4,4,4,4.166666667,4,4,6,4,4.5,4,3,4,3,3.5,1,3,1,4
13,1,5,5,6,5.333333333,0.166666667,0.027777778,NA,NA,NA,4,3,4,4,4,3,3.666666667,5,6,5,6,5.5,6,5,5,5,5.25,0,5,2,2
13,2,5,5,5,5,-0.166666667,0.027777778,0.166666667,0.027777778,-0.027777778,4,4,4,4,5,4,4.166666667,4,4,5,4,4.25,4,4,4,3,3.75,0,5,2,2
13,3,5,5,5,5,-0.166666667,0.027777778,-0.166666667,0.027777778,0.027777778,5,5,6,5,5,5,5.166666667,4,4,5,4,4.25,5,4,5,5,4.75,0,5,2,2
13,4,6,5,5,5.333333333,0.166666667,0.027777778,-0.166666667,0.027777778,-0.027777778,5,5,5,6,5,5,5.166666667,5,5,5,6,5.25,5,5,5,5,5,0,5,2,2
13,5,5,6,5,5.333333333,0.166666667,0.027777778,0.166666667,0.027777778,0.027777778,4,4,4,4,5,4,4.166666667,5,5,5,6,5.25,4,4,4,4,4,0,5,2,2
13,6,5,5,5,5,-0.166666667,0.027777778,0.166666667,0.027777778,-0.027777778,4,4,4,5,4,4,4.166666667,5,4,4,4,4.25,4,3,4,4,3.75,0,5,2,2
14,1,5,5,5,5,-0.222222222,0.049382716,NA,NA,NA,4,3,4,4,4,3,3.666666667,5,6,5,6,5.5,5,5,5,5,5,0,5,1,3
14,2,6,5,5,5.333333333,0.111111111,0.012345679,-0.222222222,0.049382716,-0.024691358,4,4,4,4,4,4,4,5,4,4,5,4.5,4,4,4,5,4.25,0,5,1,3
14,3,5,5,5,5,-0.222222222,0.049382716,0.111111111,0.012345679,-0.024691358,3,3,3,4,4,4,3.5,5,6,5,5,5.25,5,5,6,5,5.25,0,5,1,3
14,4,5,5,5,5,-0.222222222,0.049382716,-0.222222222,0.049382716,0.049382716,5,6,5,5,5,5,5.166666667,6,5,5,5,5.25,5,4,4,5,4.5,0,5,1,3
14,5,5,6,6,5.666666667,0.444444444,0.197530864,-0.222222222,0.049382716,-0.098765432,4,4,4,3,4,4,3.833333333,5,5,5,5,5,5,4,4,6,4.75,0,5,1,3
14,6,5,6,5,5.333333333,0.111111111,0.012345679,0.444444444,0.197530864,0.049382716,5,5,5,5,5,5,5,5,5,4,5,4.75,4,4,4,4,4,0,5,1,3
15,1,5,5,5,5,-0.166666667,0.027777778,NA,NA,NA,4,3,4,4,3,4,3.666666667,5,5,4,4,4.5,5,5,5,5,5,0,5,2,4
15,2,6,5,5,5.333333333,0.166666667,0.027777778,-0.166666667,0.027777778,-0.027777778,5,5,6,5,5,5,5.166666667,5,5,6,5,5.25,5,5,5,5,5,0,5,2,4
15,3,5,5,5,5,-0.166666667,0.027777778,0.166666667,0.027777778,-0.027777778,4,4,5,4,5,4,4.333333333,4,4,5,4,4.25,5,5,5,5,5,0,5,2,4
15,4,5,5,6,5.333333333,0.166666667,0.027777778,-0.166666667,0.027777778,-0.027777778,5,5,6,5,5,5,5.166666667,5,5,5,6,5.25,5,5,5,5,5,0,5,2,4
15,5,5,5,5,5,-0.166666667,0.027777778,0.166666667,0.027777778,-0.027777778,4,4,4,5,5,4,4.333333333,4,4,4,5,4.25,5,5,5,5,5,0,5,2,4
15,6,6,5,5,5.333333333,0.166666667,0.027777778,-0.166666667,0.027777778,-0.027777778,6,5,5,5,5,5,5.166666667,6,5,5,5,5.25,5,5,5,5,5,0,5,2,4
16,1,6,5,5,5.333333333,0.166666667,0.027777778,NA,NA,NA,4,3,4,4,3,4,3.666666667,5,5,5,5,5,5,6,5,4,5,1,3,1,1
16,2,5,5,5,5,-0.166666667,0.027777778,0.166666667,0.027777778,-0.027777778,4,4,4,4,4,4,4,4,4,3,4,3.75,5,4,4,4,4.25,1,3,1,1
16,3,5,5,5,5,-0.166666667,0.027777778,-0.166666667,0.027777778,0.027777778,6,5,6,5,5,6,5.5,4,3,4,4,3.75,6,5,5,5,5.25,1,3,1,1
16,4,5,6,6,5.666666667,0.5,0.25,-0.166666667,0.027777778,-0.083333333,4,6,5,4,4,6,4.833333333,6,6,4,4,5,5,5,5,5,5,1,3,1,1
16,5,5,5,5,5,-0.166666667,0.027777778,0.5,0.25,-0.083333333,5,5,5,6,5,5,5.166666667,4,3,4,3,3.5,4,5,5,4,4.5,1,3,1,1
16,6,6,5,4,5,-0.166666667,0.027777778,-0.166666667,0.027777778,0.027777778,6,5,5,5,6,6,5.5,4,4,3,4,3.75,5,6,5,5,5.25,1,3,1,1
17,1,5,5,5,5,0.277777778,0.077160494,NA,NA,NA,4,4,4,3,3,4,3.666666667,4,5,4,4,4.25,5,5,6,5,5.25,0,5,1,3
17,2,6,5,4,5,0.277777778,0.077160494,0.277777778,0.077160494,0.077160494,5,4,4,5,4,5,4.5,4,5,4,4,4.25,5,4,5,4,4.5,0,5,1,3
17,3,5,5,5,5,0.277777778,0.077160494,0.277777778,0.077160494,0.077160494,5,4,4,4,5,5,4.5,5,4,4,4,4.25,5,5,4,4,4.5,0,5,1,3
17,4,4,4,4,4,-0.722222222,0.521604938,0.277777778,0.077160494,-0.200617284,4,6,4,5,6,4,4.833333333,4,4,3,4,3.75,4,5,5,4,4.5,0,5,1,3
17,5,5,6,5,5.333333333,0.611111111,0.37345679,-0.722222222,0.521604938,-0.441358025,4,4,3,4,4,4,3.833333333,6,5,5,5,5.25,5,4,4,6,4.75,0,5,1,3
17,6,4,4,4,4,-0.722222222,0.521604938,0.611111111,0.37345679,-0.441358025,4,4,4,3,4,4,3.833333333,4,4,4,3,3.75,5,4,5,4,4.5,0,5,1,3
18,1,4,4,3,3.666666667,-0.166666667,0.027777778,NA,NA,NA,3,4,4,3,4,4,3.666666667,5,4,4,4,4.25,5,5,5,5,5,0,4,3,4
18,2,4,3,4,3.666666667,-0.166666667,0.027777778,-0.166666667,0.027777778,0.027777778,5,6,5,5,5,6,5.333333333,5,4,4,4,4.25,4,3,3,4,3.5,0,4,3,4
18,3,3,4,4,3.666666667,-0.166666667,0.027777778,-0.166666667,0.027777778,0.027777778,6,5,5,5,6,5,5.333333333,5,4,4,4,4.25,3,3,4,4,3.5,0,4,3,4
18,4,4,4,4,4,0.166666667,0.027777778,-0.166666667,0.027777778,-0.027777778,4,5,5,5,6,4,4.833333333,5,5,5,6,5.25,5,5,4,5,4.75,0,4,3,4
18,5,4,4,4,4,0.166666667,0.027777778,0.166666667,0.027777778,0.027777778,5,4,4,4,4,4,4.166666667,5,5,6,5,5.25,4,4,4,4,4,0,4,3,4
18,6,4,4,4,4,0.166666667,0.027777778,0.166666667,0.027777778,0.027777778,5,4,4,4,4,4,4.166666667,5,5,6,5,5.25,4,4,4,4,4,0,4,3,4
19,1,4,4,4,4,-0.5,0.25,NA,NA,NA,3,3,4,4,4,4,3.666666667,4,4,5,4,4.25,5,5,5,5,5,0,4,2,4
19,2,5,5,4,4.666666667,0.166666667,0.027777778,-0.5,0.25,-0.083333333,4,5,4,5,5,5,4.666666667,4,4,6,6,5,5,6,5,5,5.25,0,4,2,4
19,3,5,5,5,5,0.5,0.25,0.166666667,0.027777778,0.083333333,5,5,5,5,5,5,5,5,5,5,6,5.25,5,5,4,4,4.5,0,4,2,4
19,4,4,5,5,4.666666667,0.166666667,0.027777778,0.5,0.25,0.083333333,6,6,5,4,4,5,5,4,5,6,6,5.25,4,4,5,4,4.25,0,4,2,4
19,5,4,5,4,4.333333333,-0.166666667,0.027777778,0.166666667,0.027777778,-0.027777778,4,5,5,4,5,4,4.5,4,3,4,4,3.75,4,4,4,4,4,0,4,2,4
19,6,4,5,4,4.333333333,-0.166666667,0.027777778,-0.166666667,0.027777778,0.027777778,6,6,5,5,6,5,5.5,4,3,4,4,3.75,6,4,5,6,5.25,0,4,2,4
20,1,5,4,4,4.333333333,-0.055555556,0.00308642,NA,NA,NA,4,3,4,4,4,4,3.833333333,6,5,5,5,5.25,4,5,4,5,4.5,0,4,2,4
20,2,5,4,4,4.333333333,-0.055555556,0.00308642,-0.055555556,0.00308642,0.00308642,6,5,5,6,6,5,5.5,5,5,5,6,5.25,5,5,5,5,5,0,4,2,4
20,3,5,4,5,4.666666667,0.277777778,0.077160494,-0.055555556,0.00308642,-0.015432099,5,5,5,6,6,6,5.5,4,5,5,4,4.5,4,4,4,4,4,0,4,2,4
20,4,4,4,5,4.333333333,-0.055555556,0.00308642,0.277777778,0.077160494,-0.015432099,4,4,3,3,4,4,3.666666667,5,5,6,5,5.25,5,5,5,5,5,0,4,2,4
20,5,4,5,4,4.333333333,-0.055555556,0.00308642,-0.055555556,0.00308642,0.00308642,5,6,6,6,5,5,5.5,5,6,5,5,5.25,5,5,5,5,5,0,4,2,4
20,6,4,5,4,4.333333333,-0.055555556,0.00308642,-0.055555556,0.00308642,0.00308642,6,5,5,5,6,6,5.5,6,5,5,5,5.25,5,5,5,5,5,0,4,2,4
21,1,5,4,5,4.666666667,0.166666667,0.027777778,NA,NA,NA,4,4,4,3,4,4,3.833333333,6,5,5,6,5.5,6,4,4,5,4.75,1,3,3,3
21,2,4,4,5,4.333333333,-0.166666667,0.027777778,0.166666667,0.027777778,-0.027777778,4,4,5,5,4,5,4.5,4,4,4,3,3.75,4,4,4,4,4,1,3,3,3
21,3,4,4,5,4.333333333,-0.166666667,0.027777778,-0.166666667,0.027777778,0.027777778,6,5,5,5,6,6,5.5,4,3,4,4,3.75,3,3,4,3,3.25,1,3,3,3
21,4,5,4,4,4.333333333,-0.166666667,0.027777778,-0.166666667,0.027777778,0.027777778,3,3,3,4,4,3,3.333333333,3,4,4,4,3.75,6,6,5,5,5.5,1,3,3,3
21,5,5,5,5,5,0.5,0.25,-0.166666667,0.027777778,-0.083333333,5,5,5,5,5,5,5,5,6,5,4,5,4,4,4,5,4.25,1,3,3,3
21,6,4,5,4,4.333333333,-0.166666667,0.027777778,0.5,0.25,-0.083333333,5,5,5,6,5,5,5.166666667,4,3,4,3,3.5,5,4,5,4,4.5,1,3,3,3
22,1,5,4,4,4.333333333,-0.333333333,0.111111111,NA,NA,NA,4,4,4,3,4,4,3.833333333,4,5,5,5,4.75,5,4,4,5,4.5,0,3,2,3
22,2,4,4,4,4,-0.666666667,0.444444444,-0.333333333,0.111111111,0.222222222,5,4,5,4,5,5,4.666666667,4,4,3,4,3.75,5,5,5,5,5,0,3,2,3
22,3,5,4,4,4.333333333,-0.333333333,0.111111111,-0.666666667,0.444444444,0.222222222,4,4,5,5,5,4,4.5,4,5,5,5,4.75,4,3,4,4,3.75,0,3,2,3
22,4,5,5,5,5,0.333333333,0.111111111,-0.333333333,0.111111111,-0.111111111,6,5,5,5,5,6,5.333333333,4,4,5,5,4.5,4,4,4,4,4,0,3,2,3
22,5,5,5,6,5.333333333,0.666666667,0.444444444,0.333333333,0.111111111,0.222222222,5,5,5,5,4,5,4.833333333,5,6,5,5,5.25,5,5,5,5,5,0,3,2,3
22,6,5,5,5,5,0.333333333,0.111111111,0.666666667,0.444444444,0.222222222,4,5,5,6,5,4,4.833333333,5,5,5,4,4.75,4,5,6,4,4.75,0,3,2,3
23,1,5,5,5,5,-0.111111111,0.012345679,NA,NA,NA,4,4,4,4,4,3,3.833333333,5,5,5,5,5,5,4,4,5,4.5,0,4,2,1
23,2,5,5,5,5,-0.111111111,0.012345679,-0.111111111,0.012345679,0.012345679,6,5,5,5,5,5,5.166666667,5,5,4,5,4.75,5,5,4,5,4.75,0,4,2,1
23,3,5,5,6,5.333333333,0.222222222,0.049382716,-0.111111111,0.012345679,-0.024691358,5,5,5,5,5,5,5,4,3,4,3,3.5,4,4,4,5,4.25,0,4,2,1
23,4,5,5,5,5,-0.111111111,0.012345679,0.222222222,0.049382716,-0.024691358,5,4,5,4,4,5,4.5,4,5,5,5,4.75,4,4,5,4,4.25,0,4,2,1
23,5,5,5,6,5.333333333,0.222222222,0.049382716,-0.111111111,0.012345679,-0.024691358,5,5,5,5,5,5,5,3,4,4,3,3.5,4,4,5,4,4.25,0,4,2,1
23,6,5,5,5,5,-0.111111111,0.012345679,0.222222222,0.049382716,-0.024691358,5,4,5,4,5,4,4.5,5,5,4,5,4.75,5,4,4,4,4.25,0,4,2,1
24,1,5,5,6,5.333333333,0.055555556,0.00308642,NA,NA,NA,4,4,4,4,4,3,3.833333333,5,4,4,4,4.25,5,4,5,5,4.75,1,4,3,2
24,2,5,5,6,5.333333333,0.055555556,0.00308642,0.055555556,0.00308642,0.00308642,5,5,4,4,4,4,4.333333333,4,4,4,4,4,5,4,5,6,5,1,4,3,2
24,3,5,6,5,5.333333333,0.055555556,0.00308642,0.055555556,0.00308642,0.00308642,5,4,4,4,5,4,4.333333333,4,4,4,4,4,6,5,5,5,5.25,1,4,3,2
24,4,5,5,5,5,-0.277777778,0.077160494,0.055555556,0.00308642,-0.015432099,5,4,6,4,4,4,4.5,5,5,5,5,5,3,4,4,4,3.75,1,4,3,2
24,5,5,5,6,5.333333333,0.055555556,0.00308642,-0.277777778,0.077160494,-0.015432099,4,4,4,4,4,3,3.833333333,4,4,4,4,4,5,4,5,5,4.75,1,4,3,2
24,6,5,6,5,5.333333333,0.055555556,0.00308642,0.055555556,0.00308642,0.00308642,4,5,4,4,5,4,4.333333333,4,4,4,4,4,6,5,5,5,5.25,1,4,3,2
25,1,5,5,5,5,0.166666667,0.027777778,NA,NA,NA,3,4,4,4,4,4,3.833333333,6,5,5,6,5.5,4,6,5,4,4.75,0,4,1,3
25,2,5,5,5,5,0.166666667,0.027777778,0.166666667,0.027777778,0.027777778,4,4,5,5,4,4,4.333333333,6,5,5,5,5.25,5,5,6,5,5.25,0,4,1,3
25,3,5,5,5,5,0.166666667,0.027777778,0.166666667,0.027777778,0.027777778,4,5,4,4,5,4,4.333333333,5,5,6,5,5.25,5,5,5,6,5.25,0,4,1,3
25,4,5,5,6,5.333333333,0.5,0.25,0.166666667,0.027777778,0.083333333,5,5,5,5,5,5,5,5,5,5,6,5.25,4,4,5,5,4.5,0,4,1,3
25,5,5,4,5,4.666666667,-0.166666667,0.027777778,0.5,0.25,-0.083333333,5,6,5,5,6,5,5.333333333,4,5,4,4,4.25,4,4,4,5,4.25,0,4,1,3
25,6,4,4,4,4,-0.833333333,0.694444444,-0.166666667,0.027777778,0.138888889,4,4,3,4,4,4,3.833333333,3,4,3,4,3.5,5,5,4,4,4.5,0,4,1,3
26,1,5,6,5,5.333333333,1.277777778,1.632716049,NA,NA,NA,4,3,4,4,4,4,3.833333333,6,5,6,6,5.75,5,5,5,5,5,1,3,3,2
26,2,4,4,3,3.666666667,-0.388888889,0.151234568,1.277777778,1.632716049,-0.49691358,3,3,4,4,4,4,3.666666667,4,5,5,4,4.5,5,5,5,5,5,1,3,3,2
26,3,4,4,3,3.666666667,-0.388888889,0.151234568,-0.388888889,0.151234568,0.151234568,4,4,4,4,4,3,3.833333333,5,4,4,5,4.5,4,5,5,4,4.5,1,3,3,2
26,4,4,4,3,3.666666667,-0.388888889,0.151234568,-0.388888889,0.151234568,0.151234568,4,4,4,4,4,4,4,4,4,5,5,4.5,4,4,4,5,4.25,1,3,3,2
26,5,4,4,4,4,-0.055555556,0.00308642,-0.388888889,0.151234568,0.021604938,5,4,4,5,4,4,4.333333333,5,5,6,5,5.25,5,5,5,5,5,1,3,3,2
26,6,4,4,4,4,-0.055555556,0.00308642,-0.055555556,0.00308642,0.00308642,6,5,6,6,6,5,5.666666667,5,5,6,5,5.25,4,5,4,4,4.25,1,3,3,2
27,1,4,3,4,3.666666667,-0.666666667,0.444444444,NA,NA,NA,3,4,4,4,4,4,3.833333333,3,4,4,4,3.75,5,4,5,4,4.5,1,4,3,4
27,2,5,4,5,4.666666667,0.333333333,0.111111111,-0.666666667,0.444444444,-0.222222222,4,4,5,4,5,5,4.5,5,4,5,4,4.5,4,4,5,5,4.5,1,4,3,4
27,3,4,4,4,4,-0.333333333,0.111111111,0.333333333,0.111111111,-0.111111111,3,4,4,4,4,4,3.833333333,5,4,4,5,4.5,5,4,5,4,4.5,1,4,3,4
27,4,5,4,5,4.666666667,0.333333333,0.111111111,-0.333333333,0.111111111,-0.111111111,5,5,5,6,5,6,5.333333333,4,4,5,5,4.5,4,4,4,4,4,1,4,3,4
27,5,4,4,5,4.333333333,0,0,0.333333333,0.111111111,0,5,5,6,6,5,5,5.333333333,4,3,4,4,3.75,5,5,5,5,5,1,4,3,4
27,6,5,5,4,4.666666667,0.333333333,0.111111111,0,0,0,4,4,4,4,5,4,4.166666667,5,5,4,4,4.5,4,4,4,4,4,1,4,3,4
28,1,4,4,5,4.333333333,-0.111111111,0.012345679,NA,NA,NA,4,4,3,4,4,4,3.833333333,4,5,5,4,4.5,5,4,5,4,4.5,0,4,2,2
28,2,4,5,5,4.666666667,0.222222222,0.049382716,-0.111111111,0.012345679,-0.024691358,5,5,5,5,5,5,5,5,6,6,5,5.5,5,4,4,4,4.25,0,4,2,2
28,3,4,5,5,4.666666667,0.222222222,0.049382716,0.222222222,0.049382716,0.049382716,5,5,6,5,6,5,5.333333333,4,4,3,4,3.75,4,4,4,3,3.75,0,4,2,2
28,4,4,5,4,4.333333333,-0.111111111,0.012345679,0.222222222,0.049382716,-0.024691358,6,5,5,6,5,5,5.333333333,5,5,4,4,4.5,4,4,4,5,4.25,0,4,2,2
28,5,4,4,5,4.333333333,-0.111111111,0.012345679,-0.111111111,0.012345679,0.012345679,3,4,4,3,4,3,3.5,5,4,4,5,4.5,6,5,5,5,5.25,0,4,2,2
28,6,5,4,4,4.333333333,-0.111111111,0.012345679,-0.111111111,0.012345679,0.012345679,3,3,4,4,3,4,3.5,5,4,5,4,4.5,6,5,5,5,5.25,0,4,2,2
29,1,4,4,5,4.333333333,-0.222222222,0.049382716,NA,NA,NA,3,4,4,4,4,4,3.833333333,5,6,5,6,5.5,5,5,4,4,4.5,1,3,2,3
29,2,4,4,4,4,-0.555555556,0.308641975,-0.222222222,0.049382716,0.12345679,4,3,3,4,3,4,3.5,4,4,4,4,4,6,5,5,5,5.25,1,3,2,3
29,3,4,5,4,4.333333333,-0.222222222,0.049382716,-0.555555556,0.308641975,0.12345679,5,6,6,5,5,6,5.5,6,5,5,6,5.5,5,5,5,5,5,1,3,2,3
29,4,5,5,4,4.666666667,0.111111111,0.012345679,-0.222222222,0.049382716,-0.024691358,4,5,5,4,5,5,4.666666667,5,5,5,5,5,5,6,5,5,5.25,1,3,2,3
29,5,5,5,5,5,0.444444444,0.197530864,0.111111111,0.012345679,0.049382716,4,4,4,4,5,4,4.166666667,5,5,5,5,5,4,4,4,4,4,1,3,2,3
29,6,5,5,5,5,0.444444444,0.197530864,0.444444444,0.197530864,0.197530864,4,5,4,5,4,5,4.5,5,5,5,5,5,4,5,5,5,4.75,1,3,2,3
30,1,5,5,5,5,-0.222222222,0.049382716,NA,NA,NA,4,4,4,4,3,4,3.833333333,6,6,4,6,5.5,5,4,4,5,4.5,0,4,2,3
30,2,5,5,6,5.333333333,0.111111111,0.012345679,-0.222222222,0.049382716,-0.024691358,4,4,4,4,5,4,4.166666667,5,4,4,5,4.5,4,4,4,4,4,0,4,2,3
30,3,5,5,5,5,-0.222222222,0.049382716,0.111111111,0.012345679,-0.024691358,3,3,3,4,4,4,3.5,5,5,6,5,5.25,5,5,6,5,5.25,0,4,2,3
30,4,5,5,5,5,-0.222222222,0.049382716,-0.222222222,0.049382716,0.049382716,5,6,5,5,5,5,5.166666667,5,5,6,5,5.25,4,5,5,4,4.5,0,4,2,3
30,5,6,6,5,5.666666667,0.444444444,0.197530864,-0.222222222,0.049382716,-0.098765432,4,4,4,3,4,4,3.833333333,5,5,5,5,5,6,5,4,4,4.75,0,4,2,3
30,6,5,6,5,5.333333333,0.111111111,0.012345679,0.444444444,0.197530864,0.049382716,5,5,5,5,5,5,5,5,5,5,4,4.75,4,4,4,4,4,0,4,2,3
31,1,5,5,5,5,-0.166666667,0.027777778,NA,NA,NA,4,4,4,4,3,4,3.833333333,5,4,4,4,4.25,5,5,4,4,4.5,0,5,1,2
31,2,5,5,5,5,-0.166666667,0.027777778,-0.166666667,0.027777778,0.027777778,3,4,3,4,3,4,3.5,4,4,4,4,4,5,5,5,6,5.25,0,5,1,2
31,3,5,6,6,5.666666667,0.5,0.25,-0.166666667,0.027777778,-0.083333333,5,5,5,5,5,5,5,4,5,5,6,5,4,4,4,5,4.25,0,5,1,2
31,4,6,5,5,5.333333333,0.166666667,0.027777778,0.5,0.25,0.083333333,5,5,5,5,5,5,5,5,5,5,5,5,4,4,4,4,4,0,5,1,2
31,5,5,5,5,5,-0.166666667,0.027777778,0.166666667,0.027777778,-0.027777778,4,4,4,4,5,4,4.166666667,4,4,4,3,3.75,4,3,4,4,3.75,0,5,1,2
31,6,5,5,5,5,-0.166666667,0.027777778,-0.166666667,0.027777778,0.027777778,3,4,4,4,3,3,3.5,4,4,4,4,4,5,5,6,5,5.25,0,5,1,2
32,1,5,6,5,5.333333333,0.111111111,0.012345679,NA,NA,NA,4,4,4,3,4,4,3.833333333,4,5,5,5,4.75,5,5,5,4,4.75,0,4,2,3
32,2,5,5,5,5,-0.222222222,0.049382716,0.111111111,0.012345679,-0.024691358,4,4,3,4,3,3,3.5,5,5,5,6,5.25,5,6,5,5,5.25,0,4,2,3
32,3,5,5,6,5.333333333,0.111111111,0.012345679,-0.222222222,0.049382716,-0.024691358,4,4,4,5,5,4,4.333333333,4,5,4,5,4.5,6,5,5,5,5.25,0,4,2,3
32,4,5,5,5,5,-0.222222222,0.049382716,0.111111111,0.012345679,-0.024691358,3,4,4,3,4,3,3.5,6,5,5,5,5.25,6,5,5,5,5.25,0,4,2,3
32,5,6,6,5,5.666666667,0.444444444,0.197530864,-0.222222222,0.049382716,-0.098765432,4,4,4,4,3,4,3.833333333,5,5,5,5,5,5,4,6,4,4.75,0,4,2,3
32,6,5,5,5,5,-0.222222222,0.049382716,0.444444444,0.197530864,-0.098765432,4,4,4,5,5,4,4.333333333,6,5,5,5,5.25,5,5,5,5,5,0,4,2,3
33,1,6,5,5,5.333333333,0.222222222,0.049382716,NA,NA,NA,4,4,4,4,4,4,4,4,4,4,4,4,4,4,4,5,4.25,0,3,2,3
33,2,5,6,5,5.333333333,0.222222222,0.049382716,0.222222222,0.049382716,0.049382716,5,5,5,6,6,5,5.333333333,4,4,4,3,3.75,3,4,4,4,3.75,0,3,2,3
33,3,5,5,5,5,-0.111111111,0.012345679,0.222222222,0.049382716,-0.024691358,4,5,5,4,5,4,4.5,4,5,5,5,4.75,4,4,4,5,4.25,0,3,2,3
33,4,5,5,5,5,-0.111111111,0.012345679,-0.111111111,0.012345679,0.012345679,5,5,5,6,5,5,5.166666667,6,4,4,5,4.75,5,4,5,5,4.75,0,3,2,3
33,5,5,5,5,5,-0.111111111,0.012345679,-0.111111111,0.012345679,0.012345679,5,6,5,5,5,5,5.166666667,5,5,5,4,4.75,5,5,5,4,4.75,0,3,2,3
33,6,6,4,5,5,-0.111111111,0.012345679,-0.111111111,0.012345679,0.012345679,5,5,6,5,5,5,5.166666667,5,4,5,5,4.75,5,5,5,4,4.75,0,3,2,3
34,1,6,5,4,5,0.222222222,0.049382716,NA,NA,NA,4,4,4,4,4,4,4,4,4,4,4,4,5,4,4,4,4.25,1,5,3,1
34,2,5,4,4,4.333333333,-0.444444444,0.197530864,0.222222222,0.049382716,-0.098765432,5,4,4,4,4,5,4.333333333,4,5,4,4,4.25,6,4,4,5,4.75,1,5,3,1
34,3,5,5,5,5,0.222222222,0.049382716,-0.444444444,0.197530864,-0.098765432,4,4,4,3,3,4,3.666666667,6,5,5,6,5.5,5,6,5,5,5.25,1,5,3,1
34,4,4,6,4,4.666666667,-0.111111111,0.012345679,0.222222222,0.049382716,-0.024691358,5,4,4,5,5,4,4.5,4,5,5,5,4.75,4,4,4,5,4.25,1,5,3,1
34,5,4,6,6,5.333333333,0.555555556,0.308641975,-0.111111111,0.012345679,-0.061728395,4,5,4,4,4,4,4.166666667,5,6,5,5,5.25,4,4,4,4,4,1,5,3,1
34,6,4,5,4,4.333333333,-0.444444444,0.197530864,0.555555556,0.308641975,-0.24691358,5,4,5,4,5,4,4.5,5,4,4,4,4.25,4,3,4,4,3.75,1,5,3,1
35,1,4,3,3,3.333333333,-0.333333333,0.111111111,NA,NA,NA,4,4,4,4,4,4,4,5,5,4,5,4.75,4,4,4,5,4.25,0,3,2,3
35,2,3,4,4,3.666666667,0,0,-0.333333333,0.111111111,0,4,4,4,3,4,3,3.666666667,6,5,5,6,5.5,5,5,5,5,5,0,3,2,3
35,3,4,4,4,4,0.333333333,0.111111111,0,0,0,4,4,5,4,4,4,4.166666667,5,4,5,4,4.5,4,4,4,4,4,0,3,2,3
35,4,4,4,4,4,0.333333333,0.111111111,0.333333333,0.111111111,0.111111111,5,5,5,6,6,5,5.333333333,4,5,5,4,4.5,4,4,4,4,4,0,3,2,3
35,5,4,4,3,3.666666667,0,0,0.333333333,0.111111111,0,5,5,5,6,5,6,5.333333333,4,3,4,4,3.75,5,5,5,4,4.75,0,3,2,3
35,6,3,4,3,3.333333333,-0.333333333,0.111111111,0,0,0,4,4,4,4,4,5,4.166666667,4,4,5,5,4.5,3,4,3,4,3.5,0,3,2,3
36,1,4,5,5,4.666666667,0.222222222,0.049382716,NA,NA,NA,4,4,4,4,4,4,4,4,4,4,4,4,4,4,4,5,4.25,0,4,1,3
36,2,4,4,5,4.333333333,-0.111111111,0.012345679,0.222222222,0.049382716,-0.024691358,6,5,5,5,5,6,5.333333333,4,4,5,5,4.5,5,4,4,4,4.25,0,4,1,3
36,3,4,4,4,4,-0.444444444,0.197530864,-0.111111111,0.012345679,0.049382716,4,4,4,4,3,4,3.833333333,5,4,4,4,4.25,4,5,4,5,4.5,0,4,1,3
36,4,4,4,5,4.333333333,-0.111111111,0.012345679,-0.444444444,0.197530864,0.049382716,4,3,4,4,4,3,3.666666667,4,5,4,5,4.5,5,5,5,5,5,0,4,1,3
36,5,4,5,5,4.666666667,0.222222222,0.049382716,-0.111111111,0.012345679,-0.024691358,5,5,5,5,5,5,5,6,6,5,6,5.75,4,4,4,5,4.25,0,4,1,3
36,6,5,5,4,4.666666667,0.222222222,0.049382716,0.222222222,0.049382716,0.049382716,5,5,6,6,5,6,5.5,4,4,4,3,3.75,3,4,4,4,3.75,0,4,1,3
37,1,4,4,4,4,-0.333333333,0.111111111,NA,NA,NA,4,4,4,4,4,4,4,5,5,5,4,4.75,4,5,4,4,4.25,0,3,2,3
37,2,4,5,5,4.666666667,0.333333333,0.111111111,-0.333333333,0.111111111,-0.111111111,5,5,6,5,6,5,5.333333333,4,4,5,5,4.5,4,4,4,4,4,0,3,2,3
37,3,4,5,4,4.333333333,0,0,0.333333333,0.111111111,0,5,6,6,5,5,5,5.333333333,3,4,4,4,3.75,5,5,5,5,5,0,3,2,3
37,4,4,5,4,4.333333333,0,0,0,0,0,4,4,4,4,4,5,4.166666667,6,6,5,5,5.5,4,3,4,4,3.75,0,3,2,3
37,5,4,4,4,4,-0.333333333,0.111111111,0,0,0,4,4,4,4,5,4,4.166666667,5,4,5,4,4.5,4,3,3,4,3.5,0,3,2,3
37,6,4,5,5,4.666666667,0.333333333,0.111111111,-0.333333333,0.111111111,-0.111111111,6,6,5,5,5,5,5.333333333,4,5,4,5,4.5,4,4,4,4,4,0,3,2,3
38,1,4,4,4,4,-0.277777778,0.077160494,NA,NA,NA,4,4,4,5,4,4,4.166666667,5,5,5,6,5.25,3,4,3,4,3.5,1,3,1,1
38,2,5,5,4,4.666666667,0.388888889,0.151234568,-0.277777778,0.077160494,-0.108024691,4,5,4,4,5,5,4.5,4,6,5,4,4.75,4,5,5,4,4.5,1,3,1,1
38,3,4,4,4,4,-0.277777778,0.077160494,0.388888889,0.151234568,-0.108024691,6,5,5,5,5,5,5.166666667,4,4,6,5,4.75,5,4,4,5,4.5,1,3,1,1
38,4,5,4,5,4.666666667,0.388888889,0.151234568,-0.277777778,0.077160494,-0.108024691,4,5,5,4,5,5,4.666666667,4,5,5,5,4.75,3,4,3,3,3.25,1,3,1,1
38,5,4,5,4,4.333333333,0.055555556,0.00308642,0.388888889,0.151234568,0.021604938,5,5,4,4,5,4,4.5,5,4,4,4,4.25,4,5,4,4,4.25,1,3,1,1
38,6,4,4,4,4,-0.277777778,0.077160494,0.055555556,0.00308642,-0.015432099,5,5,4,5,5,4,4.666666667,5,5,5,5,5,5,5,5,5,5,1,3,1,1
39,1,6,5,5,5.333333333,0,0,NA,NA,NA,4,4,4,4,4,5,4.166666667,4,4,4,3,3.75,4,4,3,4,3.75,1,4,2,3
39,2,6,5,5,5.333333333,0,0,0,0,0,4,4,4,5,4,4,4.166666667,5,6,6,5,5.5,4,3,4,4,3.75,1,4,2,3
39,3,5,5,5,5,-0.333333333,0.111111111,0,0,0,4,4,4,4,5,4,4.166666667,5,5,4,4,4.5,3,4,3,4,3.5,1,4,2,3
39,4,5,5,5,5,-0.333333333,0.111111111,-0.333333333,0.111111111,0.111111111,6,5,5,5,5,5,5.166666667,5,4,5,5,4.75,4,4,4,5,4.25,1,4,2,3
39,5,6,5,6,5.666666667,0.333333333,0.111111111,-0.333333333,0.111111111,-0.111111111,5,6,5,5,6,5,5.333333333,4,5,4,5,4.5,4,4,4,4,4,1,4,2,3
39,6,6,6,5,5.666666667,0.333333333,0.111111111,0.333333333,0.111111111,0.111111111,6,5,5,6,5,5,5.333333333,5,5,4,4,4.5,4,4,4,4,4,1,4,2,3
40,1,5,6,5,5.333333333,0.166666667,0.027777778,NA,NA,NA,5,4,4,4,4,4,4.166666667,5,5,6,6,5.5,4,4,4,4,4,1,5,2,2
40,2,6,5,5,5.333333333,0.166666667,0.027777778,0.166666667,0.027777778,0.027777778,4,5,4,4,5,4,4.333333333,5,5,6,5,5.25,5,5,6,5,5.25,1,5,2,2
40,3,5,5,5,5,-0.166666667,0.027777778,0.166666667,0.027777778,-0.027777778,4,4,4,4,5,5,4.333333333,4,5,4,4,4.25,5,5,5,5,5,1,5,2,2
40,4,5,5,5,5,-0.166666667,0.027777778,-0.166666667,0.027777778,0.027777778,6,5,5,5,5,5,5.166666667,4,4,4,5,4.25,5,4,5,5,4.75,1,5,2,2
40,5,5,5,5,5,-0.166666667,0.027777778,-0.166666667,0.027777778,0.027777778,5,5,5,5,5,6,5.166666667,4,4,4,5,4.25,4,5,5,5,4.75,1,5,2,2
40,6,5,6,5,5.333333333,0.166666667,0.027777778,-0.166666667,0.027777778,-0.027777778,5,5,5,5,6,6,5.333333333,6,5,5,5,5.25,3,4,4,4,3.75,1,5,2,2
41,1,5,5,5,5,-0.166666667,0.027777778,NA,NA,NA,5,4,4,4,4,4,4.166666667,5,4,5,4,4.5,4,4,4,3,3.75,0,4,2,2
41,2,5,5,5,5,-0.166666667,0.027777778,-0.166666667,0.027777778,0.027777778,5,5,5,5,6,5,5.166666667,4,5,4,4,4.25,5,5,4,5,4.75,0,4,2,2
41,3,5,5,5,5,-0.166666667,0.027777778,-0.166666667,0.027777778,0.027777778,5,5,5,6,5,5,5.166666667,4,5,4,5,4.5,5,5,4,5,4.75,0,4,2,2
41,4,6,5,5,5.333333333,0.166666667,0.027777778,-0.166666667,0.027777778,-0.027777778,6,5,6,6,5,5,5.5,5,5,5,6,5.25,4,3,4,4,3.75,0,4,2,2
41,5,5,6,5,5.333333333,0.166666667,0.027777778,0.166666667,0.027777778,0.027777778,4,4,4,5,4,5,4.333333333,5,5,5,6,5.25,5,6,5,5,5.25,0,4,2,2
41,6,5,5,6,5.333333333,0.166666667,0.027777778,0.166666667,0.027777778,0.027777778,5,4,4,4,4,5,4.333333333,5,5,6,5,5.25,5,5,5,6,5.25,0,4,2,2
42,1,6,5,6,5.666666667,0.611111111,0.37345679,NA,NA,NA,4,4,5,4,4,4,4.166666667,5,5,6,5,5.25,4,4,4,4,4,0,4,2,3
42,2,5,5,5,5,-0.055555556,0.00308642,0.611111111,0.37345679,-0.033950617,4,4,4,4,5,5,4.333333333,4,5,6,5,5,5,5,5,5,5,0,4,2,3
42,3,5,5,5,5,-0.055555556,0.00308642,-0.055555556,0.00308642,0.00308642,6,6,5,6,6,6,5.833333333,5,5,5,6,5.25,3,3,3,4,3.25,0,4,2,3
42,4,6,5,5,5.333333333,0.277777778,0.077160494,-0.055555556,0.00308642,-0.015432099,4,4,4,5,4,5,4.333333333,4,4,5,4,4.25,6,5,5,5,5.25,0,4,2,3
42,5,6,4,5,5,-0.055555556,0.00308642,0.277777778,0.077160494,-0.015432099,6,5,5,6,5,5,5.333333333,6,5,5,5,5.25,5,5,4,4,4.5,0,4,2,3
42,6,4,4,5,4.333333333,-0.722222222,0.521604938,-0.055555556,0.00308642,0.040123457,4,5,5,4,5,5,4.666666667,4,4,4,3,3.75,5,5,5,5,5,0,4,2,3
43,1,4,5,4,4.333333333,-0.444444444,0.197530864,NA,NA,NA,4,4,4,4,4,5,4.166666667,4,4,4,5,4.25,3,3,4,3,3.25,1,3,3,2
43,2,5,6,5,5.333333333,0.555555556,0.308641975,-0.444444444,0.197530864,-0.24691358,5,4,5,4,4,4,4.333333333,5,5,5,6,5.25,5,6,5,6,5.5,1,3,3,2
43,3,5,6,6,5.666666667,0.888888889,0.790123457,0.555555556,0.308641975,0.49382716,5,5,6,5,6,5,5.333333333,6,5,5,6,5.5,5,4,4,4,4.25,1,3,3,2
43,4,6,4,4,4.666666667,-0.111111111,0.012345679,0.888888889,0.790123457,-0.098765432,4,5,5,5,5,4,4.666666667,5,5,5,4,4.75,5,5,5,5,5,1,3,3,2
43,5,4,4,4,4,-0.777777778,0.604938272,-0.111111111,0.012345679,0.086419753,5,5,5,6,5,5,5.166666667,4,3,4,3,3.5,4,5,4,4,4.25,1,3,3,2
43,6,6,4,4,4.666666667,-0.111111111,0.012345679,-0.777777778,0.604938272,0.086419753,6,5,5,5,5,5,5.166666667,5,5,5,5,5,5,5,5,5,5,1,3,3,2
44,1,4,6,4,4.666666667,0.833333333,0.694444444,NA,NA,NA,4,4,4,4,5,4,4.166666667,6,5,6,5,5.5,4,4,4,4,4,1,3,2,2
44,2,4,4,3,3.666666667,-0.166666667,0.027777778,0.833333333,0.694444444,-0.138888889,5,5,5,5,5,6,5.166666667,4,3,4,3,3.5,5,4,5,4,4.5,1,3,2,2
44,3,4,3,4,3.666666667,-0.166666667,0.027777778,-0.166666667,0.027777778,0.027777778,3,3,4,4,4,3,3.5,4,4,4,4,4,5,5,6,5,5.25,1,3,2,2
44,4,4,4,4,4,0.166666667,0.027777778,-0.166666667,0.027777778,-0.027777778,5,5,5,5,4,5,4.833333333,4,5,6,5,5,5,5,5,4,4.75,1,3,2,2
44,5,3,4,3,3.333333333,-0.5,0.25,0.166666667,0.027777778,-0.083333333,5,5,6,5,5,6,5.333333333,4,4,5,4,4.25,5,5,4,4,4.5,1,3,2,2
44,6,3,4,4,3.666666667,-0.166666667,0.027777778,-0.5,0.25,0.083333333,5,5,5,5,5,5,5,4,4,4,4,4,6,5,6,6,5.75,1,3,2,2
45,1,4,3,4,3.666666667,-0.166666667,0.027777778,NA,NA,NA,4,4,4,4,5,4,4.166666667,4,5,4,4,4.25,3,4,4,4,3.75,1,5,2,4
45,2,4,4,4,4,0.166666667,0.027777778,-0.166666667,0.027777778,-0.027777778,5,5,5,5,5,5,5,5,6,5,5,5.25,4,4,4,4,4,1,5,2,4
45,3,4,4,3,3.666666667,-0.166666667,0.027777778,0.166666667,0.027777778,-0.027777778,5,6,5,4,5,5,5,5,4,4,4,4.25,6,6,5,6,5.75,1,5,2,4
45,4,3,3,4,3.333333333,-0.5,0.25,-0.166666667,0.027777778,0.083333333,5,5,5,5,5,5,5,4,4,5,4,4.25,6,5,5,5,5.25,1,5,2,4
45,5,4,4,4,4,0.166666667,0.027777778,-0.5,0.25,-0.083333333,6,5,5,5,5,5,5.166666667,5,6,5,5,5.25,5,5,5,5,5,1,5,2,4
45,6,4,4,5,4.333333333,0.5,0.25,0.166666667,0.027777778,0.083333333,5,5,5,5,5,5,5,5,6,5,5,5.25,4,5,5,4,4.5,1,5,2,4
46,1,4,4,5,4.333333333,-0.111111111,0.012345679,NA,NA,NA,4,5,4,4,4,4,4.166666667,5,4,4,5,4.5,4,3,4,4,3.75,0,4,1,4
46,2,4,5,4,4.333333333,-0.111111111,0.012345679,-0.111111111,0.012345679,0.012345679,4,3,4,3,3,4,3.5,4,5,5,4,4.5,6,5,5,5,5.25,0,4,1,4
46,3,4,4,4,4,-0.444444444,0.197530864,-0.111111111,0.012345679,0.049382716,4,4,4,4,4,4,4,4,4,5,4,4.25,4,5,4,4,4.25,0,4,1,4
46,4,4,5,4,4.333333333,-0.111111111,0.012345679,-0.444444444,0.197530864,0.049382716,3,4,4,4,4,4,3.833333333,5,4,4,5,4.5,5,5,4,4,4.5,0,4,1,4
46,5,4,5,5,4.666666667,0.222222222,0.049382716,-0.111111111,0.012345679,-0.024691358,5,5,5,5,5,5,5,6,6,6,5,5.75,5,4,4,4,4.25,0,4,1,4
46,6,5,5,5,5,0.555555556,0.308641975,0.222222222,0.049382716,0.12345679,4,3,3,4,4,3,3.5,5,5,6,5,5.25,5,4,6,6,5.25,0,4,1,4
47,1,4,5,4,4.333333333,-0.055555556,0.00308642,NA,NA,NA,4,5,4,4,5,4,4.333333333,5,4,6,6,5.25,5,5,5,5,5,0,5,2,3
47,2,4,5,4,4.333333333,-0.055555556,0.00308642,-0.055555556,0.00308642,0.00308642,3,4,3,3,4,3,3.333333333,5,6,5,5,5.25,6,5,6,5,5.5,0,5,2,3
47,3,4,5,4,4.333333333,-0.055555556,0.00308642,-0.055555556,0.00308642,0.00308642,3,4,3,4,4,3,3.5,5,5,5,6,5.25,6,5,5,5,5.25,0,5,2,3
47,4,4,5,4,4.333333333,-0.055555556,0.00308642,-0.055555556,0.00308642,0.00308642,4,3,3,3,4,4,3.5,5,6,5,5,5.25,5,5,6,5,5.25,0,5,2,3
47,5,5,4,4,4.333333333,-0.055555556,0.00308642,-0.055555556,0.00308642,0.00308642,3,4,4,4,3,3,3.5,5,5,5,6,5.25,5,5,5,6,5.25,0,5,2,3
47,6,4,5,5,4.666666667,0.277777778,0.077160494,-0.055555556,0.00308642,-0.015432099,3,4,3,3,3,4,3.333333333,4,4,5,5,4.5,6,5,6,5,5.5,0,5,2,3
48,1,4,4,4,4,-0.333333333,0.111111111,NA,NA,NA,5,4,4,4,4,5,4.333333333,4,4,5,5,4.5,6,4,4,5,4.75,0,4,2,3
48,2,5,5,4,4.666666667,0.333333333,0.111111111,-0.333333333,0.111111111,-0.111111111,6,5,5,5,5,5,5.166666667,5,4,5,4,4.5,5,5,6,4,5,0,4,2,3
48,3,4,4,4,4,-0.333333333,0.111111111,0.333333333,0.111111111,-0.111111111,4,3,4,3,4,4,3.666666667,5,5,4,4,4.5,5,5,5,5,5,0,4,2,3
48,4,5,5,4,4.666666667,0.333333333,0.111111111,-0.333333333,0.111111111,-0.111111111,5,5,5,6,5,5,5.166666667,5,4,4,5,4.5,5,6,5,5,5.25,0,4,2,3
48,5,5,4,5,4.666666667,0.333333333,0.111111111,0.333333333,0.111111111,0.111111111,5,4,5,6,5,6,5.166666667,4,5,4,5,4.5,5,5,5,6,5.25,0,4,2,3
48,6,4,4,4,4,-0.333333333,0.111111111,0.333333333,0.111111111,-0.111111111,4,4,3,4,4,3,3.666666667,4,5,5,4,4.5,5,5,5,5,5,0,4,2,3
49,1,4,5,4,4.333333333,-0.722222222,0.521604938,NA,NA,NA,4,5,4,4,4,5,4.333333333,4,3,4,4,3.75,4,5,5,5,4.75,0,3,1,1
49,2,6,5,5,5.333333333,0.277777778,0.077160494,-0.722222222,0.521604938,-0.200617284,5,5,4,4,4,6,4.666666667,4,4,4,4,4,5,5,5,6,5.25,0,3,1,1
49,3,6,5,5,5.333333333,0.277777778,0.077160494,0.277777778,0.077160494,0.077160494,5,5,4,4,5,4,4.5,4,4,4,5,4.25,5,5,4,4,4.5,0,3,1,1
49,4,5,5,5,5,-0.055555556,0.00308642,0.277777778,0.077160494,-0.015432099,5,6,6,5,5,5,5.333333333,5,5,6,5,5.25,5,5,4,4,4.5,0,3,1,1
49,5,5,5,5,5,-0.055555556,0.00308642,-0.055555556,0.00308642,0.00308642,3,4,4,4,3,3,3.5,5,5,6,5,5.25,5,6,5,5,5.25,0,3,1,1
49,6,5,5,6,5.333333333,0.277777778,0.077160494,-0.055555556,0.00308642,-0.015432099,5,4,4,5,4,4,4.333333333,4,5,4,4,4.25,5,5,5,6,5.25,0,3,1,1
50,1,5,5,5,5,-0.111111111,0.012345679,NA,NA,NA,5,4,5,4,4,4,4.333333333,5,5,5,5,5,5,5,5,5,5,0,3,2,3
50,2,5,5,5,5,-0.111111111,0.012345679,-0.111111111,0.012345679,0.012345679,5,5,6,5,5,5,5.166666667,4,5,5,5,4.75,4,5,5,5,4.75,0,3,2,3
50,3,5,5,5,5,-0.111111111,0.012345679,-0.111111111,0.012345679,0.012345679,5,5,6,5,5,5,5.166666667,5,5,5,4,4.75,4,5,5,5,4.75,0,3,2,3
50,4,5,5,6,5.333333333,0.222222222,0.049382716,-0.111111111,0.012345679,-0.024691358,5,5,5,5,5,5,5,4,3,3,4,3.5,5,4,4,4,4.25,0,3,2,3
50,5,5,5,5,5,-0.111111111,0.012345679,0.222222222,0.049382716,-0.024691358,4,5,5,4,5,4,4.5,4,5,5,5,4.75,4,4,4,5,4.25,0,3,2,3
50,6,6,5,5,5.333333333,0.222222222,0.049382716,-0.111111111,0.012345679,-0.024691358,5,5,5,5,5,5,5,3,3,4,4,3.5,4,5,4,4,4.25,0,3,2,3
51,1,6,5,5,5.333333333,0.166666667,0.027777778,NA,NA,NA,5,5,4,4,4,4,4.333333333,5,6,5,6,5.5,6,5,5,5,5.25,1,4,2,4
51,2,5,5,6,5.333333333,0.166666667,0.027777778,0.166666667,0.027777778,0.027777778,4,5,4,5,4,4,4.333333333,5,6,5,5,5.25,5,6,5,5,5.25,1,4,2,4
51,3,5,6,5,5.333333333,0.166666667,0.027777778,0.166666667,0.027777778,0.027777778,4,4,4,5,4,5,4.333333333,5,6,5,5,5.25,5,5,6,5,5.25,1,4,2,4
51,4,5,5,5,5,-0.166666667,0.027777778,0.166666667,0.027777778,-0.027777778,4,5,5,4,4,5,4.5,4,4,5,4,4.25,4,4,4,4,4,1,4,2,4
51,5,5,5,5,5,-0.166666667,0.027777778,-0.166666667,0.027777778,0.027777778,5,5,5,5,6,5,5.166666667,4,4,5,5,4.5,5,5,5,4,4.75,1,4,2,4
51,6,5,5,5,5,-0.166666667,0.027777778,-0.166666667,0.027777778,0.027777778,5,5,6,5,5,5,5.166666667,5,5,4,4,4.5,4,5,5,5,4.75,1,4,2,4
52,1,5,4,4,4.333333333,-0.555555556,0.308641975,NA,NA,NA,4,5,5,4,4,4,4.333333333,4,4,4,4,4,5,4,4,6,4.75,0,5,3,2
52,2,4,6,4,4.666666667,-0.222222222,0.049382716,-0.555555556,0.308641975,0.12345679,3,4,4,4,4,3,3.666666667,6,5,5,6,5.5,5,5,5,5,5,0,5,3,2
52,3,6,6,6,6,1.111111111,1.234567901,-0.222222222,0.049382716,-0.24691358,5,4,4,5,4,4,4.333333333,5,6,5,6,5.5,6,6,5,5,5.5,0,5,3,2
52,4,6,4,5,5,0.111111111,0.012345679,1.111111111,1.234567901,0.12345679,5,6,6,5,5,6,5.5,4,5,5,5,4.75,6,5,6,5,5.5,0,5,3,2
52,5,4,4,5,4.333333333,-0.555555556,0.308641975,0.111111111,0.012345679,-0.061728395,4,4,4,3,3,4,3.666666667,4,4,4,4,4,5,5,5,5,5,0,5,3,2
52,6,5,6,4,5,0.111111111,0.012345679,-0.555555556,0.308641975,-0.061728395,3,4,4,4,3,3,3.5,5,4,5,4,4.5,5,5,5,6,5.25,0,5,3,2
53,1,4,5,5,4.666666667,0.277777778,0.077160494,NA,NA,NA,4,5,4,4,4,5,4.333333333,4,4,5,4,4.25,5,6,4,6,5.25,0,4,1,2
53,2,5,4,5,4.666666667,0.277777778,0.077160494,0.277777778,0.077160494,0.077160494,4,5,5,5,4,4,4.5,4,4,4,5,4.25,4,4,5,5,4.5,0,4,1,2
53,3,6,5,5,5.333333333,0.944444444,0.891975309,0.277777778,0.077160494,0.262345679,5,5,5,5,5,5,5,5,6,6,5,5.5,5,5,4,4,4.5,0,4,1,2
53,4,4,4,3,3.666666667,-0.722222222,0.521604938,0.944444444,0.891975309,-0.682098765,4,4,4,3,3,3,3.5,4,3,4,4,3.75,5,5,6,5,5.25,0,4,1,2
53,5,4,4,4,4,-0.388888889,0.151234568,-0.722222222,0.521604938,0.280864198,5,5,5,5,5,5,5,4,5,5,4,4.5,5,6,5,6,5.5,0,4,1,2
53,6,4,4,4,4,-0.388888889,0.151234568,-0.388888889,0.151234568,0.151234568,4,4,4,4,4,4,4,5,4,4,5,4.5,4,4,5,4,4.25,0,4,1,2
54,1,4,3,3,3.333333333,-0.444444444,0.197530864,NA,NA,NA,4,4,4,5,5,4,4.333333333,4,4,4,5,4.25,5,4,6,4,4.75,0,4,2,2
54,2,3,3,4,3.333333333,-0.444444444,0.197530864,-0.444444444,0.197530864,0.197530864,5,5,5,4,4,4,4.5,5,4,4,4,4.25,4,4,4,3,3.75,0,4,2,2
54,3,4,4,4,4,0.222222222,0.049382716,-0.444444444,0.197530864,-0.098765432,5,4,4,4,5,5,4.5,6,5,5,6,5.5,4,5,4,5,4.5,0,4,2,2
54,4,4,4,4,4,0.222222222,0.049382716,0.222222222,0.049382716,0.049382716,5,6,5,6,5,6,5.5,4,3,4,4,3.75,4,3,4,4,3.75,0,4,2,2
54,5,4,4,4,4,0.222222222,0.049382716,0.222222222,0.049382716,0.049382716,6,5,6,5,6,6,5.666666667,3,4,4,4,3.75,5,4,5,4,4.5,0,4,2,2
54,6,4,4,4,4,0.222222222,0.049382716,0.222222222,0.049382716,0.049382716,6,6,6,5,6,6,5.833333333,3,4,4,4,3.75,4,3,3,3,3.25,0,4,2,2
55,1,4,4,4,4,-0.277777778,0.077160494,NA,NA,NA,4,4,4,5,4,5,4.333333333,5,6,5,5,5.25,5,5,5,5,5,1,5,3,2
55,2,4,4,4,4,-0.277777778,0.077160494,-0.277777778,0.077160494,0.077160494,4,4,4,5,5,4,4.333333333,5,5,5,5,5,5,5,5,5,5,1,5,3,2
55,3,5,4,4,4.333333333,0.055555556,0.00308642,-0.277777778,0.077160494,-0.015432099,4,4,4,4,3,4,3.833333333,4,4,4,4,4,5,5,4,5,4.75,1,5,3,2
55,4,4,5,4,4.333333333,0.055555556,0.00308642,0.055555556,0.00308642,0.00308642,4,4,5,5,4,4,4.333333333,4,4,4,5,4.25,5,5,5,6,5.25,1,5,3,2
55,5,4,4,5,4.333333333,0.055555556,0.00308642,0.055555556,0.00308642,0.00308642,5,4,4,4,5,4,4.333333333,4,4,5,4,4.25,5,6,5,5,5.25,1,5,3,2
55,6,4,5,5,4.666666667,0.388888889,0.151234568,0.055555556,0.00308642,0.021604938,4,4,4,5,5,5,4.5,5,5,5,5,5,5,4,4,5,4.5,1,5,3,2
56,1,5,5,5,5,0.555555556,0.308641975,NA,NA,NA,4,5,4,4,4,5,4.333333333,5,5,5,6,5.25,6,5,6,5,5.5,0,5,3,3
56,2,5,4,4,4.333333333,-0.111111111,0.012345679,0.555555556,0.308641975,-0.061728395,4,4,4,3,3,3,3.5,4,5,4,5,4.5,5,5,5,6,5.25,0,5,3,3
56,3,5,4,4,4.333333333,-0.111111111,0.012345679,-0.111111111,0.012345679,0.012345679,3,4,4,4,4,3,3.666666667,4,4,5,5,4.5,5,5,5,5,5,0,5,3,3
56,4,4,4,4,4,-0.444444444,0.197530864,-0.111111111,0.012345679,0.049382716,4,4,4,4,4,4,4,5,4,4,4,4.25,4,4,4,5,4.25,0,5,3,3
56,5,4,5,4,4.333333333,-0.111111111,0.012345679,-0.444444444,0.197530864,0.049382716,4,4,3,4,4,4,3.833333333,5,5,4,4,4.5,5,4,5,4,4.5,0,5,3,3
56,6,5,5,4,4.666666667,0.222222222,0.049382716,-0.111111111,0.012345679,-0.024691358,5,5,5,5,5,5,5,4,3,3,3,3.25,4,4,4,5,4.25,0,5,3,3
57,1,4,4,4,4,-0.666666667,0.444444444,NA,NA,NA,5,4,5,4,4,4,4.333333333,4,3,4,4,3.75,4,6,5,4,4.75,1,4,1,4
57,2,4,5,5,4.666666667,0,0,-0.666666667,0.444444444,0,3,3,4,4,4,4,3.666666667,5,6,5,6,5.5,5,5,5,5,5,1,4,1,4
57,3,4,4,4,4,-0.666666667,0.444444444,0,0,0,5,4,4,4,4,4,4.166666667,4,3,4,4,3.75,6,6,6,4,5.5,1,4,1,4
57,4,5,5,5,5,0.333333333,0.111111111,-0.666666667,0.444444444,-0.222222222,4,5,4,5,5,4,4.5,4,5,5,4,4.5,5,4,4,5,4.5,1,4,1,4
57,5,5,5,5,5,0.333333333,0.111111111,0.333333333,0.111111111,0.111111111,6,5,6,5,5,5,5.333333333,4,5,4,5,4.5,4,4,4,4,4,1,4,1,4
57,6,5,6,5,5.333333333,0.666666667,0.444444444,0.333333333,0.111111111,0.222222222,5,5,4,5,5,4,4.666666667,5,6,5,5,5.25,4,3,4,3,3.5,1,4,1,4
58,1,5,5,5,5,-0.222222222,0.049382716,NA,NA,NA,4,5,4,5,4,4,4.333333333,3,3,3,3,3,5,5,5,5,5,0,3,2,4
58,2,5,5,5,5,-0.222222222,0.049382716,-0.222222222,0.049382716,0.049382716,5,6,5,5,5,5,5.166666667,6,5,5,5,5.25,4,5,5,4,4.5,0,3,2,4
58,3,5,6,6,5.666666667,0.444444444,0.197530864,-0.222222222,0.049382716,-0.098765432,4,4,4,4,4,4,4,5,5,5,5,5,4,4,5,5,4.5,0,3,2,4
58,4,5,5,5,5,-0.222222222,0.049382716,0.444444444,0.197530864,-0.098765432,4,6,4,4,4,4,4.333333333,5,6,5,5,5.25,5,5,5,5,5,0,3,2,4
58,5,5,5,6,5.333333333,0.111111111,0.012345679,-0.222222222,0.049382716,-0.024691358,4,5,4,5,4,4,4.333333333,5,5,4,4,4.5,5,5,5,6,5.25,0,3,2,4
58,6,6,5,5,5.333333333,0.111111111,0.012345679,0.111111111,0.012345679,0.012345679,6,5,5,5,5,5,5.166666667,4,4,5,5,4.5,5,5,5,5,5,0,3,2,4
59,1,5,5,5,5,-0.055555556,0.00308642,NA,NA,NA,5,5,4,4,4,4,4.333333333,5,5,6,5,5.25,5,5,5,5,5,1,4,2,3
59,2,5,5,5,5,-0.055555556,0.00308642,-0.055555556,0.00308642,0.00308642,3,4,4,4,4,3,3.666666667,5,6,5,5,5.25,5,5,5,5,5,1,4,2,3
59,3,5,5,5,5,-0.055555556,0.00308642,-0.055555556,0.00308642,0.00308642,4,3,4,4,4,3,3.666666667,5,5,6,5,5.25,5,5,5,5,5,1,4,2,3
59,4,5,5,5,5,-0.055555556,0.00308642,-0.055555556,0.00308642,0.00308642,4,3,4,3,4,4,3.666666667,6,5,5,5,5.25,5,5,5,5,5,1,4,2,3
59,5,5,5,5,5,-0.055555556,0.00308642,-0.055555556,0.00308642,0.00308642,4,3,4,3,4,4,3.666666667,5,6,5,5,5.25,5,5,5,5,5,1,4,2,3
59,6,6,5,5,5.333333333,0.277777778,0.077160494,-0.055555556,0.00308642,-0.015432099,4,4,5,4,5,4,4.333333333,4,4,5,4,4.25,5,6,5,5,5.25,1,4,2,3
60,1,5,5,5,5,0.055555556,0.00308642,NA,NA,NA,5,4,4,4,5,5,4.5,4,4,4,5,4.25,4,5,4,4,4.25,0,4,2,2
60,2,5,5,5,5,0.055555556,0.00308642,0.055555556,0.00308642,0.00308642,4,4,5,5,4,5,4.5,5,4,4,4,4.25,4,4,4,5,4.25,0,4,2,2
60,3,4,5,6,5,0.055555556,0.00308642,0.055555556,0.00308642,0.00308642,5,5,4,4,5,4,4.5,4,4,5,4,4.25,4,4,4,5,4.25,0,4,2,2
60,4,4,5,5,4.666666667,-0.277777778,0.077160494,0.055555556,0.00308642,-0.015432099,4,5,5,5,5,4,4.666666667,5,5,5,5,5,5,5,5,5,5,0,4,2,2
60,5,5,5,4,4.666666667,-0.277777778,0.077160494,-0.277777778,0.077160494,0.077160494,4,4,4,5,4,5,4.333333333,5,5,5,5,5,5,5,5,5,5,0,4,2,2
60,6,6,4,6,5.333333333,0.388888889,0.151234568,-0.277777778,0.077160494,-0.108024691,6,6,5,6,5,6,5.666666667,5,5,5,4,4.75,4,5,5,5,4.75,0,4,2,2
61,1,5,4,4,4.333333333,-0.555555556,0.308641975,NA,NA,NA,5,4,4,5,5,4,4.5,4,4,4,4,4,4,4,3,4,3.75,1,4,1,4
61,2,4,6,6,5.333333333,0.444444444,0.197530864,-0.555555556,0.308641975,-0.24691358,4,4,5,4,5,5,4.5,5,5,5,5,5,4,5,5,5,4.75,1,4,1,4
61,3,5,5,4,4.666666667,-0.222222222,0.049382716,0.444444444,0.197530864,-0.098765432,5,5,4,4,5,5,4.666666667,5,5,5,6,5.25,5,5,5,5,5,1,4,1,4
61,4,5,5,5,5,0.111111111,0.012345679,-0.222222222,0.049382716,-0.024691358,5,4,4,4,4,5,4.333333333,5,5,4,4,4.5,6,5,5,5,5.25,1,4,1,4
61,5,5,4,6,5,0.111111111,0.012345679,0.111111111,0.012345679,0.012345679,5,5,5,5,5,6,5.166666667,5,4,5,4,4.5,5,5,5,5,5,1,4,1,4
61,6,5,4,6,5,0.111111111,0.012345679,0.111111111,0.012345679,0.012345679,5,6,4,5,5,6,5.166666667,4,4,5,5,4.5,5,5,5,5,5,1,4,1,4
62,1,3,4,4,3.666666667,0,0,NA,NA,NA,5,5,4,4,5,4,4.5,4,4,4,3,3.75,5,4,4,4,4.25,0,3,3,3
62,2,4,4,3,3.666666667,0,0,0,0,0,4,4,4,5,4,4,4.166666667,6,5,6,5,5.5,4,3,4,4,3.75,0,3,3,3
62,3,4,4,3,3.666666667,0,0,0,0,0,4,4,5,4,4,4,4.166666667,6,6,6,4,5.5,4,3,4,4,3.75,0,3,3,3
62,4,3,3,4,3.333333333,-0.333333333,0.111111111,0,0,0,4,4,4,4,5,4,4.166666667,5,5,4,4,4.5,4,3,3,4,3.5,0,3,3,3
62,5,4,4,3,3.666666667,0,0,-0.333333333,0.111111111,0,3,4,4,4,4,3,3.666666667,6,5,6,5,5.5,5,5,5,5,5,0,3,3,3
62,6,4,4,4,4,0.333333333,0.111111111,0,0,0,4,4,4,4,5,4,4.166666667,5,4,5,4,4.5,4,4,4,4,4,0,3,3,3
63,1,4,4,4,4,-0.388888889,0.151234568,NA,NA,NA,5,4,5,5,4,4,4.5,4,5,5,4,4.5,3,4,4,4,3.75,1,4,2,2
63,2,4,4,4,4,-0.388888889,0.151234568,-0.388888889,0.151234568,0.151234568,4,4,4,4,4,4,4,4,5,5,4,4.5,5,4,4,4,4.25,1,4,2,2
63,3,4,4,5,4.333333333,-0.055555556,0.00308642,-0.388888889,0.151234568,0.021604938,4,5,6,6,4,4,4.833333333,5,5,5,5,5,5,4,4,5,4.5,1,4,2,2
63,4,5,5,4,4.666666667,0.277777778,0.077160494,-0.055555556,0.00308642,-0.015432099,5,6,5,5,4,5,5,4,4,4,4,4,4,5,4,4,4.25,1,4,2,2
63,5,5,5,4,4.666666667,0.277777778,0.077160494,0.277777778,0.077160494,0.077160494,5,5,4,4,4,5,4.5,4,4,4,5,4.25,4,5,5,4,4.5,1,4,2,2
63,6,5,5,4,4.666666667,0.277777778,0.077160494,0.277777778,0.077160494,0.077160494,4,4,5,5,5,4,4.5,4,4,4,5,4.25,5,4,4,5,4.5,1,4,2,2
64,1,4,5,5,4.666666667,0.166666667,0.027777778,NA,NA,NA,5,5,5,4,4,4,4.5,5,6,6,5,5.5,5,4,4,5,4.5,0,4,1,4
64,2,4,4,4,4,-0.5,0.25,0.166666667,0.027777778,-0.083333333,6,5,5,5,5,5,5.166666667,4,4,4,4,4,4,5,4,4,4.25,0,4,1,4
64,3,5,4,5,4.666666667,0.166666667,0.027777778,-0.5,0.25,-0.083333333,5,4,5,4,4,6,4.666666667,5,4,6,5,5,5,5,6,5,5.25,0,4,1,4
64,4,5,5,5,5,0.5,0.25,0.166666667,0.027777778,0.083333333,5,5,5,5,5,5,5,6,5,5,5,5.25,5,4,5,4,4.5,0,4,1,4
64,5,4,5,4,4.333333333,-0.166666667,0.027777778,0.5,0.25,-0.083333333,6,5,5,5,5,5,5.166666667,3,3,4,4,3.5,4,4,6,4,4.5,0,4,1,4
64,6,5,4,4,4.333333333,-0.166666667,0.027777778,-0.166666667,0.027777778,0.027777778,4,4,3,3,4,4,3.666666667,4,4,4,4,4,5,5,5,5,5,0,4,1,4
65,1,4,4,4,4,-0.388888889,0.151234568,NA,NA,NA,5,4,5,4,5,4,4.5,4,5,5,4,4.5,4,4,4,3,3.75,1,4,1,2
65,2,4,5,4,4.333333333,-0.055555556,0.00308642,-0.388888889,0.151234568,0.021604938,5,5,5,5,5,5,5,5,5,5,5,5,3,4,4,4,3.75,1,4,1,2
65,3,4,4,5,4.333333333,-0.055555556,0.00308642,-0.055555556,0.00308642,0.00308642,5,5,5,5,5,5,5,5,5,5,5,5,3,4,4,3,3.5,1,4,1,2
65,4,4,4,5,4.333333333,-0.055555556,0.00308642,-0.055555556,0.00308642,0.00308642,5,5,5,5,5,5,5,5,5,5,5,5,4,3,4,3,3.5,1,4,1,2
65,5,5,5,4,4.666666667,0.277777778,0.077160494,-0.055555556,0.00308642,-0.015432099,4,4,6,5,5,6,5,4,4,4,4,4,4,5,4,4,4.25,1,4,1,2
65,6,5,4,5,4.666666667,0.277777778,0.077160494,0.277777778,0.077160494,0.077160494,5,5,4,5,4,4,4.5,5,4,4,4,4.25,5,5,4,4,4.5,1,4,1,2
66,1,4,4,4,4,-0.722222222,0.521604938,NA,NA,NA,4,4,5,4,5,5,4.5,4,4,4,3,3.75,4,3,4,4,3.75,0,4,3,4
66,2,4,4,5,4.333333333,-0.388888889,0.151234568,-0.722222222,0.521604938,0.280864198,5,5,5,5,5,5,5,4,5,4,5,4.5,5,5,6,6,5.5,0,4,3,4
66,3,5,4,4,4.333333333,-0.388888889,0.151234568,-0.388888889,0.151234568,0.151234568,4,4,4,4,4,4,4,4,5,5,4,4.5,4,4,4,5,4.25,0,4,3,4
66,4,5,5,5,5,0.277777778,0.077160494,-0.388888889,0.151234568,-0.108024691,4,5,5,4,4,4,4.333333333,4,4,4,4,4,5,5,6,5,5.25,0,4,3,4
66,5,6,6,5,5.666666667,0.944444444,0.891975309,0.277777778,0.077160494,0.262345679,5,5,5,5,5,5,5,6,5,5,6,5.5,5,4,4,5,4.5,0,4,3,4
66,6,5,5,5,5,0.277777778,0.077160494,0.944444444,0.891975309,0.262345679,5,5,5,5,5,5,5,4,4,4,5,4.25,4,5,4,4,4.25,0,4,3,4
67,1,6,6,5,5.666666667,0.444444444,0.197530864,NA,NA,NA,4,4,5,5,5,4,4.5,6,4,4,6,5,5,5,5,4,4.75,0,5,2,2
67,2,5,5,5,5,-0.222222222,0.049382716,0.444444444,0.197530864,-0.098765432,4,4,5,4,5,5,4.5,6,5,5,5,5.25,4,4,4,4,4,0,5,2,2
67,3,5,5,6,5.333333333,0.111111111,0.012345679,-0.222222222,0.049382716,-0.024691358,4,5,4,4,5,4,4.333333333,4,5,4,5,4.5,5,5,6,5,5.25,0,5,2,2
67,4,5,5,5,5,-0.222222222,0.049382716,0.111111111,0.012345679,-0.024691358,4,3,3,4,3,4,3.5,5,5,5,6,5.25,5,5,6,5,5.25,0,5,2,2
67,5,5,5,5,5,-0.222222222,0.049382716,-0.222222222,0.049382716,0.049382716,6,5,5,5,5,5,5.166666667,6,5,5,5,5.25,5,4,4,5,4.5,0,5,2,2
67,6,5,5,6,5.333333333,0.111111111,0.012345679,-0.222222222,0.049382716,-0.024691358,4,4,4,5,5,4,4.333333333,5,4,5,4,4.5,6,5,5,5,5.25,0,5,2,2
68,1,5,5,5,5,-0.166666667,0.027777778,NA,NA,NA,4,5,4,5,5,4,4.5,4,4,5,4,4.25,4,4,4,4,4,0,4,2,2
68,2,5,5,5,5,-0.166666667,0.027777778,-0.166666667,0.027777778,0.027777778,3,4,3,4,4,4,3.666666667,4,4,4,4,4,5,5,5,5,5,0,4,2,2
68,3,6,5,5,5.333333333,0.166666667,0.027777778,-0.166666667,0.027777778,-0.027777778,5,5,5,5,6,5,5.166666667,5,5,5,5,5,5,5,5,5,5,0,4,2,2
68,4,6,5,6,5.666666667,0.5,0.25,0.166666667,0.027777778,0.083333333,4,4,6,4,6,5,4.833333333,6,5,5,5,5.25,5,5,5,5,5,0,4,2,2
68,5,5,5,5,5,-0.166666667,0.027777778,0.5,0.25,-0.083333333,5,5,5,5,5,6,5.166666667,4,4,3,3,3.5,4,5,5,4,4.5,0,4,2,2
68,6,5,5,5,5,-0.166666667,0.027777778,-0.166666667,0.027777778,0.027777778,4,4,4,3,4,3,3.666666667,4,4,4,4,4,5,5,5,5,5,0,4,2,2
69,1,5,5,6,5.333333333,0.111111111,0.012345679,NA,NA,NA,4,4,4,6,5,4,4.5,5,4,5,5,4.75,4,4,5,4,4.25,0,5,2,3
69,2,5,5,6,5.333333333,0.111111111,0.012345679,0.111111111,0.012345679,0.012345679,5,6,6,4,5,5,5.166666667,4,4,5,5,4.5,5,5,5,5,5,0,5,2,3
69,3,6,4,5,5,-0.222222222,0.049382716,0.111111111,0.012345679,-0.024691358,3,3,4,4,4,4,3.666666667,5,5,5,6,5.25,5,5,5,5,5,0,5,2,3
69,4,5,6,4,5,-0.222222222,0.049382716,-0.222222222,0.049382716,0.049382716,5,5,5,5,6,5,5.166666667,5,6,5,5,5.25,4,5,4,5,4.5,0,5,2,3
69,5,5,6,5,5.333333333,0.111111111,0.012345679,-0.222222222,0.049382716,-0.024691358,4,5,4,4,4,5,4.333333333,4,4,5,5,4.5,5,5,6,5,5.25,0,5,2,3
69,6,5,6,5,5.333333333,0.111111111,0.012345679,0.111111111,0.012345679,0.012345679,5,5,6,6,5,5,5.333333333,4,5,5,4,4.5,3,4,3,4,3.5,0,5,2,3
70,1,6,6,5,5.666666667,1.555555556,2.419753086,NA,NA,NA,5,4,6,4,4,4,4.5,5,6,6,6,5.75,5,5,4,5,4.75,1,5,2,4
70,2,4,4,4,4,-0.111111111,0.012345679,1.555555556,2.419753086,-0.172839506,6,5,5,4,4,6,5,5,5,5,4,4.75,4,4,3,3,3.5,1,5,2,4
70,3,3,3,4,3.333333333,-0.777777778,0.604938272,-0.111111111,0.012345679,0.086419753,6,5,5,5,5,5,5.166666667,4,4,3,3,3.5,5,4,4,4,4.25,1,5,2,4
70,4,4,4,4,4,-0.111111111,0.012345679,-0.777777778,0.604938272,0.086419753,5,5,5,6,5,5,5.166666667,5,5,5,5,5,5,5,5,5,5,1,5,2,4
70,5,4,4,4,4,-0.111111111,0.012345679,-0.111111111,0.012345679,0.012345679,5,5,5,5,6,5,5.166666667,4,5,6,4,4.75,4,5,4,6,4.75,1,5,2,4
70,6,4,3,4,3.666666667,-0.444444444,0.197530864,-0.111111111,0.012345679,0.049382716,4,6,5,5,4,4,4.666666667,4,4,5,4,4.25,5,5,5,5,5,1,5,2,4
71,1,4,3,3,3.333333333,-0.333333333,0.111111111,NA,NA,NA,5,4,5,5,4,4,4.5,4,5,5,5,4.75,4,4,4,3,3.75,0,4,3,1
71,2,3,4,4,3.666666667,0,0,-0.333333333,0.111111111,0,4,3,4,4,4,3,3.666666667,6,6,5,5,5.5,5,5,5,5,5,0,4,3,1
71,3,3,4,4,3.666666667,0,0,0,0,0,4,5,4,4,4,4,4.166666667,6,6,5,6,5.75,3,4,4,4,3.75,0,4,3,1
71,4,4,4,3,3.666666667,0,0,0,0,0,5,5,4,4,4,4,4.333333333,6,6,6,5,5.75,5,5,5,5,5,0,4,3,1
71,5,4,3,4,3.666666667,0,0,0,0,0,4,4,4,5,5,4,4.333333333,5,6,6,6,5.75,5,5,5,5,5,0,4,3,1
71,6,4,4,4,4,0.333333333,0.111111111,0,0,0,4,4,4,4,5,5,4.333333333,5,4,5,4,4.5,6,5,4,6,5.25,0,4,3,1
72,1,3,4,4,3.666666667,-0.5,0.25,NA,NA,NA,5,4,5,5,4,5,4.666666667,4,4,4,4,4,5,5,5,5,5,0,5,3,3
72,2,3,4,4,3.666666667,-0.5,0.25,-0.5,0.25,0.25,5,5,5,5,5,5,5,4,4,4,4,4,5,5,6,5,5.25,0,5,3,3
72,3,4,3,4,3.666666667,-0.5,0.25,-0.5,0.25,0.25,5,5,5,5,5,5,5,4,4,4,4,4,5,5,5,6,5.25,0,5,3,3
72,4,5,4,4,4.333333333,0.166666667,0.027777778,-0.5,0.25,-0.083333333,6,5,5,5,5,6,5.333333333,5,5,5,5,5,4,3,4,4,3.75,0,5,3,3
72,5,5,5,5,5,0.833333333,0.694444444,0.166666667,0.027777778,0.138888889,4,4,4,4,3,4,3.833333333,5,5,6,6,5.5,5,5,5,5,5,0,5,3,3
72,6,4,5,5,4.666666667,0.5,0.25,0.833333333,0.694444444,0.416666667,6,5,5,5,5,5,5.166666667,5,6,5,5,5.25,5,5,6,5,5.25,0,5,3,3
73,1,4,4,4,4,-0.388888889,0.151234568,NA,NA,NA,5,5,4,4,5,5,4.666666667,4,4,5,5,4.5,5,5,5,5,5,1,5,3,2
73,2,4,5,5,4.666666667,0.277777778,0.077160494,-0.388888889,0.151234568,-0.108024691,5,5,4,4,4,4,4.333333333,4,4,4,4,4,6,5,5,5,5.25,1,5,3,2
73,3,5,4,5,4.666666667,0.277777778,0.077160494,0.277777778,0.077160494,0.077160494,4,5,4,4,5,5,4.5,5,4,4,4,4.25,4,5,4,5,4.5,1,5,3,2
73,4,4,4,4,4,-0.388888889,0.151234568,0.277777778,0.077160494,-0.108024691,5,5,5,5,5,5,5,5,4,4,4,4.25,6,5,5,5,5.25,1,5,3,2
73,5,5,4,4,4.333333333,-0.055555556,0.00308642,-0.388888889,0.151234568,0.021604938,5,5,5,5,5,5,5,5,5,5,5,5,4,4,3,4,3.75,1,5,3,2
73,6,4,5,5,4.666666667,0.277777778,0.077160494,-0.055555556,0.00308642,-0.015432099,5,6,5,5,5,5,5.166666667,4,4,4,4,4,5,5,5,5,5,1,5,3,2
74,1,4,4,4,4,-0.5,0.25,NA,NA,NA,5,4,5,4,5,5,4.666666667,4,5,4,4,4.25,5,5,5,5,5,0,4,3,2
74,2,5,5,4,4.666666667,0.166666667,0.027777778,-0.5,0.25,-0.083333333,5,4,6,4,5,4,4.666666667,4,4,6,6,5,5,6,5,5,5.25,0,4,3,2
74,3,4,5,4,4.333333333,-0.166666667,0.027777778,0.166666667,0.027777778,-0.027777778,5,5,5,4,4,4,4.5,3,4,4,4,3.75,4,4,4,4,4,0,4,3,2
74,4,5,4,4,4.333333333,-0.166666667,0.027777778,-0.166666667,0.027777778,0.027777778,4,4,4,3,4,3,3.666666667,4,4,4,4,4,5,5,5,5,5,0,4,3,2
74,5,4,5,4,4.333333333,-0.166666667,0.027777778,-0.166666667,0.027777778,0.027777778,4,4,4,3,3,4,3.666666667,4,4,4,4,4,5,5,5,5,5,0,4,3,2
74,6,5,6,5,5.333333333,0.833333333,0.694444444,-0.166666667,0.027777778,-0.138888889,6,5,5,5,5,5,5.166666667,6,6,5,5,5.5,5,5,6,5,5.25,0,4,3,2
75,1,5,5,5,5,-0.277777778,0.077160494,NA,NA,NA,4,5,5,5,4,5,4.666666667,6,5,5,5,5.25,5,5,5,5,5,0,5,2,2
75,2,5,5,5,5,-0.277777778,0.077160494,-0.277777778,0.077160494,0.077160494,4,5,4,5,4,4,4.333333333,5,5,5,5,5,5,5,5,5,5,0,5,2,2
75,3,5,6,6,5.666666667,0.388888889,0.151234568,-0.277777778,0.077160494,-0.108024691,5,5,5,4,5,4,4.666666667,5,5,5,4,4.75,3,4,3,3,3.25,0,5,2,2
75,4,5,6,5,5.333333333,0.055555556,0.00308642,0.388888889,0.151234568,0.021604938,5,5,4,4,4,5,4.5,4,5,4,4,4.25,4,4,4,5,4.25,0,5,2,2
75,5,5,5,5,5,-0.277777778,0.077160494,0.055555556,0.00308642,-0.015432099,5,4,5,5,4,5,4.666666667,5,5,5,5,5,5,5,5,5,5,0,5,2,2
75,6,6,6,5,5.666666667,0.388888889,0.151234568,-0.277777778,0.077160494,-0.108024691,6,4,4,4,6,4,4.666666667,5,5,4,5,4.75,3,3,4,3,3.25,0,5,2,2
76,1,5,5,5,5,-0.222222222,0.049382716,NA,NA,NA,5,4,5,5,4,5,4.666666667,3,4,3,3,3.25,5,5,5,5,5,0,4,3,2
76,2,5,5,5,5,-0.222222222,0.049382716,-0.222222222,0.049382716,0.049382716,5,6,5,5,5,5,5.166666667,5,6,5,5,5.25,4,4,5,5,4.5,0,4,3,2
76,3,5,6,6,5.666666667,0.444444444,0.197530864,-0.222222222,0.049382716,-0.098765432,4,4,4,4,4,4,4,5,5,5,5,5,4,4,5,5,4.5,0,4,3,2
76,4,6,5,6,5.666666667,0.444444444,0.197530864,0.444444444,0.197530864,0.197530864,4,5,5,4,5,4,4.5,5,5,5,5,5,5,5,5,4,4.75,0,4,3,2
76,5,5,5,5,5,-0.222222222,0.049382716,0.444444444,0.197530864,-0.098765432,5,4,4,5,5,4,4.5,5,5,6,5,5.25,4,4,4,4,4,0,4,3,2
76,6,5,5,5,5,-0.222222222,0.049382716,-0.222222222,0.049382716,0.049382716,5,5,5,6,5,5,5.166666667,4,6,6,5,5.25,5,4,5,4,4.5,0,4,3,2
77,1,5,6,6,5.666666667,0.5,0.25,NA,NA,NA,5,4,5,4,5,5,4.666666667,5,5,5,6,5.25,4,3,3,4,3.5,0,4,2,2
77,2,6,5,5,5.333333333,0.166666667,0.027777778,0.5,0.25,0.083333333,5,5,5,5,5,5,5,5,5,5,5,5,4,4,4,4,4,0,4,2,2
77,3,5,5,5,5,-0.166666667,0.027777778,0.166666667,0.027777778,-0.027777778,4,4,5,4,4,4,4.166666667,4,4,3,4,3.75,4,4,4,3,3.75,0,4,2,2
77,4,5,5,5,5,-0.166666667,0.027777778,-0.166666667,0.027777778,0.027777778,4,4,3,3,4,4,3.666666667,4,4,4,4,4,5,5,5,5,5,0,4,2,2
77,5,5,5,5,5,-0.166666667,0.027777778,-0.166666667,0.027777778,0.027777778,4,4,3,4,4,3,3.666666667,4,4,4,4,4,5,5,5,5,5,0,4,2,2
77,6,5,5,5,5,-0.166666667,0.027777778,-0.166666667,0.027777778,0.027777778,4,4,3,4,4,4,3.833333333,4,4,4,4,4,4,5,4,5,4.5,0,4,2,2
78,1,6,5,6,5.666666667,1.222222222,1.49382716,NA,NA,NA,4,5,5,5,5,4,4.666666667,4,6,6,6,5.5,4,4,3,4,3.75,0,3,1,2
78,2,4,6,5,5,0.555555556,0.308641975,1.222222222,1.49382716,0.679012346,6,5,5,5,5,6,5.333333333,5,6,5,5,5.25,4,4,4,4,4,0,3,1,2
78,3,5,5,4,4.666666667,0.222222222,0.049382716,0.555555556,0.308641975,0.12345679,4,3,4,4,4,3,3.666666667,4,3,4,4,3.75,5,5,5,6,5.25,0,3,1,2
78,4,4,4,4,4,-0.444444444,0.197530864,0.222222222,0.049382716,-0.098765432,4,5,4,4,4,5,4.333333333,4,4,5,4,4.25,4,6,4,5,4.75,0,3,1,2
78,5,4,3,3,3.333333333,-1.111111111,1.234567901,-0.444444444,0.197530864,0.49382716,5,5,6,5,5,6,5.333333333,3,3,4,3,3.25,4,4,4,5,4.25,0,3,1,2
78,6,4,4,4,4,-0.444444444,0.197530864,-1.111111111,1.234567901,0.49382716,5,6,6,5,5,5,5.333333333,4,5,4,4,4.25,5,4,4,5,4.5,0,3,1,2
79,1,4,4,4,4,0.222222222,0.049382716,NA,NA,NA,4,4,5,5,5,5,4.666666667,4,4,4,4,4,5,5,6,5,5.25,0,5,2,2
79,2,4,4,4,4,0.222222222,0.049382716,0.222222222,0.049382716,0.049382716,3,4,3,3,3,3,3.166666667,3,4,4,4,3.75,6,6,6,5,5.75,0,5,2,2
79,3,4,4,4,4,0.222222222,0.049382716,0.222222222,0.049382716,0.049382716,3,3,3,3,4,4,3.333333333,4,3,4,4,3.75,5,6,6,5,5.5,0,5,2,2
79,4,4,3,3,3.333333333,-0.444444444,0.197530864,0.222222222,0.049382716,-0.098765432,5,5,4,4,5,5,4.666666667,5,4,4,4,4.25,5,5,5,5,5,0,5,2,2
79,5,4,4,3,3.666666667,-0.111111111,0.012345679,-0.444444444,0.197530864,0.049382716,6,5,4,5,6,4,5,5,4,5,5,4.75,3,3,3,4,3.25,0,5,2,2
79,6,3,4,4,3.666666667,-0.111111111,0.012345679,-0.111111111,0.012345679,0.012345679,6,6,5,6,5,5,5.5,4,6,4,4,4.5,4,4,4,4,4,0,5,2,2
80,1,4,3,4,3.666666667,-0.444444444,0.197530864,NA,NA,NA,5,5,5,5,4,4,4.666666667,4,4,5,4,4.25,5,5,5,5,5,0,5,3,3
80,2,3,4,4,3.666666667,-0.444444444,0.197530864,-0.444444444,0.197530864,0.197530864,5,4,4,4,5,5,4.5,4,4,4,5,4.25,4,3,4,4,3.75,0,5,3,3
80,3,4,4,4,4,-0.111111111,0.012345679,-0.444444444,0.197530864,0.049382716,4,4,5,4,5,6,4.666666667,5,5,5,5,5,5,5,4,6,5,0,5,3,3
80,4,4,4,4,4,-0.111111111,0.012345679,-0.111111111,0.012345679,0.012345679,5,6,5,5,5,5,5.166666667,5,5,5,5,5,5,4,4,6,4.75,0,5,3,3
80,5,4,5,5,4.666666667,0.555555556,0.308641975,-0.111111111,0.012345679,-0.061728395,3,3,4,4,3,4,3.5,5,5,6,5,5.25,6,6,5,5,5.5,0,5,3,3
80,6,5,4,5,4.666666667,0.555555556,0.308641975,0.555555556,0.308641975,0.308641975,4,5,4,6,5,6,5,6,5,5,5,5.25,5,5,4,4,4.5,0,5,3,3
81,1,5,4,5,4.666666667,0.166666667,0.027777778,NA,NA,NA,5,5,4,5,4,5,4.666666667,6,6,5,5,5.5,5,5,5,6,5.25,0,4,2,2
81,2,5,4,4,4.333333333,-0.166666667,0.027777778,0.166666667,0.027777778,-0.027777778,5,5,5,4,4,4,4.5,4,3,4,4,3.75,4,4,4,4,4,0,4,2,2
81,3,4,5,4,4.333333333,-0.166666667,0.027777778,-0.166666667,0.027777778,0.027777778,4,4,4,3,4,4,3.833333333,4,4,4,4,4,4,5,4,5,4.5,0,4,2,2
81,4,4,5,4,4.333333333,-0.166666667,0.027777778,-0.166666667,0.027777778,0.027777778,4,3,4,4,4,4,3.833333333,4,4,4,4,4,4,5,4,5,4.5,0,4,2,2
81,5,5,4,5,4.666666667,0.166666667,0.027777778,-0.166666667,0.027777778,-0.027777778,4,4,4,5,4,5,4.333333333,5,5,5,6,5.25,6,5,5,5,5.25,0,4,2,2
81,6,4,5,5,4.666666667,0.166666667,0.027777778,0.166666667,0.027777778,0.027777778,4,4,4,5,5,4,4.333333333,5,5,5,6,5.25,5,5,5,6,5.25,0,4,2,2
82,1,5,5,4,4.666666667,0.111111111,0.012345679,NA,NA,NA,4,4,5,4,5,6,4.666666667,5,5,5,5,5,6,5,5,5,5.25,0,4,3,4
82,2,5,4,4,4.333333333,-0.222222222,0.049382716,0.111111111,0.012345679,-0.024691358,5,5,5,5,6,5,5.166666667,5,6,5,5,5.25,4,4,5,5,4.5,0,4,3,4
82,3,4,5,5,4.666666667,0.111111111,0.012345679,-0.222222222,0.049382716,-0.024691358,5,6,4,5,4,4,4.666666667,5,5,5,5,5,5,5,6,5,5.25,0,4,3,4
82,4,5,4,5,4.666666667,0.111111111,0.012345679,0.111111111,0.012345679,0.012345679,4,3,4,4,4,4,3.833333333,5,5,5,5,5,4,4,5,6,4.75,0,4,3,4
82,5,4,4,5,4.333333333,-0.222222222,0.049382716,0.111111111,0.012345679,-0.024691358,6,5,5,5,5,5,5.166666667,5,6,5,5,5.25,5,4,4,5,4.5,0,4,3,4
82,6,5,5,4,4.666666667,0.111111111,0.012345679,-0.222222222,0.049382716,-0.024691358,5,4,4,5,6,4,4.666666667,5,5,5,5,5,5,6,5,5,5.25,0,4,3,4
83,1,5,5,4,4.666666667,0,0,NA,NA,NA,4,4,4,5,5,6,4.666666667,4,3,4,4,3.75,5,6,5,5,5.25,1,4,1,2
83,2,5,4,5,4.666666667,0,0,0,0,0,4,5,5,4,4,4,4.333333333,6,6,5,6,5.75,5,5,5,5,5,1,4,1,2
83,3,5,4,5,4.666666667,0,0,0,0,0,4,4,4,5,4,5,4.333333333,3,3,3,3,3,5,5,5,5,5,1,4,1,2
83,4,5,5,4,4.666666667,0,0,0,0,0,5,4,4,4,5,4,4.333333333,3,3,3,4,3.25,5,5,5,5,5,1,4,1,2
83,5,4,4,5,4.333333333,-0.333333333,0.111111111,0,0,0,4,4,4,5,5,4,4.333333333,4,5,4,5,4.5,5,5,5,4,4.75,1,4,1,2
83,6,5,5,5,5,0.333333333,0.111111111,-0.333333333,0.111111111,-0.111111111,5,6,5,5,5,5,5.166666667,4,5,4,5,4.5,5,5,5,6,5.25,1,4,1,2
84,1,5,5,5,5,-0.055555556,0.00308642,NA,NA,NA,5,5,5,5,4,4,4.666666667,5,6,5,5,5.25,4,6,5,5,5,0,3,2,2
84,2,5,5,5,5,-0.055555556,0.00308642,-0.055555556,0.00308642,0.00308642,3,4,4,4,3,4,3.666666667,5,6,5,5,5.25,5,5,5,5,5,0,3,2,2
84,3,5,5,5,5,-0.055555556,0.00308642,-0.055555556,0.00308642,0.00308642,4,4,3,4,3,4,3.666666667,6,5,5,5,5.25,5,5,5,5,5,0,3,2,2
84,4,6,5,5,5.333333333,0.277777778,0.077160494,-0.055555556,0.00308642,-0.015432099,5,4,4,4,4,5,4.333333333,4,4,5,4,4.25,6,5,5,5,5.25,0,3,2,2
84,5,5,5,5,5,-0.055555556,0.00308642,0.277777778,0.077160494,-0.015432099,5,5,6,6,5,5,5.333333333,5,6,5,5,5.25,5,4,5,4,4.5,0,3,2,2
84,6,5,5,5,5,-0.055555556,0.00308642,-0.055555556,0.00308642,0.00308642,4,4,4,3,4,3,3.666666667,5,5,5,6,5.25,5,5,5,5,5,0,3,2,2
85,1,5,5,5,5,-0.166666667,0.027777778,NA,NA,NA,5,5,5,5,5,4,4.833333333,4,5,4,4,4.25,4,4,5,5,4.5,0,4,2,2
85,2,6,6,5,5.666666667,0.5,0.25,-0.166666667,0.027777778,-0.083333333,5,5,5,5,5,5,5,6,5,4,5,5,4,4,5,4,4.25,0,4,2,2
85,3,6,5,5,5.333333333,0.166666667,0.027777778,0.5,0.25,0.083333333,5,5,5,5,5,5,5,5,5,5,5,5,4,4,4,4,4,0,4,2,2
85,4,6,6,5,5.666666667,0.5,0.25,0.166666667,0.027777778,0.083333333,5,5,5,5,5,5,5,5,5,6,5,5.25,4,5,5,4,4.5,0,4,2,2
85,5,5,5,5,5,-0.166666667,0.027777778,0.5,0.25,-0.083333333,5,5,5,5,6,5,5.166666667,3,4,4,4,3.75,5,4,4,5,4.5,0,4,2,2
85,6,4,4,5,4.333333333,-0.833333333,0.694444444,-0.166666667,0.027777778,0.138888889,4,4,3,4,4,4,3.833333333,4,4,3,3,3.5,4,5,5,4,4.5,0,4,2,2
86,1,5,5,4,4.666666667,-0.166666667,0.027777778,NA,NA,NA,4,5,5,5,5,5,4.833333333,5,5,4,4,4.5,5,4,4,5,4.5,0,4,2,3
86,2,4,5,6,5,0.166666667,0.027777778,-0.166666667,0.027777778,-0.027777778,5,6,5,6,5,6,5.5,5,5,6,5,5.25,3,4,4,4,3.75,0,4,2,3
86,3,6,6,6,6,1.166666667,1.361111111,0.166666667,0.027777778,0.194444444,5,4,4,4,5,4,4.333333333,6,5,5,6,5.5,5,6,5,6,5.5,0,4,2,3
86,4,5,5,5,5,0.166666667,0.027777778,1.166666667,1.361111111,0.194444444,4,5,5,4,4,4,4.333333333,6,4,5,6,5.25,5,5,5,6,5.25,0,4,2,3
86,5,5,4,4,4.333333333,-0.5,0.25,0.166666667,0.027777778,-0.083333333,5,5,5,5,6,5,5.166666667,4,4,4,4,4,4,4,4,5,4.25,0,4,2,3
86,6,4,4,4,4,-0.833333333,0.694444444,-0.5,0.25,0.416666667,5,5,5,6,5,5,5.166666667,4,4,3,3,3.5,4,4,5,4,4.25,0,4,2,3
87,1,4,4,4,4,0.388888889,0.151234568,NA,NA,NA,5,5,5,5,4,5,4.833333333,5,4,5,5,4.75,5,5,5,5,5,0,4,2,4
87,2,3,4,4,3.666666667,0.055555556,0.00308642,0.388888889,0.151234568,0.021604938,4,4,4,5,5,4,4.333333333,5,4,4,4,4.25,6,5,5,5,5.25,0,4,2,4
87,3,3,3,4,3.333333333,-0.277777778,0.077160494,0.055555556,0.00308642,-0.015432099,5,4,5,4,5,5,4.666666667,5,5,5,5,5,5,5,5,5,5,0,4,2,4
87,4,3,4,3,3.333333333,-0.277777778,0.077160494,-0.277777778,0.077160494,0.077160494,4,4,4,5,5,4,4.333333333,5,5,5,5,5,5,5,5,5,5,0,4,2,4
87,5,4,3,4,3.666666667,0.055555556,0.00308642,-0.277777778,0.077160494,-0.015432099,4,4,4,4,4,3,3.833333333,4,4,4,4,4,4,5,5,5,4.75,0,4,2,4
87,6,3,4,4,3.666666667,0.055555556,0.00308642,0.055555556,0.00308642,0.00308642,4,5,5,4,4,5,4.5,4,4,4,5,4.25,4,4,5,4,4.25,0,4,2,4
88,1,3,4,4,3.666666667,-0.277777778,0.077160494,NA,NA,NA,4,4,4,5,6,6,4.833333333,5,5,6,5,5.25,5,4,5,4,4.5,0,4,2,1
88,2,3,3,4,3.333333333,-0.611111111,0.37345679,-0.277777778,0.077160494,0.169753086,5,4,4,4,4,5,4.333333333,4,4,4,4,4,4,4,5,6,4.75,0,4,2,1
88,3,4,4,4,4,0.055555556,0.00308642,-0.611111111,0.37345679,-0.033950617,4,5,4,4,4,4,4.166666667,5,4,5,4,4.5,4,4,4,4,4,0,4,2,1
88,4,4,4,4,4,0.055555556,0.00308642,0.055555556,0.00308642,0.00308642,5,5,5,5,5,5,5,4,4,5,5,4.5,4,4,4,4,4,0,4,2,1
88,5,5,4,4,4.333333333,0.388888889,0.151234568,0.055555556,0.00308642,0.021604938,5,5,6,4,4,5,4.833333333,4,5,5,5,4.75,6,5,4,4,4.75,0,4,2,1
88,6,4,5,4,4.333333333,0.388888889,0.151234568,0.388888889,0.151234568,0.151234568,4,4,4,4,4,4,4,4,5,5,5,4.75,5,4,4,4,4.25,0,4,2,1
89,1,5,4,4,4.333333333,0,0,NA,NA,NA,5,5,5,5,5,5,5,3,4,4,4,3.75,3,4,4,4,3.75,1,4,1,2
89,2,5,4,5,4.666666667,0.333333333,0.111111111,0,0,0,4,4,4,5,5,4,4.333333333,5,4,5,4,4.5,5,6,6,5,5.5,1,4,1,2
89,3,4,4,4,4,-0.333333333,0.111111111,0.333333333,0.111111111,-0.111111111,4,4,3,4,4,4,3.833333333,4,5,4,5,4.5,4,5,4,5,4.5,1,4,1,2
89,4,4,4,4,4,-0.333333333,0.111111111,-0.333333333,0.111111111,0.111111111,5,5,5,5,6,5,5.166666667,5,5,5,4,4.75,4,4,5,4,4.25,1,4,1,2
89,5,5,5,5,5,0.666666667,0.444444444,-0.333333333,0.111111111,-0.222222222,4,5,5,4,5,4,4.5,5,6,5,5,5.25,5,4,5,5,4.75,1,4,1,2
89,6,4,4,4,4,-0.333333333,0.111111111,0.666666667,0.444444444,-0.222222222,5,5,4,4,5,4,4.5,5,5,4,4,4.5,4,4,4,3,3.75,1,4,1,2
90,1,5,5,5,5,0.444444444,0.197530864,NA,NA,NA,5,5,5,5,5,5,5,5,5,6,4,5,4,4,4,5,4.25,0,4,2,1
90,2,4,5,4,4.333333333,-0.222222222,0.049382716,0.444444444,0.197530864,-0.098765432,5,4,4,4,5,5,4.5,6,5,5,5,5.25,4,4,4,4,4,0,4,2,1
90,3,5,5,4,4.666666667,0.111111111,0.012345679,-0.222222222,0.049382716,-0.024691358,5,5,4,4,5,5,4.666666667,5,5,5,5,5,6,5,5,5,5.25,0,4,2,1
90,4,4,5,5,4.666666667,0.111111111,0.012345679,0.111111111,0.012345679,0.012345679,4,4,4,4,4,4,4,5,5,5,5,5,4,4,5,4,4.25,0,4,2,1
90,5,4,4,5,4.333333333,-0.222222222,0.049382716,0.111111111,0.012345679,-0.024691358,6,5,5,5,5,5,5.166666667,5,5,6,5,5.25,4,4,5,5,4.5,0,4,2,1
90,6,4,4,5,4.333333333,-0.222222222,0.049382716,-0.222222222,0.049382716,0.049382716,6,5,5,5,5,5,5.166666667,5,6,5,5,5.25,4,4,5,5,4.5,0,4,2,1
91,1,5,4,5,4.666666667,0.166666667,0.027777778,NA,NA,NA,5,5,5,5,5,5,5,6,6,5,5,5.5,4,5,4,4,4.25,0,4,3,3
91,2,4,5,4,4.333333333,-0.166666667,0.027777778,0.166666667,0.027777778,-0.027777778,5,4,4,5,5,4,4.5,4,4,3,4,3.75,4,4,4,4,4,0,4,3,3
91,3,4,4,4,4,-0.5,0.25,-0.166666667,0.027777778,0.083333333,5,5,5,5,5,5,5,4,5,4,4,4.25,5,5,5,6,5.25,0,4,3,3
91,4,5,4,5,4.666666667,0.166666667,0.027777778,-0.5,0.25,-0.083333333,5,5,4,5,5,5,4.833333333,5,5,6,4,5,5,5,5,4,4.75,0,4,3,3
91,5,5,5,4,4.666666667,0.166666667,0.027777778,0.166666667,0.027777778,0.027777778,4,5,4,4,5,4,4.333333333,5,5,5,6,5.25,6,5,5,5,5.25,0,4,3,3
91,6,4,5,5,4.666666667,0.166666667,0.027777778,0.166666667,0.027777778,0.027777778,5,4,5,4,4,4,4.333333333,5,5,6,5,5.25,5,6,5,5,5.25,0,4,3,3
92,1,4,4,5,4.333333333,-0.444444444,0.197530864,NA,NA,NA,5,5,5,5,5,5,5,4,4,5,4,4.25,6,5,5,5,5.25,0,3,2,1
92,2,4,4,4,4,-0.777777778,0.604938272,-0.444444444,0.197530864,0.345679012,5,5,5,5,5,6,5.166666667,3,3,4,4,3.5,4,5,4,4,4.25,0,3,2,1
92,3,5,5,4,4.666666667,-0.111111111,0.012345679,-0.777777778,0.604938272,0.086419753,5,5,5,5,5,6,5.166666667,5,5,5,5,5,5,5,5,5,5,0,3,2,1
92,4,5,5,5,5,0.222222222,0.049382716,-0.111111111,0.012345679,-0.024691358,6,6,4,5,5,4,5,4,3,4,3,3.5,5,4,4,4,4.25,0,3,2,1
92,5,5,5,5,5,0.222222222,0.049382716,0.222222222,0.049382716,0.049382716,3,4,3,4,4,3,3.5,4,4,3,4,3.75,5,5,6,5,5.25,0,3,2,1
92,6,6,6,5,5.666666667,0.888888889,0.790123457,0.222222222,0.049382716,0.197530864,4,5,5,4,5,4,4.5,6,5,5,6,5.5,4,5,5,5,4.75,0,3,2,1
93,1,5,5,5,5,-0.277777778,0.077160494,NA,NA,NA,5,5,5,5,5,5,5,5,5,6,5,5.25,6,6,4,6,5.5,0,3,3,2
93,2,6,5,6,5.666666667,0.388888889,0.151234568,-0.277777778,0.077160494,-0.108024691,5,4,5,6,4,5,4.833333333,5,4,5,5,4.75,5,5,5,5,5,0,3,3,2
93,3,5,6,5,5.333333333,0.055555556,0.00308642,0.388888889,0.151234568,0.021604938,4,5,5,5,4,4,4.5,4,4,5,4,4.25,5,4,4,4,4.25,0,3,3,2
93,4,5,5,6,5.333333333,0.055555556,0.00308642,0.055555556,0.00308642,0.00308642,4,5,5,5,4,4,4.5,4,5,4,4,4.25,5,4,4,4,4.25,0,3,3,2
93,5,5,5,5,5,-0.277777778,0.077160494,0.055555556,0.00308642,-0.015432099,4,5,4,5,5,5,4.666666667,5,5,5,5,5,5,5,5,5,5,0,3,3,2
93,6,5,5,6,5.333333333,0.055555556,0.00308642,-0.277777778,0.077160494,-0.015432099,4,4,4,4,4,4,4,4,4,4,4,4,4,4,5,4,4.25,0,3,3,2
94,1,6,5,6,5.666666667,0.388888889,0.151234568,NA,NA,NA,5,5,5,5,5,5,5,5,5,5,5,5,4,4,4,5,4.25,0,3,3,3
94,2,6,5,5,5.333333333,0.055555556,0.00308642,0.388888889,0.151234568,0.021604938,4,5,4,5,4,5,4.5,4,5,4,4,4.25,4,5,4,4,4.25,0,3,3,3
94,3,5,6,5,5.333333333,0.055555556,0.00308642,0.055555556,0.00308642,0.00308642,4,5,4,5,4,5,4.5,5,4,4,4,4.25,5,4,4,4,4.25,0,3,3,3
94,4,5,5,5,5,-0.277777778,0.077160494,0.055555556,0.00308642,-0.015432099,4,4,5,5,5,5,4.666666667,5,5,5,5,5,5,5,5,5,5,0,3,3,3
94,5,5,5,5,5,-0.277777778,0.077160494,-0.277777778,0.077160494,0.077160494,4,4,4,5,5,4,4.333333333,5,6,5,4,5,5,5,5,5,5,0,3,3,3
94,6,5,5,6,5.333333333,0.055555556,0.00308642,-0.277777778,0.077160494,-0.015432099,4,4,4,4,4,4,4,4,4,4,4,4,5,4,4,4,4.25,0,3,3,3
95,1,5,5,6,5.333333333,0.222222222,0.049382716,NA,NA,NA,5,5,5,5,5,5,5,4,4,4,4,4,5,4,4,4,4.25,0,3,2,1
95,2,5,5,5,5,-0.111111111,0.012345679,0.222222222,0.049382716,-0.024691358,4,4,5,5,4,5,4.5,5,5,5,4,4.75,4,4,5,4,4.25,0,3,2,1
95,3,5,5,5,5,-0.111111111,0.012345679,-0.111111111,0.012345679,0.012345679,5,5,5,5,5,6,5.166666667,5,5,5,5,5,5,5,4,5,4.75,0,3,2,1
95,4,5,5,5,5,-0.111111111,0.012345679,-0.111111111,0.012345679,0.012345679,5,5,5,5,5,6,5.166666667,5,5,5,5,5,5,5,5,4,4.75,0,3,2,1
95,5,6,5,5,5.333333333,0.222222222,0.049382716,-0.111111111,0.012345679,-0.024691358,6,5,5,5,5,5,5.166666667,4,4,3,3,3.5,5,5,5,5,5,0,3,2,1
95,6,5,5,5,5,-0.111111111,0.012345679,0.222222222,0.049382716,-0.024691358,4,5,4,5,4,5,4.5,5,4,5,5,4.75,4,4,4,5,4.25,0,3,2,1
96,1,4,5,6,5,0.388888889,0.151234568,NA,NA,NA,5,5,5,5,5,5,5,5,5,5,5,5,4,4,4,5,4.25,1,5,1,2
96,2,5,6,4,5,0.388888889,0.151234568,0.388888889,0.151234568,0.151234568,4,4,4,5,4,4,4.166666667,5,5,5,5,5,4,4,4,4,4,1,5,1,2
96,3,4,5,4,4.333333333,-0.277777778,0.077160494,0.388888889,0.151234568,-0.108024691,5,5,6,5,5,5,5.166666667,6,4,4,5,4.75,4,5,5,4,4.5,1,5,1,2
96,4,4,4,4,4,-0.611111111,0.37345679,-0.277777778,0.077160494,0.169753086,5,4,4,4,4,5,4.333333333,4,4,4,4,4,4,5,6,4,4.75,1,5,1,2
96,5,5,4,4,4.333333333,-0.277777778,0.077160494,-0.611111111,0.37345679,0.169753086,5,4,5,4,4,4,4.333333333,5,5,5,6,5.25,5,5,5,5,5,1,5,1,2
96,6,5,6,4,5,0.388888889,0.151234568,-0.277777778,0.077160494,-0.108024691,4,4,6,6,4,5,4.833333333,6,4,4,5,4.75,5,5,5,5,5,1,5,1,2
97,1,4,3,4,3.666666667,0,0,NA,NA,NA,5,5,5,5,5,5,5,4,3,4,4,3.75,3,4,4,4,3.75,0,4,3,4
97,2,4,4,4,4,0.333333333,0.111111111,0,0,0,4,4,4,5,5,4,4.333333333,5,4,4,5,4.5,6,6,5,5,5.5,0,4,3,4
97,3,3,4,3,3.333333333,-0.333333333,0.111111111,0.333333333,0.111111111,-0.111111111,4,4,4,5,4,5,4.333333333,5,4,5,4,4.5,4,5,5,5,4.75,0,4,3,4
97,4,4,3,4,3.666666667,0,0,-0.333333333,0.111111111,0,4,4,4,3,3,4,3.666666667,5,6,5,6,5.5,5,5,5,5,5,0,4,3,4
97,5,4,4,3,3.666666667,0,0,0,0,0,5,5,4,4,4,4,4.333333333,3,3,3,4,3.25,5,5,5,5,5,0,4,3,4
97,6,4,4,3,3.666666667,0,0,0,0,0,4,4,5,4,4,5,4.333333333,3,3,3,4,3.25,5,5,5,5,5,0,4,3,4
98,1,4,4,5,4.333333333,0.055555556,0.00308642,NA,NA,NA,5,5,6,4,5,5,5,5,4,5,4,4.5,4,4,3,4,3.75,1,5,2,4
98,2,4,4,4,4,-0.277777778,0.077160494,0.055555556,0.00308642,-0.015432099,5,4,5,4,5,5,4.666666667,5,5,5,5,5,5,5,5,5,5,1,5,2,4
98,3,4,4,5,4.333333333,0.055555556,0.00308642,-0.277777778,0.077160494,-0.015432099,4,4,4,4,4,4,4,4,4,4,4,4,4,4,4,5,4.25,1,5,2,4
98,4,5,4,4,4.333333333,0.055555556,0.00308642,0.055555556,0.00308642,0.00308642,5,4,5,4,4,5,4.5,5,4,4,4,4.25,4,4,4,5,4.25,1,5,2,4
98,5,4,5,5,4.666666667,0.388888889,0.151234568,0.055555556,0.00308642,0.021604938,5,5,4,5,4,4,4.5,5,5,5,5,5,5,5,5,4,4.75,1,5,2,4
98,6,4,4,4,4,-0.277777778,0.077160494,0.388888889,0.151234568,-0.108024691,5,6,5,5,5,5,5.166666667,4,6,5,4,4.75,5,4,4,5,4.5,1,5,2,4
99,1,4,4,5,4.333333333,0,0,NA,NA,NA,5,5,4,6,5,5,5,4,3,4,4,3.75,4,3,4,4,3.75,0,5,2,1
99,2,4,5,4,4.333333333,0,0,0,0,0,4,5,5,4,4,4,4.333333333,3,4,3,3,3.25,5,5,5,5,5,0,5,2,1
99,3,5,4,4,4.333333333,0,0,0,0,0,5,4,4,5,4,4,4.333333333,3,3,4,3,3.25,4,5,5,6,5,0,5,2,1
99,4,5,4,4,4.333333333,0,0,0,0,0,5,5,4,4,4,4,4.333333333,4,3,3,4,3.5,5,5,5,5,5,0,5,2,1
99,5,5,5,4,4.666666667,0.333333333,0.111111111,0,0,0,5,4,4,4,4,5,4.333333333,5,5,4,4,4.5,6,5,6,5,5.5,0,5,2,1
99,6,4,4,4,4,-0.333333333,0.111111111,0.333333333,0.111111111,-0.111111111,4,3,4,4,4,4,3.833333333,5,4,5,4,4.5,4,5,5,4,4.5,0,5,2,1
100,1,4,5,4,4.333333333,-0.222222222,0.049382716,NA,NA,NA,4,5,6,6,5,4,5,3,3,3,4,3.25,6,6,4,6,5.5,1,3,2,3
100,2,5,5,5,5,0.444444444,0.197530864,-0.222222222,0.049382716,-0.098765432,4,4,4,4,4,4,4,5,5,5,5,5,4,5,5,4,4.5,1,3,2,3
100,3,4,4,4,4,-0.555555556,0.308641975,0.444444444,0.197530864,-0.24691358,4,4,5,5,4,4,4.333333333,4,4,4,4,4,4,5,5,5,4.75,1,3,2,3
100,4,4,5,5,4.666666667,0.111111111,0.012345679,-0.555555556,0.308641975,-0.061728395,5,6,5,5,6,5,5.333333333,5,5,5,5,5,3,4,4,4,3.75,1,3,2,3
100,5,5,5,4,4.666666667,0.111111111,0.012345679,0.111111111,0.012345679,0.012345679,4,4,4,4,4,4,4,5,5,5,5,5,4,4,4,5,4.25,1,3,2,3
100,6,4,5,5,4.666666667,0.111111111,0.012345679,0.111111111,0.012345679,0.012345679,4,4,4,4,4,4,4,5,5,5,5,5,4,4,5,4,4.25,1,3,2,3
101,1,4,5,4,4.333333333,0.111111111,0.012345679,NA,NA,NA,6,5,5,6,4,4,5,5,4,4,6,4.75,4,4,4,4,4,0,3,2,1
101,2,4,5,4,4.333333333,0.111111111,0.012345679,0.111111111,0.012345679,0.012345679,5,5,5,5,6,6,5.333333333,4,5,5,4,4.5,4,3,4,3,3.5,0,3,2,1
101,3,4,4,5,4.333333333,0.111111111,0.012345679,0.111111111,0.012345679,0.012345679,6,5,5,5,6,5,5.333333333,4,5,5,4,4.5,4,4,3,3,3.5,0,3,2,1
101,4,4,4,4,4,-0.222222222,0.049382716,0.111111111,0.012345679,-0.024691358,4,4,4,3,4,4,3.833333333,5,5,6,5,5.25,5,4,5,4,4.5,0,3,2,1
101,5,4,4,4,4,-0.222222222,0.049382716,-0.222222222,0.049382716,0.049382716,6,5,5,5,5,5,5.166666667,5,5,6,5,5.25,4,5,4,5,4.5,0,3,2,1
101,6,4,4,5,4.333333333,0.111111111,0.012345679,-0.222222222,0.049382716,-0.024691358,5,4,4,5,4,4,4.333333333,5,4,4,5,4.5,5,5,6,5,5.25,0,3,2,1
102,1,4,5,4,4.333333333,-0.555555556,0.308641975,NA,NA,NA,5,6,5,5,5,5,5.166666667,4,4,4,4,4,4,5,4,4,4.25,0,4,1,3
102,2,4,5,5,4.666666667,-0.222222222,0.049382716,-0.555555556,0.308641975,0.12345679,3,4,4,4,3,4,3.666666667,5,6,5,6,5.5,5,5,5,5,5,0,4,1,3
102,3,5,5,5,5,0.111111111,0.012345679,-0.222222222,0.049382716,-0.024691358,4,4,5,5,4,4,4.333333333,4,5,5,4,4.5,5,6,5,5,5.25,0,4,1,3
102,4,5,6,5,5.333333333,0.444444444,0.197530864,0.111111111,0.012345679,0.049382716,5,4,5,5,5,4,4.666666667,5,5,5,5,5,3,3,4,3,3.25,0,4,1,3
102,5,5,5,5,5,0.111111111,0.012345679,0.444444444,0.197530864,0.049382716,4,5,5,5,5,4,4.666666667,5,5,4,5,4.75,5,5,6,5,5.25,0,4,1,3
102,6,5,5,5,5,0.111111111,0.012345679,0.111111111,0.012345679,0.012345679,5,5,5,5,6,6,5.333333333,6,4,4,4,4.5,4,4,3,3,3.5,0,4,1,3
103,1,6,5,5,5.333333333,0.222222222,0.049382716,NA,NA,NA,5,6,5,5,5,5,5.166666667,4,4,4,4,4,5,5,5,5,5,0,4,2,1
103,2,5,5,5,5,-0.111111111,0.012345679,0.222222222,0.049382716,-0.024691358,5,5,4,4,4,5,4.5,5,4,5,5,4.75,5,4,4,4,4.25,0,4,2,1
103,3,5,5,5,5,-0.111111111,0.012345679,-0.111111111,0.012345679,0.012345679,5,5,5,5,6,5,5.166666667,5,5,5,5,5,6,4,5,4,4.75,0,4,2,1
103,4,5,5,5,5,-0.111111111,0.012345679,-0.111111111,0.012345679,0.012345679,5,6,5,5,5,5,5.166666667,5,5,5,5,5,4,5,6,4,4.75,0,4,2,1
103,5,5,5,6,5.333333333,0.222222222,0.049382716,-0.111111111,0.012345679,-0.024691358,5,5,6,5,5,5,5.166666667,3,4,4,3,3.5,5,5,5,5,5,0,4,2,1
103,6,5,5,5,5,-0.111111111,0.012345679,0.222222222,0.049382716,-0.024691358,4,5,5,5,4,4,4.5,5,5,4,5,4.75,5,4,4,4,4.25,0,4,2,1
104,1,5,6,5,5.333333333,0.166666667,0.027777778,NA,NA,NA,5,5,5,5,6,5,5.166666667,5,6,6,5,5.5,5,5,5,5,5,1,4,2,3
104,2,5,5,5,5,-0.166666667,0.027777778,0.166666667,0.027777778,-0.027777778,4,5,4,5,4,5,4.5,4,5,4,4,4.25,4,4,4,4,4,1,4,2,3
104,3,6,5,5,5.333333333,0.166666667,0.027777778,-0.166666667,0.027777778,-0.027777778,5,6,5,6,6,6,5.666666667,5,5,5,6,5.25,5,4,4,5,4.5,1,4,2,3
104,4,5,6,5,5.333333333,0.166666667,0.027777778,0.166666667,0.027777778,0.027777778,5,4,4,4,5,4,4.333333333,5,6,5,5,5.25,6,5,5,5,5.25,1,4,2,3
104,5,5,5,5,5,-0.166666667,0.027777778,0.166666667,0.027777778,-0.027777778,5,4,4,5,4,5,4.5,4,4,5,4,4.25,4,4,4,4,4,1,4,2,3
104,6,5,5,5,5,-0.166666667,0.027777778,-0.166666667,0.027777778,0.027777778,5,6,5,5,5,5,5.166666667,4,5,4,5,4.5,5,4,5,5,4.75,1,4,2,3
105,1,6,6,4,5.333333333,0.111111111,0.012345679,NA,NA,NA,5,5,5,5,6,5,5.166666667,4,4,5,6,4.75,5,5,5,5,5,1,5,1,1
105,2,6,5,6,5.666666667,0.444444444,0.197530864,0.111111111,0.012345679,0.049382716,5,6,4,5,5,4,4.833333333,5,5,5,5,5,5,5,5,5,5,1,5,1,1
105,3,6,4,4,4.666666667,-0.555555556,0.308641975,0.444444444,0.197530864,-0.24691358,4,4,4,4,4,6,4.333333333,4,4,4,4,4,4,4,6,5,4.75,1,5,1,1
105,4,5,6,6,5.666666667,0.444444444,0.197530864,-0.555555556,0.308641975,-0.24691358,4,5,5,4,4,4,4.333333333,5,5,5,5,5,5,6,6,5,5.5,1,5,1,1
105,5,6,5,4,5,-0.222222222,0.049382716,0.444444444,0.197530864,-0.098765432,4,4,5,4,5,5,4.5,6,5,5,5,5.25,4,4,4,4,4,1,5,1,1
105,6,5,5,5,5,-0.222222222,0.049382716,-0.222222222,0.049382716,0.049382716,5,5,5,5,5,6,5.166666667,5,5,6,5,5.25,5,4,4,5,4.5,1,5,1,1
106,1,4,5,5,4.666666667,-0.055555556,0.00308642,NA,NA,NA,5,5,5,6,5,5,5.166666667,6,4,6,5,5.25,5,5,5,5,5,1,4,1,4
106,2,6,6,4,5.333333333,0.611111111,0.37345679,-0.055555556,0.00308642,-0.033950617,4,4,4,5,4,5,4.333333333,6,5,5,5,5.25,6,5,6,5,5.5,1,4,1,4
106,3,4,5,5,4.666666667,-0.055555556,0.00308642,0.611111111,0.37345679,-0.033950617,4,4,4,4,5,5,4.333333333,6,5,5,5,5.25,5,5,5,5,5,1,4,1,4
106,4,4,5,5,4.666666667,-0.055555556,0.00308642,-0.055555556,0.00308642,0.00308642,4,3,3,4,4,4,3.666666667,6,5,5,5,5.25,5,5,5,5,5,1,4,1,4
106,5,5,5,5,5,0.277777778,0.077160494,-0.055555556,0.00308642,-0.015432099,5,5,4,4,4,4,4.333333333,5,4,4,4,4.25,6,5,4,6,5.25,1,4,1,4
106,6,4,4,4,4,-0.722222222,0.521604938,0.277777778,0.077160494,-0.200617284,4,4,5,6,6,4,4.833333333,4,4,4,3,3.75,4,5,4,5,4.5,1,4,1,4
107,1,4,3,4,3.666666667,0.277777778,0.077160494,NA,NA,NA,5,6,5,5,5,5,5.166666667,4,4,5,4,4.25,4,6,5,5,5,0,4,1,4
107,2,3,4,4,3.666666667,0.277777778,0.077160494,0.277777778,0.077160494,0.077160494,4,6,5,4,4,4,4.5,5,4,4,4,4.25,5,4,4,5,4.5,0,4,1,4
107,3,3,4,3,3.333333333,-0.055555556,0.00308642,0.277777778,0.077160494,-0.015432099,6,5,5,5,5,6,5.333333333,6,5,5,5,5.25,4,4,5,5,4.5,0,4,1,4
107,4,3,3,4,3.333333333,-0.055555556,0.00308642,-0.055555556,0.00308642,0.00308642,4,4,3,3,4,4,3.666666667,5,6,5,5,5.25,5,5,5,5,5,0,4,1,4
107,5,3,3,3,3,-0.388888889,0.151234568,-0.055555556,0.00308642,0.021604938,4,4,4,4,5,5,4.333333333,4,4,5,5,4.5,5,5,4,5,4.75,0,4,1,4
107,6,4,3,3,3.333333333,-0.055555556,0.00308642,-0.388888889,0.151234568,0.021604938,5,4,4,4,5,4,4.333333333,5,5,6,5,5.25,5,5,5,5,5,0,4,1,4
108,1,4,4,3,3.666666667,-0.277777778,0.077160494,NA,NA,NA,5,5,5,5,5,6,5.166666667,6,5,5,5,5.25,5,5,4,4,4.5,0,3,2,2
108,2,3,4,4,3.666666667,-0.277777778,0.077160494,-0.277777778,0.077160494,0.077160494,4,4,4,5,4,5,4.333333333,4,4,6,6,5,5,5,5,5,5,0,3,2,2
108,3,4,4,3,3.666666667,-0.277777778,0.077160494,-0.277777778,0.077160494,0.077160494,5,4,5,4,4,4,4.333333333,4,5,5,6,5,5,5,5,5,5,0,3,2,2
108,4,4,4,4,4,0.055555556,0.00308642,-0.277777778,0.077160494,-0.015432099,5,6,5,6,5,5,5.333333333,4,5,4,5,4.5,3,4,3,3,3.25,0,3,2,2
108,5,5,4,4,4.333333333,0.388888889,0.151234568,0.055555556,0.00308642,0.021604938,4,5,5,6,4,5,4.833333333,5,5,4,5,4.75,5,5,5,5,5,0,3,2,2
108,6,4,4,5,4.333333333,0.388888889,0.151234568,0.388888889,0.151234568,0.151234568,4,4,4,4,4,4,4,5,5,4,5,4.75,5,4,4,5,4.5,0,3,2,2
109,1,5,4,5,4.666666667,0.222222222,0.049382716,NA,NA,NA,6,5,5,5,5,5,5.166666667,4,4,4,4,4,5,5,5,5,5,0,4,2,4
109,2,4,5,5,4.666666667,0.222222222,0.049382716,0.222222222,0.049382716,0.049382716,4,3,4,3,3,4,3.5,3,4,4,4,3.75,4,6,5,6,5.25,0,4,2,4
109,3,5,4,4,4.333333333,-0.111111111,0.012345679,0.222222222,0.049382716,-0.024691358,6,6,4,6,6,4,5.333333333,4,4,5,5,4.5,5,4,4,4,4.25,0,4,2,4
109,4,4,4,4,4,-0.444444444,0.197530864,-0.111111111,0.012345679,0.049382716,4,4,4,4,4,4,4,4,4,4,5,4.25,4,5,4,4,4.25,0,4,2,4
109,5,4,5,4,4.333333333,-0.111111111,0.012345679,-0.444444444,0.197530864,0.049382716,4,4,4,4,4,3,3.833333333,5,5,4,4,4.5,5,4,5,4,4.5,0,4,2,4
109,6,5,5,4,4.666666667,0.222222222,0.049382716,-0.111111111,0.012345679,-0.024691358,5,5,5,5,5,5,5,3,3,3,4,3.25,4,4,4,5,4.25,0,4,2,4
110,1,5,4,4,4.333333333,0,0,NA,NA,NA,5,5,5,5,5,6,5.166666667,4,4,4,3,3.75,5,5,5,5,5,0,4,2,2
110,2,4,5,5,4.666666667,0.333333333,0.111111111,0,0,0,5,4,5,5,4,4,4.5,4,5,4,5,4.5,4,4,5,5,4.5,0,4,2,2
110,3,4,5,4,4.333333333,0,0,0.333333333,0.111111111,0,5,6,5,6,5,5,5.333333333,4,3,4,4,3.75,5,5,5,5,5,0,4,2,2
110,4,5,4,4,4.333333333,0,0,0,0,0,5,5,4,4,4,5,4.5,4,4,3,3,3.5,4,4,5,4,4.25,0,4,2,2
110,5,4,4,4,4,-0.333333333,0.111111111,0,0,0,4,5,4,5,5,4,4.5,4,4,6,4,4.5,4,3,4,4,3.75,0,4,2,2
110,6,4,5,4,4.333333333,0,0,-0.333333333,0.111111111,0,4,4,4,4,3,3,3.666666667,6,5,5,6,5.5,5,4,6,5,5,0,4,2,2
111,1,4,5,4,4.333333333,-0.333333333,0.111111111,NA,NA,NA,5,5,5,6,5,5,5.166666667,4,4,5,5,4.5,4,5,4,4,4.25,0,5,3,4
111,2,4,5,4,4.333333333,-0.333333333,0.111111111,-0.333333333,0.111111111,0.111111111,6,5,5,5,5,6,5.333333333,5,4,4,5,4.5,4,4,4,6,4.5,0,5,3,4
111,3,5,4,5,4.666666667,0,0,-0.333333333,0.111111111,0,3,3,4,4,4,4,3.666666667,5,6,5,6,5.5,5,5,5,5,5,0,5,3,4
111,4,4,5,5,4.666666667,0,0,0,0,0,5,4,5,4,5,4,4.5,3,4,3,4,3.5,4,4,5,4,4.25,0,5,3,4
111,5,5,5,5,5,0.333333333,0.111111111,0,0,0,5,4,4,5,5,4,4.5,5,4,4,5,4.5,5,4,5,4,4.5,0,5,3,4
111,6,5,5,5,5,0.333333333,0.111111111,0.333333333,0.111111111,0.111111111,5,5,5,6,5,6,5.333333333,5,4,5,4,4.5,4,4,4,4,4,0,5,3,4
112,1,5,6,5,5.333333333,0.166666667,0.027777778,NA,NA,NA,5,5,6,5,5,5,5.166666667,5,5,5,5,5,5,5,5,5,5,0,4,1,3
112,2,5,6,6,5.666666667,0.5,0.25,0.166666667,0.027777778,0.083333333,5,5,5,5,5,5,5,5,6,5,5,5.25,5,4,4,5,4.5,0,4,1,3
112,3,5,5,5,5,-0.166666667,0.027777778,0.5,0.25,-0.083333333,5,5,5,6,5,5,5.166666667,4,4,3,4,3.75,4,5,5,4,4.5,0,4,1,3
112,4,5,5,5,5,-0.166666667,0.027777778,-0.166666667,0.027777778,0.027777778,4,3,4,4,4,4,3.833333333,4,4,4,4,4,4,5,4,5,4.5,0,4,1,3
112,5,5,5,5,5,-0.166666667,0.027777778,-0.166666667,0.027777778,0.027777778,4,4,4,4,4,3,3.833333333,4,4,4,4,4,4,4,5,5,4.5,0,4,1,3
112,6,5,5,5,5,-0.166666667,0.027777778,-0.166666667,0.027777778,0.027777778,4,4,4,4,3,4,3.833333333,4,4,4,4,4,5,5,4,4,4.5,0,4,1,3
113,1,5,5,5,5,-0.333333333,0.111111111,NA,NA,NA,5,5,6,5,5,5,5.166666667,5,5,5,4,4.75,4,4,5,4,4.25,0,5,1,3
113,2,6,6,5,5.666666667,0.333333333,0.111111111,-0.333333333,0.111111111,-0.111111111,5,5,6,6,5,5,5.333333333,4,5,5,4,4.5,4,4,4,4,4,0,5,1,3
113,3,5,5,5,5,-0.333333333,0.111111111,0.333333333,0.111111111,-0.111111111,4,4,4,4,4,4,4,4,5,4,5,4.5,4,5,4,4,4.25,0,5,1,3
113,4,5,5,6,5.333333333,0,0,-0.333333333,0.111111111,0,4,3,4,4,4,3,3.666666667,6,6,5,5,5.5,5,6,4,5,5,0,5,1,3
113,5,6,6,5,5.666666667,0.333333333,0.111111111,0,0,0,5,5,4,4,4,5,4.5,4,5,5,4,4.5,5,5,4,4,4.5,0,5,1,3
113,6,5,5,6,5.333333333,0,0,0.333333333,0.111111111,0,5,6,6,5,5,5,5.333333333,4,4,3,4,3.75,5,5,5,5,5,0,5,1,3
114,1,5,6,5,5.333333333,0.055555556,0.00308642,NA,NA,NA,5,5,5,6,5,5,5.166666667,5,5,4,4,4.5,5,5,5,5,5,1,3,2,1
114,2,5,5,5,5,-0.277777778,0.077160494,0.055555556,0.00308642,-0.015432099,4,6,5,4,5,4,4.666666667,5,5,5,5,5,5,5,5,5,5,1,3,2,1
114,3,6,5,6,5.666666667,0.388888889,0.151234568,-0.277777778,0.077160494,-0.108024691,6,4,5,5,5,4,4.833333333,5,4,4,6,4.75,5,5,5,5,5,1,3,2,1
114,4,5,6,5,5.333333333,0.055555556,0.00308642,0.388888889,0.151234568,0.021604938,5,4,5,5,4,4,4.5,4,4,5,4,4.25,4,4,4,5,4.25,1,3,2,1
114,5,5,5,5,5,-0.277777778,0.077160494,0.055555556,0.00308642,-0.015432099,5,4,4,5,4,6,4.666666667,5,5,5,5,5,5,5,5,5,5,1,3,2,1
114,6,5,6,5,5.333333333,0.055555556,0.00308642,-0.277777778,0.077160494,-0.015432099,4,4,4,4,4,4,4,4,4,4,4,4,4,5,4,4,4.25,1,3,2,1
115,1,5,5,5,5,-0.166666667,0.027777778,NA,NA,NA,6,5,5,6,4,5,5.166666667,5,4,4,5,4.5,5,5,4,5,4.75,1,4,2,1
115,2,5,6,5,5.333333333,0.166666667,0.027777778,-0.166666667,0.027777778,-0.027777778,3,4,4,3,4,3,3.5,5,5,6,5,5.25,5,5,5,6,5.25,1,4,2,1
115,3,5,5,6,5.333333333,0.166666667,0.027777778,0.166666667,0.027777778,0.027777778,4,4,5,5,4,4,4.333333333,5,6,5,5,5.25,5,5,6,5,5.25,1,4,2,1
115,4,5,5,6,5.333333333,0.166666667,0.027777778,0.166666667,0.027777778,0.027777778,5,4,4,4,5,4,4.333333333,5,5,6,5,5.25,5,6,5,5,5.25,1,4,2,1
115,5,5,6,6,5.666666667,0.5,0.25,0.166666667,0.027777778,0.083333333,5,5,6,5,5,5,5.166666667,5,5,5,6,5.25,5,5,6,5,5.25,1,4,2,1
115,6,5,4,4,4.333333333,-0.833333333,0.694444444,0.5,0.25,-0.416666667,4,4,4,4,4,4,4,3,3,4,4,3.5,4,4,4,4,4,1,4,2,1
116,1,5,4,4,4.333333333,-0.222222222,0.049382716,NA,NA,NA,5,6,6,5,5,4,5.166666667,3,4,3,3,3.25,5,5,4,4,4.5,0,3,1,1
116,2,4,5,5,4.666666667,0.111111111,0.012345679,-0.222222222,0.049382716,-0.024691358,5,5,5,4,5,5,4.833333333,5,5,5,5,5,5,5,5,4,4.75,0,3,1,1
116,3,5,4,4,4.333333333,-0.222222222,0.049382716,0.111111111,0.012345679,-0.024691358,6,5,5,5,5,5,5.166666667,6,5,5,5,5.25,4,5,4,5,4.5,0,3,1,1
116,4,4,6,4,4.666666667,0.111111111,0.012345679,-0.222222222,0.049382716,-0.024691358,5,4,5,5,5,5,4.833333333,5,5,5,5,5,5,5,5,4,4.75,0,3,1,1
116,5,5,5,4,4.666666667,0.111111111,0.012345679,0.111111111,0.012345679,0.012345679,4,4,4,4,4,4,4,5,5,5,5,5,5,4,4,4,4.25,0,3,1,1
116,6,4,4,6,4.666666667,0.111111111,0.012345679,0.111111111,0.012345679,0.012345679,4,4,4,4,4,4,4,5,5,5,5,5,4,4,5,4,4.25,0,3,1,1
117,1,5,5,5,5,0.833333333,0.694444444,NA,NA,NA,6,6,4,5,4,6,5.166666667,5,6,5,6,5.5,6,5,5,5,5.25,0,3,1,4
117,2,5,5,6,5.333333333,1.166666667,1.361111111,0.833333333,0.694444444,0.972222222,6,5,6,5,5,6,5.5,5,5,6,6,5.5,4,5,4,4,4.25,0,3,1,4
117,3,4,3,3,3.333333333,-0.833333333,0.694444444,1.166666667,1.361111111,-0.972222222,3,3,4,3,4,3,3.333333333,4,3,3,4,3.5,5,6,5,6,5.5,0,3,1,4
117,4,4,4,3,3.666666667,-0.5,0.25,-0.833333333,0.694444444,0.416666667,5,5,5,5,6,6,5.333333333,4,4,4,4,4,4,5,5,4,4.5,0,3,1,4
117,5,4,4,4,4,-0.166666667,0.027777778,-0.5,0.25,0.083333333,5,5,4,5,5,6,5,4,4,4,4,4,6,6,5,6,5.75,0,3,1,4
117,6,4,3,4,3.666666667,-0.5,0.25,-0.166666667,0.027777778,0.083333333,5,5,5,6,5,5,5.166666667,4,4,4,4,4,4,4,4,5,4.25,0,3,1,4
118,1,4,4,4,4,0.055555556,0.00308642,NA,NA,NA,6,5,5,5,6,5,5.333333333,5,4,5,4,4.5,4,4,3,3,3.5,1,5,2,3
118,2,4,4,3,3.666666667,-0.277777778,0.077160494,0.055555556,0.00308642,-0.015432099,6,6,5,6,4,5,5.333333333,5,5,5,5,5,5,5,5,5,5,1,5,2,3
118,3,4,4,4,4,0.055555556,0.00308642,-0.277777778,0.077160494,-0.015432099,6,5,5,5,6,5,5.333333333,5,4,5,4,4.5,3,4,3,4,3.5,1,5,2,3
118,4,4,4,3,3.666666667,-0.277777778,0.077160494,0.055555556,0.00308642,-0.015432099,6,6,5,5,6,5,5.5,5,5,5,5,5,4,6,5,5,5,1,5,2,3
118,5,4,5,4,4.333333333,0.388888889,0.151234568,-0.277777778,0.077160494,-0.108024691,5,5,5,6,6,6,5.5,4,5,5,5,4.75,5,4,4,4,4.25,1,5,2,3
118,6,4,4,4,4,0.055555556,0.00308642,0.388888889,0.151234568,0.021604938,6,4,6,5,4,4,4.833333333,4,5,5,4,4.5,5,4,5,5,4.75,1,5,2,3
119,1,4,4,5,4.333333333,0,0,NA,NA,NA,6,6,5,5,5,5,5.333333333,4,4,4,3,3.75,5,5,6,5,5.25,0,5,3,2
119,2,4,4,4,4,-0.333333333,0.111111111,0,0,0,4,5,4,4,5,5,4.5,4,5,4,5,4.5,3,4,4,4,3.75,0,5,3,2
119,3,5,5,4,4.666666667,0.333333333,0.111111111,-0.333333333,0.111111111,-0.111111111,6,6,5,6,5,5,5.5,4,5,4,5,4.5,4,4,4,4,4,0,5,3,2
119,4,4,4,4,4,-0.333333333,0.111111111,0.333333333,0.111111111,-0.111111111,4,4,4,4,4,4,4,5,4,5,4,4.5,5,4,4,4,4.25,0,5,3,2
119,5,4,5,4,4.333333333,0,0,-0.333333333,0.111111111,0,4,3,4,4,3,4,3.666666667,6,5,6,5,5.5,6,5,4,5,5,0,5,3,2
119,6,5,5,4,4.666666667,0.333333333,0.111111111,0,0,0,5,5,5,4,4,4,4.5,5,5,4,4,4.5,4,4,5,5,4.5,0,5,3,2
120,1,5,5,5,5,0.444444444,0.197530864,NA,NA,NA,5,5,5,6,5,6,5.333333333,5,4,5,6,5,4,4,4,4,4,0,3,1,4
120,2,5,5,4,4.666666667,0.111111111,0.012345679,0.444444444,0.197530864,0.049382716,5,4,4,4,4,4,4.166666667,5,5,5,5,5,4,4,4,4,4,0,3,1,4
120,3,4,4,5,4.333333333,-0.222222222,0.049382716,0.111111111,0.012345679,-0.024691358,6,5,5,5,5,5,5.166666667,5,5,6,5,5.25,4,4,5,5,4.5,0,3,1,4
120,4,4,5,5,4.666666667,0.111111111,0.012345679,-0.222222222,0.049382716,-0.024691358,5,5,5,5,5,4,4.833333333,5,5,5,5,5,5,5,4,5,4.75,0,3,1,4
120,5,5,4,5,4.666666667,0.111111111,0.012345679,0.111111111,0.012345679,0.012345679,4,4,4,4,5,4,4.166666667,5,5,5,5,5,4,4,4,4,4,0,3,1,4
120,6,4,4,4,4,-0.555555556,0.308641975,0.111111111,0.012345679,-0.061728395,5,6,5,5,5,6,5.333333333,4,4,4,4,4,5,4,4,5,4.5,0,3,1,4
121,1,4,5,4,4.333333333,-0.222222222,0.049382716,NA,NA,NA,5,6,5,5,5,6,5.333333333,4,3,3,3,3.25,5,6,6,5,5.5,1,3,2,4
121,2,4,4,5,4.333333333,-0.222222222,0.049382716,-0.222222222,0.049382716,0.049382716,5,6,6,4,5,5,5.166666667,5,6,5,5,5.25,5,5,4,4,4.5,1,3,2,4
121,3,4,4,5,4.333333333,-0.222222222,0.049382716,-0.222222222,0.049382716,0.049382716,5,5,6,5,6,5,5.333333333,6,5,6,4,5.25,5,5,5,5,5,1,3,2,4
121,4,4,4,4,4,-0.555555556,0.308641975,-0.222222222,0.049382716,0.12345679,4,4,3,3,4,3,3.5,4,4,4,4,4,5,6,5,5,5.25,1,3,2,4
121,5,5,6,5,5.333333333,0.777777778,0.604938272,-0.555555556,0.308641975,-0.432098765,4,4,4,3,4,4,3.833333333,6,5,6,5,5.5,5,5,5,4,4.75,1,3,2,4
121,6,5,5,5,5,0.444444444,0.197530864,0.777777778,0.604938272,0.345679012,5,5,5,6,5,5,5.166666667,5,6,4,5,5,6,5,5,5,5.25,1,3,2,4
122,1,5,5,5,5,-0.222222222,0.049382716,NA,NA,NA,6,5,5,6,5,5,5.333333333,3,3,4,3,3.25,5,5,6,6,5.5,1,5,2,4
122,2,6,5,5,5.333333333,0.111111111,0.012345679,-0.222222222,0.049382716,-0.024691358,4,5,4,4,5,4,4.333333333,4,4,5,5,4.5,5,5,6,5,5.25,1,5,2,4
122,3,6,5,5,5.333333333,0.111111111,0.012345679,0.111111111,0.012345679,0.012345679,5,5,6,5,5,6,5.333333333,5,5,4,4,4.5,4,3,4,3,3.5,1,5,2,4
122,4,6,5,5,5.333333333,0.111111111,0.012345679,0.111111111,0.012345679,0.012345679,6,5,5,5,5,6,5.333333333,4,5,5,4,4.5,4,4,3,3,3.5,1,5,2,4
122,5,5,5,6,5.333333333,0.111111111,0.012345679,0.111111111,0.012345679,0.012345679,5,5,5,6,5,6,5.333333333,4,5,5,4,4.5,4,3,3,4,3.5,1,5,2,4
122,6,5,5,5,5,-0.222222222,0.049382716,0.111111111,0.012345679,-0.024691358,4,4,4,4,4,3,3.833333333,6,5,5,5,5.25,5,4,4,5,4.5,1,5,2,4
123,1,5,5,5,5,0.055555556,0.00308642,NA,NA,NA,5,6,6,5,5,5,5.333333333,5,4,4,5,4.5,6,5,5,5,5.25,0,5,2,3
123,2,6,6,5,5.666666667,0.722222222,0.521604938,0.055555556,0.00308642,0.040123457,5,5,4,4,5,5,4.666666667,5,6,6,4,5.25,3,3,4,4,3.5,0,5,2,3
123,3,5,5,5,5,0.055555556,0.00308642,0.722222222,0.521604938,0.040123457,5,4,5,4,5,5,4.666666667,4,5,4,4,4.25,6,5,5,5,5.25,0,5,2,3
123,4,5,5,5,5,0.055555556,0.00308642,0.055555556,0.00308642,0.00308642,4,4,5,4,5,5,4.5,4,4,4,5,4.25,4,4,5,4,4.25,0,5,2,3
123,5,5,5,5,5,0.055555556,0.00308642,0.055555556,0.00308642,0.00308642,5,4,5,5,4,4,4.5,4,5,4,4,4.25,4,4,4,5,4.25,0,5,2,3
123,6,4,4,4,4,-0.944444444,0.891975309,0.055555556,0.00308642,-0.052469136,4,4,4,5,4,4,4.166666667,3,4,4,3,3.5,6,5,6,5,5.5,0,5,2,3
124,1,4,4,4,4,-0.666666667,0.444444444,NA,NA,NA,5,6,6,5,5,5,5.333333333,4,4,3,4,3.75,5,4,4,5,4.5,1,3,3,4
124,2,5,4,4,4.333333333,-0.333333333,0.111111111,-0.666666667,0.444444444,0.222222222,5,5,5,4,5,4,4.666666667,5,5,5,4,4.75,5,5,5,5,5,1,3,3,4
124,3,6,4,5,5,0.333333333,0.111111111,-0.333333333,0.111111111,-0.111111111,6,5,6,5,6,6,5.666666667,4,5,4,5,4.5,4,5,5,4,4.5,1,3,3,4
124,4,4,6,6,5.333333333,0.666666667,0.444444444,0.333333333,0.111111111,0.222222222,4,5,5,5,5,5,4.833333333,5,6,5,5,5.25,5,5,5,5,5,1,3,3,4
124,5,5,4,4,4.333333333,-0.333333333,0.111111111,0.666666667,0.444444444,-0.222222222,5,5,5,5,4,4,4.666666667,5,4,4,5,4.5,5,5,5,5,5,1,3,3,4
124,6,5,5,5,5,0.333333333,0.111111111,-0.333333333,0.111111111,-0.111111111,5,6,6,6,5,6,5.666666667,5,5,4,4,4.5,5,4,5,5,4.75,1,3,3,4
125,1,4,4,4,4,0.166666667,0.027777778,NA,NA,NA,6,5,6,5,5,5,5.333333333,5,6,5,6,5.5,4,4,4,3,3.75,1,4,2,1
125,2,3,4,4,3.666666667,-0.166666667,0.027777778,0.166666667,0.027777778,-0.027777778,5,5,5,6,5,5,5.166666667,5,4,4,4,4.25,5,4,5,4,4.5,1,4,2,1
125,3,3,4,4,3.666666667,-0.166666667,0.027777778,-0.166666667,0.027777778,0.027777778,5,6,5,6,5,5,5.333333333,4,4,4,5,4.25,3,4,4,4,3.75,1,4,2,1
125,4,4,4,4,4,0.166666667,0.027777778,-0.166666667,0.027777778,-0.027777778,5,5,5,5,5,5,5,5,5,5,6,5.25,4,4,4,4,4,1,4,2,1
125,5,4,4,3,3.666666667,-0.166666667,0.027777778,0.166666667,0.027777778,-0.027777778,5,5,5,5,5,6,5.166666667,4,4,5,4,4.25,5,5,4,4,4.5,1,4,2,1
125,6,4,4,4,4,0.166666667,0.027777778,-0.166666667,0.027777778,-0.027777778,5,5,5,5,5,5,5,5,5,6,5,5.25,4,4,4,4,4,1,4,2,1
126,1,4,4,4,4,0.166666667,0.027777778,NA,NA,NA,5,6,5,6,5,5,5.333333333,6,5,5,6,5.5,4,4,4,3,3.75,0,4,3,4
126,2,4,4,4,4,0.166666667,0.027777778,0.166666667,0.027777778,0.027777778,4,5,4,5,4,5,4.5,6,5,5,5,5.25,5,4,4,4,4.25,0,4,3,4
126,3,4,3,4,3.666666667,-0.166666667,0.027777778,0.166666667,0.027777778,-0.027777778,5,5,5,6,5,5,5.166666667,5,4,4,4,4.25,4,4,4,6,4.5,0,4,3,4
126,4,3,4,4,3.666666667,-0.166666667,0.027777778,-0.166666667,0.027777778,0.027777778,5,5,6,5,6,5,5.333333333,4,4,5,4,4.25,4,4,4,4,4,0,4,3,4
126,5,3,4,4,3.666666667,-0.166666667,0.027777778,-0.166666667,0.027777778,0.027777778,5,5,5,5,6,6,5.333333333,4,4,5,4,4.25,4,4,4,4,4,0,4,3,4
126,6,4,4,4,4,0.166666667,0.027777778,-0.166666667,0.027777778,-0.027777778,5,5,5,5,5,5,5,5,5,6,5,5.25,4,4,4,4,4,0,4,3,4
127,1,3,4,4,3.666666667,-0.222222222,0.049382716,NA,NA,NA,5,5,5,6,6,5,5.333333333,4,4,3,3,3.5,5,5,6,6,5.5,1,3,3,1
127,2,4,4,4,4,0.111111111,0.012345679,-0.222222222,0.049382716,-0.024691358,3,3,4,3,4,4,3.5,5,5,5,5,5,5,5,6,5,5.25,1,3,3,1
127,3,4,4,3,3.666666667,-0.222222222,0.049382716,0.111111111,0.012345679,-0.024691358,3,3,4,4,4,4,3.666666667,5,6,5,5,5.25,5,5,5,5,5,1,3,3,1
127,4,3,4,4,3.666666667,-0.222222222,0.049382716,-0.222222222,0.049382716,0.049382716,6,5,5,6,5,5,5.333333333,6,6,5,4,5.25,5,5,5,5,5,1,3,3,1
127,5,4,4,4,4,0.111111111,0.012345679,-0.222222222,0.049382716,-0.024691358,4,4,4,3,3,4,3.666666667,5,5,5,5,5,4,5,6,5,5,1,3,3,1
127,6,5,4,4,4.333333333,0.444444444,0.197530864,0.111111111,0.012345679,0.049382716,5,5,5,5,5,6,5.166666667,5,5,5,5,5,5,5,6,5,5.25,1,3,3,1
128,1,5,4,5,4.666666667,0.166666667,0.027777778,NA,NA,NA,5,5,5,6,6,5,5.333333333,6,6,5,5,5.5,4,3,4,4,3.75,0,4,1,2
128,2,5,5,5,5,0.5,0.25,0.166666667,0.027777778,0.083333333,5,5,5,5,5,5,5,6,5,5,5,5.25,5,4,5,4,4.5,0,4,1,2
128,3,5,4,4,4.333333333,-0.166666667,0.027777778,0.5,0.25,-0.083333333,6,5,5,5,5,5,5.166666667,4,4,4,3,3.75,4,4,5,5,4.5,0,4,1,2
128,4,5,4,5,4.666666667,0.166666667,0.027777778,-0.166666667,0.027777778,-0.027777778,4,4,5,5,4,4,4.333333333,5,6,5,5,5.25,5,5,6,5,5.25,0,4,1,2
128,5,4,4,4,4,-0.5,0.25,0.166666667,0.027777778,-0.083333333,5,5,6,5,5,5,5.166666667,4,4,4,4,4,4,5,4,4,4.25,0,4,1,2
128,6,4,5,4,4.333333333,-0.166666667,0.027777778,-0.5,0.25,0.083333333,5,5,5,5,5,5,5,4,4,4,4,4,6,6,5,6,5.75,0,4,1,2
129,1,5,5,4,4.666666667,0.388888889,0.151234568,NA,NA,NA,6,5,5,5,6,5,5.333333333,5,5,5,5,5,4,4,4,4,4,0,3,2,3
129,2,5,4,4,4.333333333,0.055555556,0.00308642,0.388888889,0.151234568,0.021604938,5,5,4,5,4,5,4.666666667,4,4,5,4,4.25,6,5,5,5,5.25,0,3,2,3
129,3,4,4,4,4,-0.277777778,0.077160494,0.055555556,0.00308642,-0.015432099,5,5,5,4,5,5,4.833333333,5,5,5,5,5,5,4,4,5,4.5,0,3,2,3
129,4,4,4,4,4,-0.277777778,0.077160494,-0.277777778,0.077160494,0.077160494,5,5,4,4,4,4,4.333333333,5,6,5,4,5,5,5,5,5,5,0,3,2,3
129,5,4,4,5,4.333333333,0.055555556,0.00308642,-0.277777778,0.077160494,-0.015432099,4,4,4,4,4,4,4,4,4,4,4,4,4,5,4,4,4.25,0,3,2,3
129,6,4,5,4,4.333333333,0.055555556,0.00308642,0.055555556,0.00308642,0.00308642,5,4,4,5,4,5,4.5,5,4,4,4,4.25,5,4,4,4,4.25,0,3,2,3
130,1,4,5,5,4.666666667,0.222222222,0.049382716,NA,NA,NA,6,4,6,6,5,5,5.333333333,4,4,4,4,4,4,4,3,4,3.75,0,4,2,4
130,2,4,4,5,4.333333333,-0.111111111,0.012345679,0.222222222,0.049382716,-0.024691358,6,5,5,5,6,6,5.5,4,5,4,5,4.5,4,4,3,4,3.75,0,4,2,4
130,3,4,5,4,4.333333333,-0.111111111,0.012345679,-0.111111111,0.012345679,0.012345679,3,4,4,4,3,4,3.666666667,5,5,4,4,4.5,5,5,5,5,5,0,4,2,4
130,4,4,4,5,4.333333333,-0.111111111,0.012345679,-0.111111111,0.012345679,0.012345679,4,3,4,4,4,3,3.666666667,5,4,5,4,4.5,5,5,5,5,5,0,4,2,4
130,5,4,5,4,4.333333333,-0.111111111,0.012345679,-0.111111111,0.012345679,0.012345679,4,4,4,4,3,4,3.833333333,5,4,4,5,4.5,4,5,4,5,4.5,0,4,2,4
130,6,5,5,4,4.666666667,0.222222222,0.049382716,-0.111111111,0.012345679,-0.024691358,5,5,5,5,5,5,5,3,3,3,4,3.25,4,5,4,4,4.25,0,4,2,4
131,1,6,6,5,5.666666667,0.277777778,0.077160494,NA,NA,NA,5,6,5,6,6,5,5.5,4,4,4,5,4.25,3,4,4,4,3.75,1,4,1,3
131,2,5,5,5,5,-0.388888889,0.151234568,0.277777778,0.077160494,-0.108024691,5,5,5,5,5,5,5,4,5,4,4,4.25,5,6,5,5,5.25,1,4,1,3
131,3,5,5,6,5.333333333,-0.055555556,0.00308642,-0.388888889,0.151234568,0.021604938,5,5,5,5,5,5,5,5,5,5,5,5,4,4,3,4,3.75,1,4,1,3
131,4,6,5,6,5.666666667,0.277777778,0.077160494,-0.055555556,0.00308642,-0.015432099,5,5,6,5,5,5,5.166666667,4,4,4,4,4,5,5,5,5,5,1,4,1,3
131,5,5,5,6,5.333333333,-0.055555556,0.00308642,0.277777778,0.077160494,-0.015432099,5,6,5,5,6,4,5.166666667,5,5,5,5,5,5,5,5,5,5,1,4,1,3
131,6,5,5,6,5.333333333,-0.055555556,0.00308642,-0.055555556,0.00308642,0.00308642,5,5,5,5,5,5,5,5,5,5,5,5,3,3,4,4,3.5,1,4,1,3
132,1,6,5,5,5.333333333,0.055555556,0.00308642,NA,NA,NA,5,5,5,6,6,6,5.5,4,4,5,5,4.5,5,5,5,5,5,1,4,1,3
132,2,5,6,5,5.333333333,0.055555556,0.00308642,0.055555556,0.00308642,0.00308642,5,5,5,4,4,4,4.5,5,4,4,4,4.25,4,5,4,4,4.25,1,4,1,3
132,3,5,5,5,5,-0.277777778,0.077160494,0.055555556,0.00308642,-0.015432099,5,5,5,5,4,5,4.833333333,5,5,5,5,5,4,5,5,4,4.5,1,4,1,3
132,4,5,5,5,5,-0.277777778,0.077160494,-0.277777778,0.077160494,0.077160494,4,4,5,4,5,4,4.333333333,4,5,5,6,5,5,5,5,5,5,1,4,1,3
132,5,5,6,6,5.666666667,0.388888889,0.151234568,-0.277777778,0.077160494,-0.108024691,6,4,5,5,4,5,4.833333333,6,4,4,5,4.75,5,5,5,5,5,1,4,1,3
132,6,5,5,6,5.333333333,0.055555556,0.00308642,0.388888889,0.151234568,0.021604938,5,5,4,4,5,5,4.666666667,4,4,5,4,4.25,5,5,6,5,5.25,1,4,1,3
133,1,5,5,5,5,-0.166666667,0.027777778,NA,NA,NA,6,5,6,5,6,5,5.5,5,4,4,5,4.5,4,3,4,3,3.5,0,4,2,1
133,2,5,5,5,5,-0.166666667,0.027777778,-0.166666667,0.027777778,0.027777778,6,6,5,5,4,5,5.166666667,5,4,5,4,4.5,5,5,5,4,4.75,0,4,2,1
133,3,6,5,5,5.333333333,0.166666667,0.027777778,-0.166666667,0.027777778,-0.027777778,4,3,3,4,3,4,3.5,6,5,5,5,5.25,5,5,6,5,5.25,0,4,2,1
133,4,5,5,5,5,-0.166666667,0.027777778,0.166666667,0.027777778,-0.027777778,5,4,4,4,5,5,4.5,4,4,5,4,4.25,4,4,4,4,4,0,4,2,1
133,5,5,6,5,5.333333333,0.166666667,0.027777778,-0.166666667,0.027777778,-0.027777778,3,3,3,4,4,4,3.5,5,6,5,5,5.25,5,5,5,6,5.25,0,4,2,1
133,6,5,5,6,5.333333333,0.166666667,0.027777778,0.166666667,0.027777778,0.027777778,4,5,4,5,5,4,4.5,5,5,5,6,5.25,4,5,4,4,4.25,0,4,2,1
134,1,5,4,6,5,0.611111111,0.37345679,NA,NA,NA,6,6,5,6,6,5,5.666666667,6,5,5,5,5.25,4,5,5,5,4.75,0,4,2,2
134,2,4,5,6,5,0.611111111,0.37345679,0.611111111,0.37345679,0.37345679,6,5,5,5,5,5,5.166666667,5,6,5,5,5.25,5,5,6,5,5.25,0,4,2,2
134,3,4,4,4,4,-0.388888889,0.151234568,0.611111111,0.37345679,-0.237654321,5,4,4,5,5,4,4.5,4,4,4,5,4.25,4,4,4,3,3.75,0,4,2,2
134,4,4,4,6,4.666666667,0.277777778,0.077160494,-0.388888889,0.151234568,-0.108024691,5,4,4,5,4,4,4.333333333,4,4,4,4,4,5,5,6,5,5.25,0,4,2,2
134,5,3,4,4,3.666666667,-0.722222222,0.521604938,0.277777778,0.077160494,-0.200617284,5,4,4,5,5,5,4.666666667,4,4,4,3,3.75,5,5,5,5,5,0,4,2,2
134,6,4,4,4,4,-0.388888889,0.151234568,-0.722222222,0.521604938,0.280864198,6,4,4,6,4,6,5,4,5,4,5,4.5,6,5,6,5,5.5,0,4,2,2
135,1,4,4,4,4,0.222222222,0.049382716,NA,NA,NA,3,3,3,3,4,3,3.166666667,4,4,4,4,4,6,6,6,6,6,0,3,2,2
135,2,4,4,4,4,0.222222222,0.049382716,0.222222222,0.049382716,0.049382716,4,3,4,3,4,3,3.5,3,4,4,4,3.75,5,6,4,6,5.25,0,3,2,2
135,3,4,4,4,4,0.222222222,0.049382716,0.222222222,0.049382716,0.049382716,4,3,4,3,4,3,3.5,4,4,3,4,3.75,5,6,5,5,5.25,0,3,2,2
135,4,3,4,3,3.333333333,-0.444444444,0.197530864,0.222222222,0.049382716,-0.098765432,5,5,4,4,5,5,4.666666667,4,4,5,4,4.25,5,5,5,5,5,0,3,2,2
135,5,4,3,4,3.666666667,-0.111111111,0.012345679,-0.444444444,0.197530864,0.049382716,6,5,4,5,5,5,5,5,5,5,4,4.75,3,4,3,3,3.25,0,3,2,2
135,6,4,3,4,3.666666667,-0.111111111,0.012345679,-0.111111111,0.012345679,0.012345679,5,6,5,6,6,5,5.5,5,4,5,4,4.5,4,4,4,5,4.25,0,3,2,2
136,1,4,4,4,4,-0.388888889,0.151234568,NA,NA,NA,3,4,3,3,3,4,3.333333333,4,5,5,4,4.5,6,5,5,6,5.5,0,4,2,3
136,2,5,5,4,4.666666667,0.277777778,0.077160494,-0.388888889,0.151234568,-0.108024691,4,4,4,4,4,6,4.333333333,4,4,4,4,4,5,5,6,5,5.25,0,4,2,3
136,3,5,5,4,4.666666667,0.277777778,0.077160494,0.277777778,0.077160494,0.077160494,4,5,5,4,5,5,4.666666667,4,4,5,4,4.25,6,6,4,5,5.25,0,4,2,3
136,4,4,4,4,4,-0.388888889,0.151234568,0.277777778,0.077160494,-0.108024691,5,5,5,5,5,5,5,4,5,4,4,4.25,5,5,5,6,5.25,0,4,2,3
136,5,4,5,4,4.333333333,-0.055555556,0.00308642,-0.388888889,0.151234568,0.021604938,5,5,5,5,5,5,5,5,5,5,5,5,4,4,3,4,3.75,0,4,2,3
136,6,4,5,5,4.666666667,0.277777778,0.077160494,-0.055555556,0.00308642,-0.015432099,5,5,6,5,5,5,5.166666667,4,4,4,4,4,5,5,5,5,5,0,4,2,3
137,1,4,5,4,4.333333333,0.055555556,0.00308642,NA,NA,NA,3,3,4,3,3,4,3.333333333,4,5,4,5,4.5,5,6,5,6,5.5,0,3,3,3
137,2,4,4,4,4,-0.277777778,0.077160494,0.055555556,0.00308642,-0.015432099,5,6,6,4,4,4,4.833333333,5,5,5,5,5,5,5,4,4,4.5,0,3,3,3
137,3,5,5,4,4.666666667,0.388888889,0.151234568,-0.277777778,0.077160494,-0.108024691,5,5,5,5,5,5,5,4,4,5,6,4.75,4,4,5,4,4.25,0,3,3,3
137,4,4,4,5,4.333333333,0.055555556,0.00308642,0.388888889,0.151234568,0.021604938,5,5,5,4,4,5,4.666666667,4,4,5,4,4.25,6,5,5,5,5.25,0,3,3,3
137,5,4,4,4,4,-0.277777778,0.077160494,0.055555556,0.00308642,-0.015432099,5,5,5,5,5,5,5,5,5,5,5,5,5,5,6,6,5.5,0,3,3,3
137,6,4,4,5,4.333333333,0.055555556,0.00308642,-0.277777778,0.077160494,-0.015432099,4,4,4,4,4,4,4,4,4,4,4,4,4,5,4,4,4.25,0,3,3,3
138,1,4,4,4,4,-0.333333333,0.111111111,NA,NA,NA,4,3,4,3,3,4,3.5,5,5,4,5,4.75,5,6,5,5,5.25,0,5,2,2
138,2,4,5,4,4.333333333,0,0,-0.333333333,0.111111111,0,3,4,4,4,3,4,3.666666667,5,6,6,5,5.5,5,5,4,6,5,0,5,2,2
138,3,4,4,4,4,-0.333333333,0.111111111,0,0,0,5,4,5,4,4,5,4.5,4,4,4,6,4.5,4,4,3,4,3.75,0,5,2,2
138,4,4,4,5,4.333333333,0,0,-0.333333333,0.111111111,0,3,4,3,4,4,4,3.666666667,5,6,5,6,5.5,4,4,6,6,5,0,5,2,2
138,5,4,5,5,4.666666667,0.333333333,0.111111111,0,0,0,4,4,5,5,5,4,4.5,5,5,4,4,4.5,5,5,4,4,4.5,0,5,2,2
138,6,5,4,5,4.666666667,0.333333333,0.111111111,0.333333333,0.111111111,0.111111111,5,5,5,5,6,6,5.333333333,5,5,4,4,4.5,4,4,4,4,4,0,5,2,2
139,1,5,4,4,4.333333333,-0.055555556,0.00308642,NA,NA,NA,3,4,4,4,4,3,3.666666667,5,5,5,5,5,5,5,5,5,5,0,3,2,1
139,2,5,4,5,4.666666667,0.277777778,0.077160494,-0.055555556,0.00308642,-0.015432099,5,6,5,5,5,5,5.166666667,4,4,4,4,4,5,5,5,5,5,0,3,2,1
139,3,5,4,5,4.666666667,0.277777778,0.077160494,0.277777778,0.077160494,0.077160494,5,5,5,4,4,5,4.666666667,4,5,4,4,4.25,6,5,5,5,5.25,0,3,2,1
139,4,5,4,4,4.333333333,-0.055555556,0.00308642,0.277777778,0.077160494,-0.015432099,5,4,5,5,6,6,5.166666667,5,5,5,5,5,5,5,5,5,5,0,3,2,1
139,5,4,5,4,4.333333333,-0.055555556,0.00308642,-0.055555556,0.00308642,0.00308642,5,5,5,5,5,5,5,5,5,5,5,5,3,4,3,4,3.5,0,3,2,1
139,6,4,4,4,4,-0.388888889,0.151234568,-0.055555556,0.00308642,0.021604938,6,5,6,5,4,4,5,4,5,5,4,4.5,5,6,5,6,5.5,0,3,2,1
140,1,4,4,4,4,-0.666666667,0.444444444,NA,NA,NA,3,4,3,4,4,4,3.666666667,4,4,4,3,3.75,5,5,5,5,5,0,4,1,2
140,2,4,5,4,4.333333333,-0.333333333,0.111111111,-0.666666667,0.444444444,0.222222222,5,4,4,5,5,5,4.666666667,5,5,5,4,4.75,5,5,5,5,5,0,4,1,2
140,3,4,5,4,4.333333333,-0.333333333,0.111111111,-0.333333333,0.111111111,0.111111111,5,5,5,5,6,5,5.166666667,5,5,4,5,4.75,4,4,5,4,4.25,0,4,1,2
140,4,5,5,5,5,0.333333333,0.111111111,-0.333333333,0.111111111,-0.111111111,4,3,3,4,4,3,3.5,4,5,4,5,4.5,5,5,5,6,5.25,0,4,1,2
140,5,5,5,6,5.333333333,0.666666667,0.444444444,0.333333333,0.111111111,0.222222222,5,5,4,4,5,6,4.833333333,5,6,5,5,5.25,5,5,5,5,5,0,4,1,2
140,6,5,5,5,5,0.333333333,0.111111111,0.666666667,0.444444444,0.222222222,4,5,5,5,5,5,4.833333333,5,5,5,4,4.75,6,4,4,5,4.75,0,4,1,2
141,1,5,5,5,5,-0.055555556,0.00308642,NA,NA,NA,4,4,4,3,4,3,3.666666667,5,5,5,6,5.25,5,5,5,5,5,1,5,3,3
141,2,5,5,5,5,-0.055555556,0.00308642,-0.055555556,0.00308642,0.00308642,4,4,3,4,3,4,3.666666667,5,6,5,5,5.25,5,5,5,5,5,1,5,3,3
141,3,5,5,5,5,-0.055555556,0.00308642,-0.055555556,0.00308642,0.00308642,3,4,4,4,3,4,3.666666667,5,5,6,5,5.25,5,5,5,5,5,1,5,3,3
141,4,5,5,5,5,-0.055555556,0.00308642,-0.055555556,0.00308642,0.00308642,4,4,4,4,3,3,3.666666667,6,5,5,5,5.25,5,5,5,5,5,1,5,3,3
141,5,5,5,6,5.333333333,0.277777778,0.077160494,-0.055555556,0.00308642,-0.015432099,4,4,5,4,4,5,4.333333333,5,4,4,4,4.25,5,5,5,6,5.25,1,5,3,3
141,6,5,5,5,5,-0.055555556,0.00308642,0.277777778,0.077160494,-0.015432099,5,6,5,5,6,5,5.333333333,6,5,5,5,5.25,5,5,4,4,4.5,1,5,3,3
142,1,6,5,5,5.333333333,0.111111111,0.012345679,NA,NA,NA,4,3,4,3,4,4,3.666666667,5,6,4,4,4.75,4,5,6,5,5,0,3,2,4
142,2,6,6,5,5.666666667,0.444444444,0.197530864,0.111111111,0.012345679,0.049382716,5,5,5,5,5,5,5,5,5,5,5,5,5,4,4,4,4.25,0,3,2,4
142,3,5,5,5,5,-0.222222222,0.049382716,0.444444444,0.197530864,-0.098765432,5,5,4,5,4,4,4.5,6,5,5,5,5.25,4,4,4,4,4,0,3,2,4
142,4,5,5,5,5,-0.222222222,0.049382716,-0.222222222,0.049382716,0.049382716,5,5,5,6,6,5,5.333333333,5,6,5,6,5.5,6,4,4,6,5,0,3,2,4
142,5,5,6,5,5.333333333,0.111111111,0.012345679,-0.222222222,0.049382716,-0.024691358,4,4,4,5,4,5,4.333333333,4,5,5,4,4.5,5,5,5,6,5.25,0,3,2,4
142,6,5,5,5,5,-0.222222222,0.049382716,0.111111111,0.012345679,-0.024691358,4,4,4,4,4,4,4,5,6,5,5,5.25,5,4,4,4,4.25,0,3,2,4
143,1,5,5,5,5,-0.222222222,0.049382716,NA,NA,NA,4,3,4,4,4,3,3.666666667,3,4,3,4,3.5,5,5,5,5,5,0,4,2,2
143,2,5,6,5,5.333333333,0.111111111,0.012345679,-0.222222222,0.049382716,-0.024691358,4,4,4,5,5,5,4.5,5,5,4,4,4.5,4,4,5,4,4.25,0,4,2,2
143,3,5,5,6,5.333333333,0.111111111,0.012345679,0.111111111,0.012345679,0.012345679,5,6,6,5,5,5,5.333333333,5,4,5,4,4.5,3,4,4,3,3.5,0,4,2,2
143,4,5,5,5,5,-0.222222222,0.049382716,0.111111111,0.012345679,-0.024691358,4,4,4,4,4,4,4,5,5,5,6,5.25,5,4,4,4,4.25,0,4,2,2
143,5,6,5,5,5.333333333,0.111111111,0.012345679,-0.222222222,0.049382716,-0.024691358,4,4,5,5,5,4,4.5,5,4,5,4,4.5,4,4,5,4,4.25,0,4,2,2
143,6,5,5,6,5.333333333,0.111111111,0.012345679,0.111111111,0.012345679,0.012345679,5,5,6,5,5,6,5.333333333,6,4,4,4,4.5,3,3,4,4,3.5,0,4,2,2
144,1,5,5,5,5,0.166666667,0.027777778,NA,NA,NA,4,4,3,3,4,4,3.666666667,6,6,5,5,5.5,6,5,5,5,5.25,1,3,1,3
144,2,6,4,5,5,0.166666667,0.027777778,0.166666667,0.027777778,0.027777778,5,4,5,4,4,5,4.5,5,6,5,5,5.25,4,4,4,5,4.25,1,3,1,3
144,3,6,6,4,5.333333333,0.5,0.25,0.166666667,0.027777778,0.083333333,6,4,5,4,6,5,5,5,6,5,5,5.25,4,4,5,5,4.5,1,3,1,3
144,4,5,5,5,5,0.166666667,0.027777778,0.5,0.25,0.083333333,6,5,4,5,6,4,5,5,5,5,6,5.25,5,4,4,4,4.25,1,3,1,3
144,5,5,4,4,4.333333333,-0.5,0.25,0.166666667,0.027777778,-0.083333333,5,5,5,5,6,5,5.166666667,4,4,4,5,4.25,4,4,5,4,4.25,1,3,1,3
144,6,4,4,5,4.333333333,-0.5,0.25,-0.5,0.25,0.25,5,6,5,4,4,5,4.833333333,5,4,4,4,4.25,5,5,4,4,4.5,1,3,1,3
145,1,3,3,4,3.333333333,-0.333333333,0.111111111,NA,NA,NA,3,3,4,4,4,4,3.666666667,4,5,5,5,4.75,5,5,5,5,5,0,4,2,2
145,2,4,4,4,4,0.333333333,0.111111111,-0.333333333,0.111111111,-0.111111111,5,4,4,4,5,4,4.333333333,4,5,5,4,4.5,6,5,5,5,5.25,0,4,2,2
145,3,4,4,3,3.666666667,0,0,0.333333333,0.111111111,0,6,5,5,6,5,5,5.333333333,3,4,4,4,3.75,6,4,5,4,4.75,0,4,2,2
145,4,3,4,3,3.333333333,-0.333333333,0.111111111,0,0,0,4,4,5,5,5,4,4.5,4,4,6,4,4.5,4,4,4,3,3.75,0,4,2,2
145,5,3,4,4,3.666666667,0,0,-0.333333333,0.111111111,0,4,3,4,4,4,4,3.833333333,6,6,5,5,5.5,4,4,5,5,4.5,0,4,2,2
145,6,4,4,4,4,0.333333333,0.111111111,0,0,0,4,4,4,5,5,5,4.5,4,5,4,5,4.5,4,5,4,5,4.5,0,4,2,2
146,1,4,4,3,3.666666667,0.111111111,0.012345679,NA,NA,NA,3,4,4,3,4,4,3.666666667,5,5,5,5,5,4,6,5,5,5,0,5,2,1
146,2,3,3,4,3.333333333,-0.222222222,0.049382716,0.111111111,0.012345679,-0.024691358,4,4,4,4,4,4,4,3,3,4,4,3.5,5,4,4,4,4.25,0,5,2,1
146,3,3,3,4,3.333333333,-0.222222222,0.049382716,-0.222222222,0.049382716,0.049382716,6,4,5,5,5,4,4.833333333,3,4,4,3,3.5,5,4,5,4,4.5,0,5,2,1
146,4,4,4,3,3.666666667,0.111111111,0.012345679,-0.222222222,0.049382716,-0.024691358,4,4,4,4,3,4,3.833333333,5,5,5,5,5,5,5,5,4,4.75,0,5,2,1
146,5,4,4,3,3.666666667,0.111111111,0.012345679,0.111111111,0.012345679,0.012345679,5,6,5,6,6,6,5.666666667,5,5,5,5,5,4,4,4,5,4.25,0,5,2,1
146,6,4,4,3,3.666666667,0.111111111,0.012345679,0.111111111,0.012345679,0.012345679,6,5,6,6,6,5,5.666666667,5,5,5,5,5,4,5,4,5,4.5,0,5,2,1
147,1,3,4,4,3.666666667,-0.666666667,0.444444444,NA,NA,NA,3,4,4,4,4,4,3.833333333,4,3,4,4,3.75,4,4,5,5,4.5,0,4,1,2
147,2,5,4,4,4.333333333,0,0,-0.666666667,0.444444444,0,3,3,4,4,4,4,3.666666667,5,5,6,6,5.5,5,5,5,5,5,0,4,1,2
147,3,4,4,5,4.333333333,0,0,0,0,0,5,4,5,4,4,5,4.5,4,4,3,3,3.5,4,5,4,4,4.25,0,4,1,2
147,4,5,5,4,4.666666667,0.333333333,0.111111111,0,0,0,4,4,5,5,4,5,4.5,4,4,4,6,4.5,5,4,5,4,4.5,0,4,1,2
147,5,4,5,4,4.333333333,0,0,0.333333333,0.111111111,0,5,6,5,5,6,5,5.333333333,4,4,3,4,3.75,5,5,5,5,5,0,4,1,2
147,6,5,4,5,4.666666667,0.333333333,0.111111111,0,0,0,5,5,5,4,5,4,4.666666667,5,4,4,5,4.5,6,5,6,6,5.75,0,4,1,2
148,1,4,4,5,4.333333333,0,0,NA,NA,NA,4,4,4,4,3,4,3.833333333,4,3,4,4,3.75,5,5,5,4,4.75,0,3,2,1
148,2,5,5,4,4.666666667,0.333333333,0.111111111,0,0,0,5,4,4,5,5,5,4.666666667,4,4,6,4,4.5,6,6,5,6,5.75,0,3,2,1
148,3,4,5,5,4.666666667,0.333333333,0.111111111,0.333333333,0.111111111,0.111111111,6,5,5,6,5,5,5.333333333,4,5,5,4,4.5,4,4,4,4,4,0,3,2,1
148,4,5,4,4,4.333333333,0,0,0.333333333,0.111111111,0,5,5,6,6,5,5,5.333333333,4,4,3,4,3.75,4,6,5,5,5,0,3,2,1
148,5,4,4,4,4,-0.333333333,0.111111111,0,0,0,5,5,4,5,4,5,4.666666667,4,5,4,5,4.5,5,5,5,5,5,0,3,2,1
148,6,4,4,4,4,-0.333333333,0.111111111,-0.333333333,0.111111111,0.111111111,5,5,6,5,5,5,5.166666667,4,5,5,5,4.75,5,4,4,4,4.25,0,3,2,1
149,1,4,4,5,4.333333333,0.111111111,0.012345679,NA,NA,NA,3,4,4,4,4,4,3.833333333,4,4,5,6,4.75,5,5,4,5,4.75,0,5,2,3
149,2,4,4,4,4,-0.222222222,0.049382716,0.111111111,0.012345679,-0.024691358,4,4,5,4,4,4,4.166666667,6,5,5,5,5.25,4,4,3,4,3.75,0,5,2,3
149,3,4,4,4,4,-0.222222222,0.049382716,-0.222222222,0.049382716,0.049382716,6,5,5,5,5,6,5.333333333,5,6,6,5,5.5,5,5,5,5,5,0,5,2,3
149,4,4,4,5,4.333333333,0.111111111,0.012345679,-0.222222222,0.049382716,-0.024691358,4,5,5,4,5,4,4.5,5,4,4,5,4.5,5,4,4,4,4.25,0,5,2,3
149,5,4,4,4,4,-0.222222222,0.049382716,0.111111111,0.012345679,-0.024691358,4,5,4,4,4,4,4.166666667,5,5,5,6,5.25,4,4,4,3,3.75,0,5,2,3
149,6,5,4,5,4.666666667,0.444444444,0.197530864,-0.222222222,0.049382716,-0.098765432,4,4,4,4,4,4,4,5,5,5,5,5,4,5,4,5,4.5,0,5,2,3
150,1,4,4,4,4,-1.055555556,1.114197531,NA,NA,NA,4,4,4,4,4,3,3.833333333,3,3,4,3,3.25,4,4,5,5,4.5,1,3,1,2
150,2,5,5,6,5.333333333,0.277777778,0.077160494,-1.055555556,1.114197531,-0.293209877,4,4,4,4,5,5,4.333333333,4,4,4,4,4,6,5,5,5,5.25,1,3,1,2
150,3,6,5,5,5.333333333,0.277777778,0.077160494,0.277777778,0.077160494,0.077160494,5,4,5,5,4,5,4.666666667,4,5,4,4,4.25,6,6,5,4,5.25,1,3,1,2
150,4,6,5,5,5.333333333,0.277777778,0.077160494,0.277777778,0.077160494,0.077160494,5,5,5,4,4,5,4.666666667,4,5,4,4,4.25,5,5,6,6,5.5,1,3,1,2
150,5,5,6,5,5.333333333,0.277777778,0.077160494,0.277777778,0.077160494,0.077160494,5,5,5,4,4,5,4.666666667,4,4,5,4,4.25,6,5,5,6,5.5,1,3,1,2
150,6,5,5,5,5,-0.055555556,0.00308642,0.277777778,0.077160494,-0.015432099,6,6,6,4,6,4,5.333333333,5,6,5,5,5.25,6,4,4,4,4.5,1,3,1,2
151,1,5,5,5,5,-0.111111111,0.012345679,NA,NA,NA,4,4,4,4,3,4,3.833333333,5,5,5,5,5,4,5,5,4,4.5,1,3,3,2
151,2,5,5,6,5.333333333,0.222222222,0.049382716,-0.111111111,0.012345679,-0.024691358,5,5,5,5,6,5,5.166666667,3,4,3,4,3.5,5,5,5,5,5,1,3,3,2
151,3,5,5,5,5,-0.111111111,0.012345679,0.222222222,0.049382716,-0.024691358,5,4,5,5,4,5,4.666666667,5,4,5,5,4.75,6,6,4,4,5,1,3,3,2
151,4,5,5,6,5.333333333,0.222222222,0.049382716,-0.111111111,0.012345679,-0.024691358,5,5,6,5,5,5,5.166666667,3,3,4,4,3.5,5,5,5,5,5,1,3,3,2
151,5,5,5,5,5,-0.111111111,0.012345679,0.222222222,0.049382716,-0.024691358,4,4,5,5,5,5,4.666666667,5,5,4,5,4.75,5,6,5,4,5,1,3,3,2
151,6,5,5,5,5,-0.111111111,0.012345679,-0.111111111,0.012345679,0.012345679,5,6,5,5,5,5,5.166666667,5,5,5,5,5,5,5,5,4,4.75,1,3,3,2
152,1,5,5,5,5,-0.222222222,0.049382716,NA,NA,NA,4,4,4,4,4,3,3.833333333,4,3,3,4,3.5,4,5,4,5,4.5,0,4,2,3
152,2,5,5,6,5.333333333,0.111111111,0.012345679,-0.222222222,0.049382716,-0.024691358,4,4,5,5,5,4,4.5,4,4,5,5,4.5,4,5,4,4,4.25,0,4,2,3
152,3,5,6,5,5.333333333,0.111111111,0.012345679,0.111111111,0.012345679,0.012345679,5,5,5,6,6,5,5.333333333,5,5,4,4,4.5,4,4,3,3,3.5,0,4,2,3
152,4,5,5,5,5,-0.222222222,0.049382716,0.111111111,0.012345679,-0.024691358,5,4,4,4,4,4,4.166666667,6,5,5,5,5.25,4,3,4,4,3.75,0,4,2,3
152,5,5,5,6,5.333333333,0.111111111,0.012345679,-0.222222222,0.049382716,-0.024691358,5,4,4,4,5,5,4.5,4,4,5,5,4.5,5,4,4,4,4.25,0,4,2,3
152,6,6,5,5,5.333333333,0.111111111,0.012345679,0.111111111,0.012345679,0.012345679,6,6,5,5,5,5,5.333333333,5,5,4,4,4.5,4,3,4,3,3.5,0,4,2,3
153,1,5,6,6,5.666666667,0.555555556,0.308641975,NA,NA,NA,4,3,4,4,4,4,3.833333333,5,5,5,6,5.25,4,4,5,6,4.75,0,3,2,4
153,2,5,5,5,5,-0.111111111,0.012345679,0.555555556,0.308641975,-0.061728395,4,4,4,3,4,3,3.666666667,5,4,5,5,4.75,5,5,5,5,5,0,3,2,4
153,3,6,5,5,5.333333333,0.222222222,0.049382716,-0.111111111,0.012345679,-0.024691358,6,5,5,5,5,5,5.166666667,4,4,3,3,3.5,5,5,5,5,5,0,3,2,4
153,4,5,5,5,5,-0.111111111,0.012345679,0.222222222,0.049382716,-0.024691358,4,5,5,6,4,4,4.666666667,5,4,5,5,4.75,5,4,6,5,5,0,3,2,4
153,5,4,6,5,5,-0.111111111,0.012345679,-0.111111111,0.012345679,0.012345679,5,6,5,5,5,5,5.166666667,5,5,5,5,5,4,5,5,5,4.75,0,3,2,4
153,6,5,5,4,4.666666667,-0.444444444,0.197530864,-0.111111111,0.012345679,0.049382716,5,5,5,5,4,4,4.666666667,4,4,4,5,4.25,5,5,5,5,5,0,3,2,4
154,1,5,6,5,5.333333333,0.611111111,0.37345679,NA,NA,NA,4,4,4,4,4,4,4,5,6,5,5,5.25,4,5,5,4,4.5,0,4,3,1
154,2,4,5,4,4.333333333,-0.388888889,0.151234568,0.611111111,0.37345679,-0.237654321,5,4,4,5,5,4,4.5,4,5,4,4,4.25,4,4,3,4,3.75,0,4,3,1
154,3,4,5,4,4.333333333,-0.388888889,0.151234568,-0.388888889,0.151234568,0.151234568,4,4,5,4,4,4,4.166666667,4,5,5,4,4.5,3,4,3,3,3.25,0,4,3,1
154,4,6,6,4,5.333333333,0.611111111,0.37345679,-0.388888889,0.151234568,-0.237654321,4,5,4,5,5,4,4.5,5,5,5,6,5.25,4,5,5,5,4.75,0,4,3,1
154,5,6,4,5,5,0.277777778,0.077160494,0.611111111,0.37345679,0.169753086,4,4,5,5,4,4,4.333333333,5,4,4,4,4.25,4,5,6,6,5.25,0,4,3,1
154,6,4,4,4,4,-0.722222222,0.521604938,0.277777778,0.077160494,-0.200617284,5,5,5,5,5,5,5,4,4,4,3,3.75,6,5,5,5,5.25,0,4,3,1
155,1,4,4,4,4,0.166666667,0.027777778,NA,NA,NA,4,4,4,4,4,4,4,6,6,5,5,5.5,4,5,4,4,4.25,0,4,3,1
155,2,4,4,4,4,0.166666667,0.027777778,0.166666667,0.027777778,0.027777778,4,5,4,5,5,4,4.5,5,6,5,5,5.25,4,4,5,4,4.25,0,4,3,1
155,3,4,4,3,3.666666667,-0.166666667,0.027777778,0.166666667,0.027777778,-0.027777778,5,6,5,5,5,5,5.166666667,4,4,5,4,4.25,4,5,5,5,4.75,0,4,3,1
155,4,4,4,4,4,0.166666667,0.027777778,-0.166666667,0.027777778,-0.027777778,5,5,5,5,5,5,5,5,5,6,5,5.25,4,4,4,4,4,0,4,3,1
155,5,4,4,3,3.666666667,-0.166666667,0.027777778,0.166666667,0.027777778,-0.027777778,5,5,5,6,5,5,5.166666667,4,4,4,5,4.25,5,4,5,5,4.75,0,4,3,1
155,6,4,3,4,3.666666667,-0.166666667,0.027777778,-0.166666667,0.027777778,0.027777778,5,5,6,5,6,5,5.333333333,4,4,5,4,4.25,4,4,4,4,4,0,4,3,1
156,1,4,4,4,4,-0.111111111,0.012345679,NA,NA,NA,4,4,5,4,4,4,4.166666667,5,5,5,5,5,4,4,4,3,3.75,0,4,3,4
156,2,3,4,3,3.333333333,-0.777777778,0.604938272,-0.111111111,0.012345679,0.086419753,5,5,5,5,5,6,5.166666667,3,4,4,4,3.75,4,4,4,5,4.25,0,4,3,4
156,3,3,4,4,3.666666667,-0.444444444,0.197530864,-0.777777778,0.604938272,0.345679012,5,5,5,6,5,5,5.166666667,4,4,5,4,4.25,5,4,4,4,4.25,0,4,3,4
156,4,5,5,5,5,0.888888889,0.790123457,-0.444444444,0.197530864,-0.395061728,5,4,4,4,4,4,4.166666667,5,5,6,6,5.5,4,4,4,4,4,0,4,3,4
156,5,5,4,4,4.333333333,0.222222222,0.049382716,0.888888889,0.790123457,0.197530864,5,4,4,5,5,4,4.5,4,4,4,4,4,4,5,5,4,4.5,0,4,3,4
156,6,5,4,4,4.333333333,0.222222222,0.049382716,0.222222222,0.049382716,0.049382716,4,4,3,4,3,4,3.666666667,4,4,3,4,3.75,5,5,5,6,5.25,0,4,3,4
157,1,5,4,4,4.333333333,0,0,NA,NA,NA,4,4,5,4,4,4,4.166666667,4,4,3,4,3.75,4,4,3,4,3.75,0,4,3,4
157,2,4,4,5,4.333333333,0,0,0,0,0,5,5,5,5,4,4,4.666666667,3,4,3,4,3.5,4,5,6,5,5,0,4,3,4
157,3,4,5,5,4.666666667,0.333333333,0.111111111,0,0,0,5,4,5,5,4,5,4.666666667,5,5,4,4,4.5,6,5,6,6,5.75,0,4,3,4
157,4,5,5,4,4.666666667,0.333333333,0.111111111,0.333333333,0.111111111,0.111111111,5,5,6,5,6,5,5.333333333,5,5,4,4,4.5,4,4,4,4,4,0,4,3,4
157,5,4,4,4,4,-0.333333333,0.111111111,0.333333333,0.111111111,-0.111111111,4,4,4,4,4,4,4,5,4,5,4,4.5,4,4,5,4,4.25,0,4,3,4
157,6,4,4,4,4,-0.333333333,0.111111111,-0.333333333,0.111111111,0.111111111,5,5,5,5,6,5,5.166666667,5,4,5,5,4.75,4,4,4,5,4.25,0,4,3,4
158,1,5,4,4,4.333333333,-0.388888889,0.151234568,NA,NA,NA,4,4,4,4,4,5,4.166666667,5,4,4,5,4.5,4,3,3,4,3.5,1,4,3,1
158,2,4,5,4,4.333333333,-0.388888889,0.151234568,-0.388888889,0.151234568,0.151234568,4,4,4,4,5,4,4.166666667,5,4,5,4,4.5,4,3,3,3,3.25,1,4,3,1
158,3,5,4,4,4.333333333,-0.388888889,0.151234568,-0.388888889,0.151234568,0.151234568,4,4,4,4,4,5,4.166666667,5,5,4,4,4.5,3,3,4,4,3.5,1,4,3,1
158,4,5,5,5,5,0.277777778,0.077160494,-0.388888889,0.151234568,-0.108024691,4,4,5,5,5,4,4.5,4,4,4,4,4,5,4,5,4,4.5,1,4,3,1
158,5,5,5,5,5,0.277777778,0.077160494,0.277777778,0.077160494,0.077160494,5,5,4,5,5,4,4.666666667,5,4,4,4,4.25,6,5,5,6,5.5,1,4,3,1
158,6,5,5,6,5.333333333,0.611111111,0.37345679,0.277777778,0.077160494,0.169753086,4,4,4,5,5,4,4.333333333,6,5,5,5,5.25,6,5,5,6,5.5,1,4,3,1
159,1,6,6,5,5.666666667,0.333333333,0.111111111,NA,NA,NA,4,4,4,4,4,5,4.166666667,5,5,4,5,4.75,4,4,4,4,4,0,3,1,2
159,2,6,5,5,5.333333333,0,0,0.333333333,0.111111111,0,5,5,5,6,6,5,5.333333333,4,4,3,4,3.75,4,5,5,6,5,0,3,1,2
159,3,6,5,5,5.333333333,0,0,0,0,0,5,5,5,4,4,5,4.666666667,4,4,3,3,3.5,4,4,6,6,5,0,3,1,2
159,4,5,6,5,5.333333333,0,0,0,0,0,5,4,5,4,5,5,4.666666667,3,3,4,4,3.5,5,5,5,6,5.25,0,3,1,2
159,5,5,5,5,5,-0.333333333,0.111111111,0,0,0,5,5,4,4,6,4,4.666666667,5,4,4,5,4.5,5,5,5,5,5,0,3,1,2
159,6,5,6,5,5.333333333,0,0,-0.333333333,0.111111111,0,4,4,4,4,3,4,3.833333333,5,6,6,5,5.5,5,4,4,5,4.5,0,3,1,2
160,1,5,5,5,5,-0.333333333,0.111111111,NA,NA,NA,5,4,4,4,4,4,4.166666667,5,4,5,5,4.75,3,4,4,3,3.5,0,3,1,2
160,2,5,5,6,5.333333333,0,0,-0.333333333,0.111111111,0,4,4,4,4,3,4,3.833333333,5,6,5,6,5.5,5,5,4,4,4.5,0,3,1,2
160,3,5,5,6,5.333333333,0,0,0,0,0,5,4,5,6,4,4,4.666666667,4,3,3,4,3.5,5,5,6,5,5.25,0,3,1,2
160,4,6,6,6,6,0.666666667,0.444444444,0,0,0,6,5,4,4,4,5,4.666666667,5,5,5,6,5.25,4,3,3,4,3.5,0,3,1,2
160,5,5,5,5,5,-0.333333333,0.111111111,0.666666667,0.444444444,-0.222222222,5,5,5,5,4,4,4.666666667,4,4,5,5,4.5,5,5,5,5,5,0,3,1,2
160,6,5,5,6,5.333333333,0,0,-0.333333333,0.111111111,0,3,4,4,4,4,4,3.833333333,6,5,6,5,5.5,4,4,6,4,4.5,0,3,1,2
161,1,5,6,5,5.333333333,0.444444444,0.197530864,NA,NA,NA,4,5,4,4,4,4,4.166666667,5,5,5,5,5,4,4,4,4,4,0,5,3,2
161,2,6,5,5,5.333333333,0.444444444,0.197530864,0.444444444,0.197530864,0.197530864,4,5,4,4,5,4,4.333333333,5,5,5,5,5,6,6,5,5,5.5,0,5,3,2
161,3,4,5,5,4.666666667,-0.222222222,0.049382716,0.444444444,0.197530864,-0.098765432,5,5,4,5,5,4,4.666666667,5,6,5,5,5.25,5,5,5,5,5,0,5,3,2
161,4,6,4,5,5,0.111111111,0.012345679,-0.222222222,0.049382716,-0.024691358,5,5,4,4,5,4,4.5,5,4,4,5,4.5,4,5,4,4,4.25,0,5,3,2
161,5,4,4,5,4.333333333,-0.555555556,0.308641975,0.111111111,0.012345679,-0.061728395,4,3,4,4,4,3,3.666666667,4,4,4,4,4,5,5,5,5,5,0,5,3,2
161,6,4,4,6,4.666666667,-0.222222222,0.049382716,-0.555555556,0.308641975,0.12345679,4,4,3,4,3,4,3.666666667,5,6,6,5,5.5,5,5,5,5,5,0,5,3,2
162,1,5,5,5,5,0.611111111,0.37345679,NA,NA,NA,4,4,4,4,5,4,4.166666667,5,5,5,6,5.25,4,4,4,4,4,0,4,2,2
162,2,4,5,5,4.666666667,0.277777778,0.077160494,0.611111111,0.37345679,0.169753086,4,5,4,4,4,5,4.333333333,5,4,4,4,4.25,5,6,5,5,5.25,0,4,2,2
162,3,6,5,4,5,0.611111111,0.37345679,0.277777778,0.077160494,0.169753086,4,4,5,4,5,4,4.333333333,6,5,5,5,5.25,5,6,5,6,5.5,0,4,2,2
162,4,4,3,4,3.666666667,-0.722222222,0.521604938,0.611111111,0.37345679,-0.441358025,4,4,4,4,3,4,3.833333333,4,3,4,4,3.75,5,4,5,4,4.5,0,4,2,2
162,5,4,4,4,4,-0.388888889,0.151234568,-0.722222222,0.521604938,0.280864198,6,4,5,4,5,6,5,4,4,5,5,4.5,5,5,6,6,5.5,0,4,2,2
162,6,4,4,4,4,-0.388888889,0.151234568,-0.388888889,0.151234568,0.151234568,4,4,4,5,4,4,4.166666667,5,5,4,4,4.5,3,4,4,3,3.5,0,4,2,2
163,1,3,4,3,3.333333333,-0.277777778,0.077160494,NA,NA,NA,4,4,4,4,5,4,4.166666667,5,5,6,5,5.25,4,4,3,3,3.5,0,4,2,4
163,2,4,4,4,4,0.388888889,0.151234568,-0.277777778,0.077160494,-0.108024691,5,6,6,5,5,6,5.5,5,5,4,5,4.75,4,4,5,4,4.25,0,4,2,4
163,3,4,3,3,3.333333333,-0.277777778,0.077160494,0.388888889,0.151234568,-0.108024691,6,5,6,5,6,5,5.5,5,5,5,5,5,5,5,5,5,5,0,4,2,4
163,4,4,3,4,3.666666667,0.055555556,0.00308642,-0.277777778,0.077160494,-0.015432099,5,4,4,4,4,4,4.166666667,4,4,4,4,4,4,4,3,4,3.75,0,4,2,4
163,5,4,3,4,3.666666667,0.055555556,0.00308642,0.055555556,0.00308642,0.00308642,4,4,6,4,4,5,4.5,5,4,4,4,4.25,5,4,4,4,4.25,0,4,2,4
163,6,4,3,4,3.666666667,0.055555556,0.00308642,0.055555556,0.00308642,0.00308642,5,4,5,5,5,4,4.666666667,4,4,5,4,4.25,5,6,5,5,5.25,0,4,2,4
164,1,5,5,4,4.666666667,0.111111111,0.012345679,NA,NA,NA,4,5,4,4,4,4,4.166666667,5,5,5,5,5,4,4,4,4,4,0,4,3,2
164,2,4,4,4,4,-0.555555556,0.308641975,0.111111111,0.012345679,-0.061728395,5,5,6,6,6,5,5.5,4,4,4,4,4,5,5,5,5,5,0,4,3,2
164,3,4,5,4,4.333333333,-0.222222222,0.049382716,-0.555555556,0.308641975,0.12345679,6,6,5,6,5,5,5.5,6,5,6,5,5.5,5,5,5,6,5.25,0,4,3,2
164,4,5,5,5,5,0.444444444,0.197530864,-0.222222222,0.049382716,-0.098765432,4,4,4,4,4,4,4,5,5,5,5,5,5,5,4,4,4.5,0,4,3,2
164,5,5,5,4,4.666666667,0.111111111,0.012345679,0.444444444,0.197530864,0.049382716,5,4,4,4,4,4,4.166666667,5,5,5,5,5,4,4,4,4,4,0,4,3,2
164,6,4,5,5,4.666666667,0.111111111,0.012345679,0.111111111,0.012345679,0.012345679,4,4,5,4,4,4,4.166666667,5,5,5,5,5,4,4,4,4,4,0,4,3,2
165,1,5,5,5,5,0.5,0.25,NA,NA,NA,4,4,4,5,4,4,4.166666667,5,5,6,5,5.25,4,4,4,4,4,1,4,3,2
165,2,4,4,5,4.333333333,-0.166666667,0.027777778,0.5,0.25,-0.083333333,6,5,5,5,5,5,5.166666667,4,4,3,4,3.75,4,4,5,5,4.5,1,4,3,2
165,3,4,4,5,4.333333333,-0.166666667,0.027777778,-0.166666667,0.027777778,0.027777778,4,4,4,3,4,4,3.833333333,4,4,4,4,4,5,4,5,4,4.5,1,4,3,2
165,4,5,4,4,4.333333333,-0.166666667,0.027777778,-0.166666667,0.027777778,0.027777778,4,4,4,4,4,4,4,4,4,4,4,4,4,4,5,4,4.25,1,4,3,2
165,5,5,4,5,4.666666667,0.166666667,0.027777778,-0.166666667,0.027777778,-0.027777778,4,4,5,4,5,4,4.333333333,5,5,6,5,5.25,6,5,5,5,5.25,1,4,3,2
165,6,4,4,5,4.333333333,-0.166666667,0.027777778,0.166666667,0.027777778,-0.027777778,5,4,5,4,4,5,4.5,3,4,4,4,3.75,4,4,4,4,4,1,4,3,2
166,1,5,5,5,5,0.388888889,0.151234568,NA,NA,NA,5,4,4,4,4,5,4.333333333,5,5,5,5,5,6,6,5,5,5.5,0,4,2,1
166,2,4,4,5,4.333333333,-0.277777778,0.077160494,0.388888889,0.151234568,-0.108024691,5,5,5,5,6,6,5.333333333,5,4,5,5,4.75,4,5,5,5,4.75,0,4,2,1
166,3,5,4,5,4.666666667,0.055555556,0.00308642,-0.277777778,0.077160494,-0.015432099,5,5,5,5,5,5,5,5,4,5,4,4.5,4,4,4,4,4,0,4,2,1
166,4,5,4,5,4.666666667,0.055555556,0.00308642,0.055555556,0.00308642,0.00308642,6,6,4,6,4,4,5,4,5,5,4,4.5,4,4,4,4,4,0,4,2,1
166,5,4,5,4,4.333333333,-0.277777778,0.077160494,0.055555556,0.00308642,-0.015432099,6,5,5,5,5,5,5.166666667,5,5,5,5,5,5,4,5,4,4.5,0,4,2,1
166,6,4,5,5,4.666666667,0.055555556,0.00308642,-0.277777778,0.077160494,-0.015432099,5,5,5,5,5,5,5,4,5,4,5,4.5,4,4,4,4,4,0,4,2,1
167,1,4,4,4,4,-1.055555556,1.114197531,NA,NA,NA,5,4,4,5,4,4,4.333333333,3,3,3,4,3.25,5,5,4,5,4.75,0,4,1,2
167,2,5,6,5,5.333333333,0.277777778,0.077160494,-1.055555556,1.114197531,-0.293209877,4,5,4,5,4,4,4.333333333,4,4,4,4,4,5,5,6,5,5.25,0,4,1,2
167,3,5,5,6,5.333333333,0.277777778,0.077160494,0.277777778,0.077160494,0.077160494,5,4,4,5,5,5,4.666666667,4,5,4,4,4.25,6,6,5,5,5.5,0,4,1,2
167,4,5,5,5,5,-0.055555556,0.00308642,0.277777778,0.077160494,-0.015432099,6,6,5,5,5,6,5.5,5,5,5,6,5.25,4,4,4,5,4.25,0,4,1,2
167,5,6,5,6,5.666666667,0.611111111,0.37345679,-0.055555556,0.00308642,-0.033950617,5,4,4,4,4,4,4.166666667,5,5,5,6,5.25,4,4,4,4,4,0,4,1,2
167,6,5,5,5,5,-0.055555556,0.00308642,0.611111111,0.37345679,-0.033950617,4,4,5,4,4,5,4.333333333,5,6,5,4,5,5,5,5,5,5,0,4,1,2
168,1,6,6,5,5.666666667,0.388888889,0.151234568,NA,NA,NA,4,5,5,4,4,4,4.333333333,5,5,5,5,5,5,6,6,5,5.5,1,4,2,1
168,2,6,5,6,5.666666667,0.388888889,0.151234568,0.388888889,0.151234568,0.151234568,4,5,4,4,4,4,4.166666667,5,5,5,5,5,4,4,4,4,4,1,4,2,1
168,3,5,6,5,5.333333333,0.055555556,0.00308642,0.388888889,0.151234568,0.021604938,5,4,5,4,5,5,4.666666667,5,4,4,4,4.25,6,5,5,5,5.25,1,4,2,1
168,4,5,5,5,5,-0.277777778,0.077160494,0.055555556,0.00308642,-0.015432099,5,5,5,5,5,5,5,5,5,5,5,5,6,6,5,5,5.5,1,4,2,1
168,5,5,5,5,5,-0.277777778,0.077160494,-0.277777778,0.077160494,0.077160494,5,4,4,4,4,5,4.333333333,6,5,4,5,5,5,5,5,5,5,1,4,2,1
168,6,5,5,5,5,-0.277777778,0.077160494,-0.277777778,0.077160494,0.077160494,4,4,4,5,5,4,4.333333333,6,5,4,5,5,5,5,5,5,5,1,4,2,1
169,1,5,5,5,5,-0.166666667,0.027777778,NA,NA,NA,4,4,5,4,5,4,4.333333333,4,5,4,5,4.5,5,5,5,5,5,0,4,3,3
169,2,5,5,6,5.333333333,0.166666667,0.027777778,-0.166666667,0.027777778,-0.027777778,3,4,4,3,4,3,3.5,6,5,5,5,5.25,6,5,5,5,5.25,0,4,3,3
169,3,5,5,5,5,-0.166666667,0.027777778,0.166666667,0.027777778,-0.027777778,5,5,4,5,4,4,4.5,5,4,4,4,4.25,4,4,4,4,4,0,4,3,3
169,4,5,5,5,5,-0.166666667,0.027777778,-0.166666667,0.027777778,0.027777778,4,6,5,5,6,5,5.166666667,5,4,5,4,4.5,5,5,5,4,4.75,0,4,3,3
169,5,5,5,6,5.333333333,0.166666667,0.027777778,-0.166666667,0.027777778,-0.027777778,4,3,4,4,3,4,3.666666667,5,5,6,5,5.25,5,6,5,5,5.25,0,4,3,3
169,6,6,5,5,5.333333333,0.166666667,0.027777778,0.166666667,0.027777778,0.027777778,4,5,4,5,5,4,4.5,5,5,5,6,5.25,4,4,5,4,4.25,0,4,3,3
170,1,5,5,5,5,-0.222222222,0.049382716,NA,NA,NA,4,4,5,4,5,4,4.333333333,4,3,4,3,3.5,5,5,5,5,5,0,3,2,2
170,2,6,5,5,5.333333333,0.111111111,0.012345679,-0.222222222,0.049382716,-0.024691358,4,5,5,5,4,4,4.5,4,4,5,5,4.5,5,4,4,4,4.25,0,3,2,2
170,3,5,5,5,5,-0.222222222,0.049382716,0.111111111,0.012345679,-0.024691358,5,5,4,4,4,4,4.333333333,6,5,5,5,5.25,5,5,5,5,5,0,3,2,2
170,4,5,6,5,5.333333333,0.111111111,0.012345679,-0.222222222,0.049382716,-0.024691358,4,5,4,4,5,5,4.5,5,5,4,4,4.5,5,4,4,4,4.25,0,3,2,2
170,5,5,6,5,5.333333333,0.111111111,0.012345679,0.111111111,0.012345679,0.012345679,5,6,5,5,6,5,5.333333333,5,5,4,5,4.75,3,4,3,4,3.5,0,3,2,2
170,6,6,5,5,5.333333333,0.111111111,0.012345679,0.111111111,0.012345679,0.012345679,5,6,5,5,5,6,5.333333333,5,4,5,5,4.75,4,3,3,4,3.5,0,3,2,2
171,1,5,5,5,5,0.055555556,0.00308642,NA,NA,NA,4,5,4,5,4,4,4.333333333,5,4,4,5,4.5,5,5,6,5,5.25,1,4,2,1
171,2,5,5,5,5,0.055555556,0.00308642,0.055555556,0.00308642,0.00308642,4,4,5,5,5,5,4.666666667,4,4,4,5,4.25,5,5,5,6,5.25,1,4,2,1
171,3,6,5,5,5.333333333,0.388888889,0.151234568,0.055555556,0.00308642,0.021604938,4,4,4,5,4,5,4.333333333,5,4,5,5,4.75,6,6,5,5,5.5,1,4,2,1
171,4,4,5,4,4.333333333,-0.611111111,0.37345679,0.388888889,0.151234568,-0.237654321,5,4,4,4,5,5,4.5,3,4,4,4,3.75,4,3,4,4,3.75,1,4,2,1
171,5,5,6,5,5.333333333,0.388888889,0.151234568,-0.611111111,0.37345679,-0.237654321,4,4,5,5,5,4,4.5,4,5,5,5,4.75,5,4,4,5,4.5,1,4,2,1
171,6,5,4,5,4.666666667,-0.277777778,0.077160494,0.388888889,0.151234568,-0.108024691,4,4,4,3,3,3,3.5,5,5,5,5,5,5,5,5,6,5.25,1,4,2,1
172,1,6,4,5,5,0.722222222,0.521604938,NA,NA,NA,5,5,4,4,4,4,4.333333333,5,6,5,6,5.5,5,6,5,6,5.5,1,5,2,2
172,2,4,5,6,5,0.722222222,0.521604938,0.722222222,0.521604938,0.521604938,5,6,5,6,5,5,5.333333333,5,5,6,6,5.5,4,4,5,4,4.25,1,5,2,2
172,3,5,4,5,4.666666667,0.388888889,0.151234568,0.722222222,0.521604938,0.280864198,5,5,5,5,5,5,5,5,5,5,5,5,4,4,5,4,4.25,1,5,2,2
172,4,4,4,4,4,-0.277777778,0.077160494,0.388888889,0.151234568,-0.108024691,5,6,5,5,5,6,5.333333333,5,5,5,5,5,5,5,5,4,4.75,1,5,2,2
172,5,3,3,3,3,-1.277777778,1.632716049,-0.277777778,0.077160494,0.354938272,5,5,6,5,5,5,5.166666667,4,3,3,3,3.25,5,4,4,4,4.25,1,5,2,2
172,6,4,4,4,4,-0.277777778,0.077160494,-1.277777778,1.632716049,0.354938272,5,5,5,5,6,5,5.166666667,6,5,5,5,5.25,4,5,4,5,4.5,1,5,2,2
173,1,4,4,4,4,0.222222222,0.049382716,NA,NA,NA,4,5,5,4,4,4,4.333333333,4,4,4,4,4,5,6,5,5,5.25,0,4,2,2
173,2,3,4,4,3.666666667,-0.111111111,0.012345679,0.222222222,0.049382716,-0.024691358,4,3,4,4,4,4,3.833333333,6,4,4,4,4.5,4,4,5,5,4.5,0,4,2,2
173,3,3,3,4,3.333333333,-0.444444444,0.197530864,-0.111111111,0.012345679,0.049382716,5,5,5,5,5,6,5.166666667,5,4,4,4,4.25,4,4,5,4,4.25,0,4,2,2
173,4,4,4,4,4,0.222222222,0.049382716,-0.444444444,0.197530864,-0.098765432,4,5,5,5,5,4,4.666666667,5,6,6,5,5.5,6,5,5,5,5.25,0,4,2,2
173,5,3,4,4,3.666666667,-0.111111111,0.012345679,0.222222222,0.049382716,-0.024691358,4,4,4,3,4,4,3.833333333,4,4,5,5,4.5,4,5,4,5,4.5,0,4,2,2
173,6,4,4,4,4,0.222222222,0.049382716,-0.111111111,0.012345679,-0.024691358,4,4,3,4,4,3,3.666666667,3,4,4,3,3.5,6,5,5,5,5.25,0,4,2,2
174,1,3,4,4,3.666666667,-0.166666667,0.027777778,NA,NA,NA,4,5,4,4,5,4,4.333333333,4,4,5,4,4.25,5,5,5,5,5,1,3,3,3
174,2,4,4,4,4,0.166666667,0.027777778,-0.166666667,0.027777778,-0.027777778,5,5,4,5,5,5,4.833333333,4,6,4,6,5,4,5,5,5,4.75,1,3,3,3
174,3,4,4,4,4,0.166666667,0.027777778,0.166666667,0.027777778,0.027777778,5,6,5,5,6,5,5.333333333,5,5,5,5,5,3,4,4,4,3.75,1,3,3,3
174,4,4,3,3,3.333333333,-0.5,0.25,0.166666667,0.027777778,-0.083333333,6,5,6,5,5,5,5.333333333,5,4,4,4,4.25,4,5,5,4,4.5,1,3,3,3
174,5,4,4,4,4,0.166666667,0.027777778,-0.5,0.25,-0.083333333,6,5,5,5,5,5,5.166666667,5,5,5,5,5,5,5,5,5,5,1,3,3,3
174,6,4,4,4,4,0.166666667,0.027777778,0.166666667,0.027777778,0.027777778,5,6,4,6,5,6,5.333333333,5,5,6,4,5,4,4,4,3,3.75,1,3,3,3
175,1,3,4,4,3.666666667,-0.444444444,0.197530864,NA,NA,NA,4,4,5,4,4,5,4.333333333,4,4,5,4,4.25,5,4,5,5,4.75,0,4,2,3
175,2,4,4,3,3.666666667,-0.444444444,0.197530864,-0.444444444,0.197530864,0.197530864,5,5,4,4,5,4,4.5,4,4,4,5,4.25,4,4,3,4,3.75,0,4,2,3
175,3,4,5,4,4.333333333,0.222222222,0.049382716,-0.444444444,0.197530864,-0.098765432,5,5,4,5,4,5,4.666666667,6,6,6,4,5.5,6,5,5,5,5.25,0,4,2,3
175,4,5,4,5,4.666666667,0.555555556,0.308641975,0.222222222,0.049382716,0.12345679,4,3,4,3,4,4,3.666666667,5,5,5,6,5.25,5,6,5,5,5.25,0,4,2,3
175,5,4,4,4,4,-0.111111111,0.012345679,0.555555556,0.308641975,-0.061728395,4,4,4,3,4,4,3.833333333,4,5,5,5,4.75,5,4,4,5,4.5,0,4,2,3
175,6,4,5,4,4.333333333,0.222222222,0.049382716,-0.111111111,0.012345679,-0.024691358,5,4,5,6,5,6,5.166666667,4,4,3,3,3.5,5,5,5,5,5,0,4,2,3
176,1,4,5,4,4.333333333,-0.111111111,0.012345679,NA,NA,NA,4,4,4,4,5,5,4.333333333,4,4,6,4,4.5,5,5,5,5,5,0,5,3,3
176,2,5,4,4,4.333333333,-0.111111111,0.012345679,-0.111111111,0.012345679,0.012345679,4,4,3,4,4,4,3.833333333,4,5,4,5,4.5,4,5,4,5,4.5,0,5,3,3
176,3,4,5,4,4.333333333,-0.111111111,0.012345679,-0.111111111,0.012345679,0.012345679,4,4,4,3,4,4,3.833333333,5,4,4,5,4.5,5,5,4,4,4.5,0,5,3,3
176,4,4,4,4,4,-0.444444444,0.197530864,-0.111111111,0.012345679,0.049382716,5,4,4,4,4,4,4.166666667,5,4,4,4,4.25,3,3,3,3,3,0,5,3,3
176,5,5,5,4,4.666666667,0.222222222,0.049382716,-0.444444444,0.197530864,-0.098765432,3,3,4,4,4,4,3.666666667,6,6,5,5,5.5,5,5,6,5,5.25,0,5,3,3
176,6,5,5,5,5,0.555555556,0.308641975,0.222222222,0.049382716,0.12345679,3,3,3,4,4,4,3.5,5,6,5,5,5.25,5,5,6,5,5.25,0,5,3,3
177,1,4,5,5,4.666666667,0.111111111,0.012345679,NA,NA,NA,4,4,4,4,5,5,4.333333333,5,5,5,5,5,6,5,5,5,5.25,0,3,2,1
177,2,4,5,4,4.333333333,-0.222222222,0.049382716,0.111111111,0.012345679,-0.024691358,6,5,6,5,4,5,5.166666667,5,6,5,5,5.25,4,5,4,5,4.5,0,3,2,1
177,3,4,5,5,4.666666667,0.111111111,0.012345679,-0.222222222,0.049382716,-0.024691358,5,4,5,5,4,6,4.833333333,5,5,5,5,5,5,5,5,4,4.75,0,3,2,1
177,4,4,5,5,4.666666667,0.111111111,0.012345679,0.111111111,0.012345679,0.012345679,4,4,4,5,4,4,4.166666667,5,5,5,5,5,4,4,4,4,4,0,3,2,1
177,5,4,5,4,4.333333333,-0.222222222,0.049382716,0.111111111,0.012345679,-0.024691358,5,6,6,5,5,5,5.333333333,5,5,5,6,5.25,5,5,5,5,5,0,3,2,1
177,6,4,5,5,4.666666667,0.111111111,0.012345679,-0.222222222,0.049382716,-0.024691358,5,5,5,5,4,5,4.833333333,5,5,5,5,5,4,5,5,5,4.75,0,3,2,1
178,1,4,5,4,4.333333333,0.055555556,0.00308642,NA,NA,NA,5,4,4,4,5,4,4.333333333,5,5,4,4,4.5,5,6,5,5,5.25,0,4,2,2
178,2,4,5,4,4.333333333,0.055555556,0.00308642,0.055555556,0.00308642,0.00308642,5,5,4,5,4,5,4.666666667,4,4,4,5,4.25,6,5,5,5,5.25,0,4,2,2
178,3,4,4,4,4,-0.277777778,0.077160494,0.055555556,0.00308642,-0.015432099,5,5,5,5,5,5,5,5,5,5,5,5,5,5,6,6,5.5,0,4,2,2
178,4,4,5,4,4.333333333,0.055555556,0.00308642,-0.277777778,0.077160494,-0.015432099,4,4,4,5,4,4,4.166666667,4,4,4,4,4,4,4,4,3,3.75,0,4,2,2
178,5,4,5,4,4.333333333,0.055555556,0.00308642,0.055555556,0.00308642,0.00308642,5,5,4,5,5,4,4.666666667,4,5,4,4,4.25,5,5,6,5,5.25,0,4,2,2
178,6,4,4,5,4.333333333,0.055555556,0.00308642,0.055555556,0.00308642,0.00308642,5,4,5,4,5,5,4.666666667,4,4,4,5,4.25,5,5,5,6,5.25,0,4,2,2
179,1,5,5,5,5,-0.222222222,0.049382716,NA,NA,NA,4,4,4,5,5,4,4.333333333,3,4,4,3,3.5,5,5,5,5,5,0,5,2,3
179,2,5,5,6,5.333333333,0.111111111,0.012345679,-0.222222222,0.049382716,-0.024691358,4,5,5,4,4,5,4.5,5,4,5,4,4.5,5,4,4,4,4.25,0,5,2,3
179,3,5,5,5,5,-0.222222222,0.049382716,0.111111111,0.012345679,-0.024691358,4,5,4,4,5,4,4.333333333,5,5,5,6,5.25,5,5,5,5,5,0,5,2,3
179,4,5,6,5,5.333333333,0.111111111,0.012345679,-0.222222222,0.049382716,-0.024691358,4,6,4,5,4,4,4.5,5,4,4,5,4.5,4,4,4,5,4.25,0,5,2,3
179,5,6,5,5,5.333333333,0.111111111,0.012345679,0.111111111,0.012345679,0.012345679,6,5,5,6,5,5,5.333333333,5,5,5,4,4.75,3,4,4,3,3.5,0,5,2,3
179,6,6,5,5,5.333333333,0.111111111,0.012345679,0.111111111,0.012345679,0.012345679,5,6,6,5,6,4,5.333333333,5,5,4,5,4.75,4,4,3,3,3.5,0,5,2,3
180,1,5,5,5,5,-0.055555556,0.00308642,NA,NA,NA,5,4,4,4,5,4,4.333333333,6,4,5,6,5.25,5,5,5,5,5,0,4,3,3
180,2,5,5,5,5,-0.055555556,0.00308642,-0.055555556,0.00308642,0.00308642,4,3,3,4,4,4,3.666666667,6,5,5,5,5.25,5,5,5,5,5,0,4,3,3
180,3,5,5,6,5.333333333,0.277777778,0.077160494,-0.055555556,0.00308642,-0.015432099,4,4,5,4,5,4,4.333333333,4,4,4,5,4.25,5,6,5,5,5.25,0,4,3,3
180,4,5,5,5,5,-0.055555556,0.00308642,0.277777778,0.077160494,-0.015432099,6,5,5,5,6,6,5.5,5,6,5,5,5.25,4,5,5,4,4.5,0,4,3,3
180,5,5,5,5,5,-0.055555556,0.00308642,-0.055555556,0.00308642,0.00308642,4,3,4,3,4,4,3.666666667,5,5,6,5,5.25,5,5,5,5,5,0,4,3,3
180,6,5,5,5,5,-0.055555556,0.00308642,-0.055555556,0.00308642,0.00308642,4,4,3,4,4,3,3.666666667,5,5,5,6,5.25,5,5,5,5,5,0,4,3,3
181,1,5,5,6,5.333333333,0.277777778,0.077160494,NA,NA,NA,4,4,4,5,5,4,4.333333333,4,4,4,5,4.25,4,6,5,6,5.25,0,5,2,1
181,2,5,5,5,5,-0.055555556,0.00308642,0.277777778,0.077160494,-0.015432099,5,6,6,5,5,6,5.5,5,6,5,5,5.25,4,5,5,4,4.5,0,5,2,1
181,3,5,5,5,5,-0.055555556,0.00308642,-0.055555556,0.00308642,0.00308642,4,4,4,4,4,3,3.833333333,6,5,5,5,5.25,4,5,4,5,4.5,0,5,2,1
181,4,5,5,5,5,-0.055555556,0.00308642,-0.055555556,0.00308642,0.00308642,4,4,4,4,3,4,3.833333333,6,5,5,5,5.25,5,4,4,5,4.5,0,5,2,1
181,5,5,5,5,5,-0.055555556,0.00308642,-0.055555556,0.00308642,0.00308642,4,4,4,4,4,4,4,5,5,5,6,5.25,4,4,5,4,4.25,0,5,2,1
181,6,5,5,5,5,-0.055555556,0.00308642,-0.055555556,0.00308642,0.00308642,4,4,4,4,4,4,4,5,5,5,6,5.25,4,5,4,4,4.25,0,5,2,1
182,1,5,5,5,5,0.166666667,0.027777778,NA,NA,NA,4,4,5,5,5,4,4.5,5,6,5,6,5.5,5,5,4,4,4.5,0,3,2,4
182,2,5,6,5,5.333333333,0.5,0.25,0.166666667,0.027777778,0.083333333,6,5,4,6,4,5,5,5,6,5,5,5.25,5,4,4,5,4.5,0,3,2,4
182,3,5,5,6,5.333333333,0.5,0.25,0.5,0.25,0.25,6,5,4,5,4,5,4.833333333,5,5,6,5,5.25,5,5,5,5,5,0,3,2,4
182,4,5,6,5,5.333333333,0.5,0.25,0.5,0.25,0.25,5,5,5,5,5,5,5,5,6,5,5,5.25,5,4,5,4,4.5,0,3,2,4
182,5,4,4,4,4,-0.833333333,0.694444444,0.5,0.25,-0.416666667,4,4,4,4,4,4,4,3,3,4,4,3.5,4,4,4,4,4,0,3,2,4
182,6,4,4,4,4,-0.833333333,0.694444444,-0.833333333,0.694444444,0.694444444,6,5,5,5,5,6,5.333333333,4,4,3,3,3.5,4,5,4,4,4.25,0,3,2,4
183,1,4,5,5,4.666666667,-0.055555556,0.00308642,NA,NA,NA,5,4,4,5,5,4,4.5,4,6,6,5,5.25,4,4,5,4,4.25,0,5,2,4
183,2,5,5,4,4.666666667,-0.055555556,0.00308642,-0.055555556,0.00308642,0.00308642,4,4,4,4,4,4,4,5,6,5,5,5.25,4,5,4,4,4.25,0,5,2,4
183,3,4,6,4,4.666666667,-0.055555556,0.00308642,-0.055555556,0.00308642,0.00308642,4,4,4,4,4,4,4,6,5,5,5,5.25,4,5,4,4,4.25,0,5,2,4
183,4,4,5,4,4.333333333,-0.388888889,0.151234568,-0.055555556,0.00308642,0.021604938,5,4,5,4,4,4,4.333333333,4,5,4,5,4.5,6,5,4,4,4.75,0,5,2,4
183,5,5,4,6,5,0.277777778,0.077160494,-0.388888889,0.151234568,-0.108024691,4,5,4,5,5,4,4.5,4,4,4,4,4,4,4,5,5,4.5,0,5,2,4
183,6,6,4,5,5,0.277777778,0.077160494,0.277777778,0.077160494,0.077160494,5,5,4,4,5,5,4.666666667,4,5,4,4,4.25,6,5,6,5,5.5,0,5,2,4
184,1,5,4,5,4.666666667,0.722222222,0.521604938,NA,NA,NA,4,5,4,5,5,4,4.5,6,5,6,5,5.5,5,5,5,4,4.75,1,4,3,3
184,2,6,4,5,5,1.055555556,1.114197531,0.722222222,0.521604938,0.762345679,6,5,6,5,5,6,5.5,6,5,5,6,5.5,4,5,4,4,4.25,1,4,3,3
184,3,3,3,4,3.333333333,-0.611111111,0.37345679,1.055555556,1.114197531,-0.645061728,3,4,4,4,4,3,3.666666667,4,4,4,4,4,5,5,5,5,5,1,4,3,3
184,4,4,4,4,4,0.055555556,0.00308642,-0.611111111,0.37345679,-0.033950617,5,4,5,4,4,4,4.333333333,4,4,4,4,4,6,6,4,4,5,1,4,3,3
184,5,4,4,3,3.666666667,-0.277777778,0.077160494,0.055555556,0.00308642,-0.015432099,4,3,3,4,4,4,3.666666667,4,4,5,6,4.75,5,5,5,5,5,1,4,3,3
184,6,3,3,3,3,-0.944444444,0.891975309,-0.277777778,0.077160494,0.262345679,5,5,5,5,5,5,5,3,4,3,4,3.5,5,6,5,5,5.25,1,4,3,3
185,1,4,4,4,4,0.333333333,0.111111111,NA,NA,NA,4,5,5,4,4,5,4.5,4,4,5,5,4.5,5,5,4,4,4.5,0,4,3,1
185,2,3,4,4,3.666666667,0,0,0.333333333,0.111111111,0,5,5,6,6,5,5,5.333333333,4,4,4,3,3.75,5,5,4,5,4.75,0,4,3,1
185,3,4,4,4,4,0.333333333,0.111111111,0,0,0,5,4,5,5,4,5,4.666666667,4,5,4,5,4.5,5,6,5,6,5.5,0,4,3,1
185,4,4,3,4,3.666666667,0,0,0.333333333,0.111111111,0,5,5,5,6,6,5,5.333333333,4,3,4,4,3.75,6,4,4,5,4.75,0,4,3,1
185,5,3,3,4,3.333333333,-0.333333333,0.111111111,0,0,0,4,4,5,4,5,6,4.666666667,5,4,5,4,4.5,5,5,5,5,5,0,4,3,1
185,6,3,3,4,3.333333333,-0.333333333,0.111111111,-0.333333333,0.111111111,0.111111111,4,6,5,6,5,5,5.166666667,4,5,5,5,4.75,4,5,4,4,4.25,0,4,3,1
186,1,4,4,4,4,-0.055555556,0.00308642,NA,NA,NA,4,5,4,5,4,5,4.5,6,5,5,5,5.25,5,4,4,4,4.25,1,3,2,3
186,2,4,3,4,3.666666667,-0.388888889,0.151234568,-0.055555556,0.00308642,0.021604938,4,5,5,4,4,4,4.333333333,5,5,4,4,4.5,5,5,4,5,4.75,1,3,2,3
186,3,4,4,4,4,-0.055555556,0.00308642,-0.388888889,0.151234568,0.021604938,5,4,4,5,4,4,4.333333333,5,5,5,6,5.25,5,5,5,5,5,1,3,2,3
186,4,4,4,4,4,-0.055555556,0.00308642,-0.055555556,0.00308642,0.00308642,4,4,4,4,4,4,4,5,5,5,6,5.25,4,4,5,4,4.25,1,3,2,3
186,5,5,4,4,4.333333333,0.277777778,0.077160494,-0.055555556,0.00308642,-0.015432099,4,4,5,5,4,5,4.5,5,4,4,4,4.25,5,5,4,4,4.5,1,3,2,3
186,6,5,4,4,4.333333333,0.277777778,0.077160494,0.277777778,0.077160494,0.077160494,5,5,5,5,4,4,4.666666667,5,4,4,4,4.25,5,6,6,5,5.5,1,3,2,3
187,1,5,5,4,4.666666667,0.277777778,0.077160494,NA,NA,NA,4,5,5,4,5,4,4.5,5,4,4,4,4.25,5,4,5,4,4.5,0,5,2,3
187,2,5,4,4,4.333333333,-0.055555556,0.00308642,0.277777778,0.077160494,-0.015432099,5,6,5,6,4,5,5.166666667,5,5,5,5,5,5,5,5,5,5,0,5,2,3
187,3,5,4,5,4.666666667,0.277777778,0.077160494,-0.055555556,0.00308642,-0.015432099,5,5,5,5,6,5,5.166666667,5,4,4,4,4.25,6,5,4,5,5,0,5,2,3
187,4,4,4,4,4,-0.388888889,0.151234568,0.277777778,0.077160494,-0.108024691,5,5,5,5,5,5,5,4,4,4,5,4.25,6,5,5,5,5.25,0,5,2,3
187,5,5,5,4,4.666666667,0.277777778,0.077160494,-0.388888889,0.151234568,-0.108024691,4,5,5,5,4,4,4.5,4,4,4,4,4,4,5,5,4,4.5,0,5,2,3
187,6,4,4,4,4,-0.388888889,0.151234568,0.277777778,0.077160494,-0.108024691,5,5,5,5,5,5,5,4,4,4,5,4.25,6,6,5,4,5.25,0,5,2,3
188,1,5,5,5,5,0.555555556,0.308641975,NA,NA,NA,5,4,5,5,4,4,4.5,5,5,6,5,5.25,5,5,5,4,4.75,0,3,2,1
188,2,4,4,4,4,-0.444444444,0.197530864,0.555555556,0.308641975,-0.24691358,5,5,5,4,4,4,4.5,4,5,4,4,4.25,4,4,4,3,3.75,0,3,2,1
188,3,4,4,4,4,-0.444444444,0.197530864,-0.444444444,0.197530864,0.197530864,5,4,5,4,5,4,4.5,4,5,4,4,4.25,4,4,3,4,3.75,0,3,2,1
188,4,4,5,4,4.333333333,-0.111111111,0.012345679,-0.444444444,0.197530864,0.049382716,4,4,4,3,4,4,3.833333333,5,5,4,4,4.5,4,5,5,4,4.5,0,3,2,1
188,5,5,4,5,4.666666667,0.222222222,0.049382716,-0.111111111,0.012345679,-0.024691358,5,5,5,5,5,5,5,4,3,3,3,3.25,4,5,4,4,4.25,0,3,2,1
188,6,5,5,4,4.666666667,0.222222222,0.049382716,0.222222222,0.049382716,0.049382716,3,3,4,4,4,4,3.666666667,4,3,4,4,3.75,5,6,5,5,5.25,0,3,2,1
189,1,5,5,4,4.666666667,-0.388888889,0.151234568,NA,NA,NA,4,4,5,5,4,5,4.5,4,5,5,4,4.5,4,4,3,4,3.75,0,4,2,3
189,2,5,6,5,5.333333333,0.277777778,0.077160494,-0.388888889,0.151234568,-0.108024691,6,6,6,5,6,5,5.666666667,4,4,4,4,4,4,5,5,4,4.5,0,4,2,3
189,3,5,5,5,5,-0.055555556,0.00308642,0.277777778,0.077160494,-0.015432099,6,6,5,6,5,5,5.5,5,5,5,6,5.25,5,4,4,5,4.5,0,4,2,3
189,4,5,5,6,5.333333333,0.277777778,0.077160494,-0.055555556,0.00308642,-0.015432099,5,4,5,4,5,4,4.5,5,4,4,4,4.25,5,4,4,5,4.5,0,4,2,3
189,5,5,5,5,5,-0.055555556,0.00308642,0.277777778,0.077160494,-0.015432099,6,5,5,5,6,6,5.5,5,5,6,5,5.25,5,5,5,4,4.75,0,4,2,3
189,6,5,5,5,5,-0.055555556,0.00308642,-0.055555556,0.00308642,0.00308642,4,4,4,5,4,4,4.166666667,5,6,5,5,5.25,4,4,3,4,3.75,0,4,2,3
190,1,6,5,6,5.666666667,0.388888889,0.151234568,NA,NA,NA,4,5,4,5,5,4,4.5,5,5,5,5,5,5,4,5,5,4.75,0,4,3,3
190,2,5,6,5,5.333333333,0.055555556,0.00308642,0.388888889,0.151234568,0.021604938,5,5,5,5,4,4,4.666666667,4,4,5,4,4.25,5,5,6,5,5.25,0,4,3,3
190,3,5,5,5,5,-0.277777778,0.077160494,0.055555556,0.00308642,-0.015432099,5,5,5,5,5,5,5,5,5,5,5,5,5,6,5,6,5.5,0,4,3,3
190,4,6,5,5,5.333333333,0.055555556,0.00308642,-0.277777778,0.077160494,-0.015432099,4,5,4,4,4,4,4.166666667,4,4,4,4,4,4,4,3,4,3.75,0,4,3,3
190,5,5,5,5,5,-0.277777778,0.077160494,0.055555556,0.00308642,-0.015432099,5,5,5,5,5,5,5,5,5,5,5,5,6,6,5,5,5.5,0,4,3,3
190,6,5,6,5,5.333333333,0.055555556,0.00308642,-0.277777778,0.077160494,-0.015432099,4,4,4,4,4,5,4.166666667,4,4,4,4,4,4,4,4,4,4,0,4,3,3
191,1,5,5,5,5,-0.111111111,0.012345679,NA,NA,NA,4,4,5,5,4,5,4.5,5,5,5,5,5,5,4,4,4,4.25,0,4,2,3
191,2,5,5,6,5.333333333,0.222222222,0.049382716,-0.111111111,0.012345679,-0.024691358,5,5,5,6,5,5,5.166666667,4,3,4,3,3.5,5,5,5,5,5,0,4,2,3
191,3,5,5,5,5,-0.111111111,0.012345679,0.222222222,0.049382716,-0.024691358,5,5,5,5,5,4,4.833333333,5,5,4,5,4.75,5,4,4,5,4.5,0,4,2,3
191,4,5,5,5,5,-0.111111111,0.012345679,-0.111111111,0.012345679,0.012345679,5,5,5,5,5,6,5.166666667,5,5,5,5,5,5,5,5,4,4.75,0,4,2,3
191,5,5,6,5,5.333333333,0.222222222,0.049382716,-0.111111111,0.012345679,-0.024691358,5,5,6,6,5,5,5.333333333,4,3,3,4,3.5,4,4,3,4,3.75,0,4,2,3
191,6,5,5,5,5,-0.111111111,0.012345679,0.222222222,0.049382716,-0.024691358,5,6,5,5,4,4,4.833333333,4,5,5,5,4.75,4,4,5,5,4.5,0,4,2,3
192,1,5,6,5,5.333333333,0.111111111,0.012345679,NA,NA,NA,5,4,5,4,5,4,4.5,5,5,4,5,4.75,4,4,5,4,4.25,0,4,2,2
192,2,5,5,5,5,-0.222222222,0.049382716,0.111111111,0.012345679,-0.024691358,4,4,5,4,5,4,4.333333333,5,6,5,5,5.25,5,5,5,5,5,0,4,2,2
192,3,6,6,5,5.666666667,0.444444444,0.197530864,-0.222222222,0.049382716,-0.098765432,4,4,4,4,5,4,4.166666667,5,5,5,5,5,4,4,4,4,4,0,4,2,2
192,4,5,6,5,5.333333333,0.111111111,0.012345679,0.444444444,0.197530864,0.049382716,5,5,5,5,5,5,5,5,5,5,4,4.75,4,4,4,4,4,0,4,2,2
192,5,6,4,4,4.666666667,-0.555555556,0.308641975,0.111111111,0.012345679,-0.061728395,4,4,4,4,4,5,4.166666667,4,4,4,4,4,5,6,6,6,5.75,0,4,2,2
192,6,5,6,5,5.333333333,0.111111111,0.012345679,-0.555555556,0.308641975,-0.061728395,4,4,4,4,4,4,4,4,4,5,5,4.5,5,4,4,4,4.25,0,4,2,2
193,1,4,5,4,4.333333333,-0.388888889,0.151234568,NA,NA,NA,4,4,5,5,4,5,4.5,5,5,4,4,4.5,4,3,4,4,3.75,0,4,1,2
193,2,4,4,6,4.666666667,-0.055555556,0.00308642,-0.388888889,0.151234568,0.021604938,4,5,4,5,4,4,4.333333333,6,5,5,5,5.25,5,5,5,5,5,0,4,1,2
193,3,6,5,5,5.333333333,0.611111111,0.37345679,-0.055555556,0.00308642,-0.033950617,4,5,4,4,5,4,4.333333333,6,5,5,5,5.25,6,5,5,6,5.5,0,4,1,2
193,4,6,5,4,5,0.277777778,0.077160494,0.611111111,0.37345679,0.169753086,4,5,4,4,4,5,4.333333333,5,4,4,4,4.25,6,6,4,5,5.25,0,4,1,2
193,5,5,6,4,5,0.277777778,0.077160494,0.277777778,0.077160494,0.077160494,4,5,5,4,5,5,4.666666667,4,5,4,4,4.25,5,5,6,6,5.5,0,4,1,2
193,6,4,4,4,4,-0.722222222,0.521604938,0.277777778,0.077160494,-0.200617284,5,5,5,5,5,5,5,3,4,4,4,3.75,5,5,6,5,5.25,0,4,1,2
194,1,4,4,4,4,0.222222222,0.049382716,NA,NA,NA,4,4,5,5,5,4,4.5,4,4,4,4,4,4,5,4,5,4.5,0,4,2,3
194,2,4,4,4,4,0.222222222,0.049382716,0.222222222,0.049382716,0.049382716,4,3,4,3,4,4,3.666666667,4,4,3,4,3.75,5,5,5,6,5.25,0,4,2,3
194,3,4,3,4,3.666666667,-0.111111111,0.012345679,0.222222222,0.049382716,-0.024691358,3,4,4,4,4,4,3.833333333,4,4,5,5,4.5,5,5,4,4,4.5,0,4,2,3
194,4,4,4,4,4,0.222222222,0.049382716,-0.111111111,0.012345679,-0.024691358,4,4,3,3,4,4,3.666666667,4,4,3,3,3.5,6,5,5,5,5.25,0,4,2,3
194,5,3,4,3,3.333333333,-0.444444444,0.197530864,0.222222222,0.049382716,-0.098765432,5,4,4,5,5,5,4.666666667,4,4,4,5,4.25,5,5,5,5,5,0,4,2,3
194,6,3,4,4,3.666666667,-0.111111111,0.012345679,-0.444444444,0.197530864,0.049382716,6,4,6,5,4,5,5,5,5,5,4,4.75,3,4,3,3,3.25,0,4,2,3
195,1,3,4,4,3.666666667,-0.611111111,0.37345679,NA,NA,NA,4,5,5,4,4,5,4.5,4,4,4,4,4,4,3,4,4,3.75,0,3,2,2
195,2,5,5,4,4.666666667,0.388888889,0.151234568,-0.611111111,0.37345679,-0.237654321,4,4,5,4,5,5,4.5,5,4,5,5,4.75,5,4,4,5,4.5,0,3,2,2
195,3,4,4,5,4.333333333,0.055555556,0.00308642,0.388888889,0.151234568,0.021604938,5,4,5,5,5,4,4.666666667,5,4,4,4,4.25,5,6,5,5,5.25,0,3,2,2
195,4,5,4,5,4.666666667,0.388888889,0.151234568,0.055555556,0.00308642,0.021604938,5,5,4,4,4,5,4.5,5,5,5,5,5,4,5,5,5,4.75,0,3,2,2
195,5,4,4,5,4.333333333,0.055555556,0.00308642,0.388888889,0.151234568,0.021604938,6,5,4,4,4,5,4.666666667,4,4,4,5,4.25,5,5,6,5,5.25,0,3,2,2
195,6,4,4,4,4,-0.277777778,0.077160494,0.055555556,0.00308642,-0.015432099,5,5,5,5,5,5,5,5,5,5,5,5,6,6,5,5,5.5,0,3,2,2
196,1,4,4,5,4.333333333,-0.055555556,0.00308642,NA,NA,NA,4,4,4,5,5,5,4.5,5,5,5,5,5,4,4,5,4,4.25,0,4,2,1
196,2,4,4,5,4.333333333,-0.055555556,0.00308642,-0.055555556,0.00308642,0.00308642,5,5,5,5,5,5,5,5,5,5,5,5,3,4,4,3,3.5,0,4,2,1
196,3,5,5,4,4.666666667,0.277777778,0.077160494,-0.055555556,0.00308642,-0.015432099,5,5,5,5,6,5,5.166666667,5,4,4,4,4.25,5,6,5,4,5,0,4,2,1
196,4,5,5,4,4.666666667,0.277777778,0.077160494,0.277777778,0.077160494,0.077160494,5,5,4,5,4,5,4.666666667,5,4,4,4,4.25,5,6,5,6,5.5,0,4,2,1
196,5,4,4,4,4,-0.388888889,0.151234568,0.277777778,0.077160494,-0.108024691,5,5,6,5,5,4,5,4,4,4,5,4.25,6,6,4,5,5.25,0,4,2,1
196,6,4,5,4,4.333333333,-0.055555556,0.00308642,-0.388888889,0.151234568,0.021604938,4,6,4,6,6,4,5,5,5,5,5,5,4,3,4,4,3.75,0,4,2,1
197,1,5,5,4,4.666666667,0,0,NA,NA,NA,5,5,5,5,4,4,4.666666667,4,4,4,4,4,6,5,5,5,5.25,0,4,3,1
197,2,5,4,4,4.333333333,-0.333333333,0.111111111,0,0,0,5,5,4,5,5,5,4.833333333,4,4,5,5,4.5,4,5,5,4,4.5,0,4,3,1
197,3,5,5,5,5,0.333333333,0.111111111,-0.333333333,0.111111111,-0.111111111,5,5,6,5,5,5,5.166666667,4,4,5,5,4.5,5,5,6,5,5.25,0,4,3,1
197,4,4,5,5,4.666666667,0,0,0.333333333,0.111111111,0,5,5,5,5,5,6,5.166666667,3,4,4,4,3.75,5,5,5,5,5,0,4,3,1
197,5,5,5,4,4.666666667,0,0,0,0,0,5,5,5,5,4,5,4.833333333,3,4,4,3,3.5,5,5,4,4,4.5,0,4,3,1
197,6,5,5,4,4.666666667,0,0,0,0,0,4,4,6,5,5,5,4.833333333,3,4,4,3,3.5,6,4,4,4,4.5,0,4,3,1
198,1,5,4,5,4.666666667,0.111111111,0.012345679,NA,NA,NA,5,5,4,5,4,5,4.666666667,5,5,5,5,5,5,6,5,5,5.25,1,5,1,3
198,2,4,5,5,4.666666667,0.111111111,0.012345679,0.111111111,0.012345679,0.012345679,4,5,4,4,4,4,4.166666667,5,5,5,5,5,4,4,4,4,4,1,5,1,3
198,3,4,4,5,4.333333333,-0.222222222,0.049382716,0.111111111,0.012345679,-0.024691358,6,5,6,5,5,5,5.333333333,6,5,5,5,5.25,5,5,5,5,5,1,5,1,3
198,4,5,4,5,4.666666667,0.111111111,0.012345679,-0.222222222,0.049382716,-0.024691358,5,6,5,5,4,4,4.833333333,5,5,5,5,5,5,5,4,5,4.75,1,5,1,3
198,5,4,4,4,4,-0.555555556,0.308641975,0.111111111,0.012345679,-0.061728395,6,5,6,5,5,6,5.5,4,4,4,4,4,5,5,5,5,5,1,5,1,3
198,6,5,5,5,5,0.444444444,0.197530864,-0.555555556,0.308641975,-0.24691358,4,5,4,4,5,4,4.333333333,5,5,5,5,5,6,5,5,6,5.5,1,5,1,3
199,1,6,6,6,6,0.722222222,0.521604938,NA,NA,NA,4,5,5,4,5,5,4.666666667,6,5,5,6,5.5,3,4,4,4,3.75,0,5,2,3
199,2,5,5,5,5,-0.277777778,0.077160494,0.722222222,0.521604938,-0.200617284,5,5,5,5,5,5,5,5,4,6,4,4.75,5,6,6,5,5.5,0,5,2,3
199,3,5,5,5,5,-0.277777778,0.077160494,-0.277777778,0.077160494,0.077160494,4,5,5,4,4,4,4.333333333,5,5,6,4,5,5,5,5,5,5,0,5,2,3
199,4,5,6,5,5.333333333,0.055555556,0.00308642,-0.277777778,0.077160494,-0.015432099,4,4,4,4,5,5,4.333333333,4,4,4,4,4,5,5,4,6,5,0,5,2,3
199,5,5,5,5,5,-0.277777778,0.077160494,0.055555556,0.00308642,-0.015432099,5,5,5,5,5,5,5,5,5,5,5,5,5,6,5,6,5.5,0,5,2,3
199,6,5,5,6,5.333333333,0.055555556,0.00308642,-0.277777778,0.077160494,-0.015432099,5,4,5,4,4,4,4.333333333,4,4,4,4,4,4,4,6,6,5,0,5,2,3
200,1,5,6,6,5.666666667,0.444444444,0.197530864,NA,NA,NA,4,5,5,4,5,5,4.666666667,4,6,5,5,5,3,3,4,4,3.5,1,3,1,4
200,2,5,5,5,5,-0.222222222,0.049382716,0.444444444,0.197530864,-0.098765432,5,5,4,5,4,4,4.5,5,5,5,6,5.25,4,4,4,4,4,1,3,1,4
200,3,5,6,5,5.333333333,0.111111111,0.012345679,-0.222222222,0.049382716,-0.024691358,5,5,4,4,5,5,4.666666667,5,5,4,4,4.5,5,5,5,6,5.25,1,3,1,4
200,4,5,5,6,5.333333333,0.111111111,0.012345679,0.111111111,0.012345679,0.012345679,5,6,6,6,5,5,5.5,5,4,5,5,4.75,5,5,5,6,5.25,1,3,1,4
200,5,5,5,5,5,-0.222222222,0.049382716,0.111111111,0.012345679,-0.024691358,5,4,4,5,4,4,4.333333333,5,5,5,6,5.25,5,5,5,5,5,1,3,1,4
200,6,5,5,5,5,-0.222222222,0.049382716,-0.222222222,0.049382716,0.049382716,5,5,6,6,5,5,5.333333333,5,6,6,5,5.5,5,5,6,5,5.25,1,3,1,4
201,1,5,5,5,5,0.111111111,0.012345679,NA,NA,NA,4,4,5,5,5,5,4.666666667,5,5,5,5,5,6,5,5,5,5.25,0,4,2,2
201,2,5,5,5,5,0.111111111,0.012345679,0.111111111,0.012345679,0.012345679,5,6,5,5,6,6,5.5,4,5,5,5,4.75,5,6,5,5,5.25,0,4,2,2
201,3,5,5,6,5.333333333,0.444444444,0.197530864,0.111111111,0.012345679,0.049382716,5,5,5,4,4,5,4.666666667,5,5,5,5,5,3,4,4,3,3.5,0,4,2,2
201,4,5,5,6,5.333333333,0.444444444,0.197530864,0.444444444,0.197530864,0.197530864,4,5,4,4,4,5,4.333333333,5,5,5,5,5,5,5,6,6,5.5,0,4,2,2
201,5,4,4,4,4,-0.888888889,0.790123457,0.444444444,0.197530864,-0.395061728,5,4,4,4,4,4,4.166666667,3,4,3,4,3.5,4,6,6,6,5.5,0,4,2,2
201,6,4,4,6,4.666666667,-0.222222222,0.049382716,-0.888888889,0.790123457,0.197530864,5,4,4,5,4,5,4.5,6,5,5,6,5.5,4,4,4,4,4,0,4,2,2
202,1,5,6,4,5,0,0,NA,NA,NA,4,5,5,5,4,5,4.666666667,4,4,4,4,4,5,5,5,6,5.25,0,5,2,2
202,2,4,6,4,4.666666667,-0.333333333,0.111111111,0,0,0,4,5,5,5,6,4,4.833333333,4,6,4,4,4.5,5,5,4,4,4.5,0,5,2,2
202,3,6,4,6,5.333333333,0.333333333,0.111111111,-0.333333333,0.111111111,-0.111111111,4,4,5,4,5,4,4.333333333,4,5,5,4,4.5,5,6,5,5,5.25,0,5,2,2
202,4,4,5,5,4.666666667,-0.333333333,0.111111111,0.333333333,0.111111111,-0.111111111,4,4,4,4,5,5,4.333333333,5,5,4,4,4.5,5,5,5,5,5,0,5,2,2
202,5,6,5,4,5,0,0,-0.333333333,0.111111111,0,4,4,4,3,4,4,3.833333333,5,6,5,6,5.5,5,5,5,4,4.75,0,5,2,2
202,6,5,5,6,5.333333333,0.333333333,0.111111111,0,0,0,5,4,4,6,5,5,4.833333333,4,5,4,5,4.5,4,5,4,6,4.75,0,5,2,2
203,1,3,4,4,3.666666667,-0.5,0.25,NA,NA,NA,5,4,5,4,5,5,4.666666667,4,4,4,4,4,5,5,5,5,5,1,4,2,2
203,2,4,4,4,4,-0.166666667,0.027777778,-0.5,0.25,0.083333333,5,5,6,5,5,5,5.166666667,4,4,4,4,4,5,4,4,5,4.5,1,4,2,2
203,3,4,4,4,4,-0.166666667,0.027777778,-0.166666667,0.027777778,0.027777778,4,4,4,4,4,4,4,4,4,4,4,4,4,4,5,4,4.25,1,4,2,2
203,4,5,5,4,4.666666667,0.5,0.25,-0.166666667,0.027777778,-0.083333333,5,5,5,5,5,5,5,5,6,5,4,5,4,4,5,4,4.25,1,4,2,2
203,5,5,4,4,4.333333333,0.166666667,0.027777778,0.5,0.25,0.083333333,5,5,5,5,5,5,5,5,5,5,5,5,4,4,4,4,4,1,4,2,2
203,6,4,4,5,4.333333333,0.166666667,0.027777778,0.166666667,0.027777778,0.027777778,6,5,6,5,5,5,5.333333333,5,5,5,5,5,4,4,3,4,3.75,1,4,2,2
204,1,4,5,4,4.333333333,0.055555556,0.00308642,NA,NA,NA,5,5,5,4,5,4,4.666666667,5,4,4,5,4.5,5,6,5,5,5.25,0,4,2,2
204,2,5,5,5,5,0.722222222,0.521604938,0.055555556,0.00308642,0.040123457,5,5,4,5,4,5,4.666666667,5,6,5,5,5.25,4,3,4,3,3.5,0,4,2,2
204,3,4,4,4,4,-0.277777778,0.077160494,0.722222222,0.521604938,-0.200617284,5,5,5,5,5,5,5,4,5,5,5,4.75,6,6,5,5,5.5,0,4,2,2
204,4,4,4,4,4,-0.277777778,0.077160494,-0.277777778,0.077160494,0.077160494,4,4,4,5,5,4,4.333333333,5,4,6,5,5,5,5,5,5,5,0,4,2,2
204,5,5,4,4,4.333333333,0.055555556,0.00308642,-0.277777778,0.077160494,-0.015432099,4,4,4,5,5,4,4.333333333,4,4,4,4,4,4,6,5,5,5,0,4,2,2
204,6,4,4,4,4,-0.277777778,0.077160494,0.055555556,0.00308642,-0.015432099,5,5,5,5,5,5,5,5,5,5,5,5,5,5,6,6,5.5,0,4,2,2
205,1,5,4,4,4.333333333,0.055555556,0.00308642,NA,NA,NA,5,5,5,5,4,4,4.666666667,5,5,4,4,4.5,5,5,5,6,5.25,0,3,1,2
205,2,4,4,5,4.333333333,0.055555556,0.00308642,0.055555556,0.00308642,0.00308642,5,5,5,4,5,4,4.666666667,4,4,4,5,4.25,5,6,5,5,5.25,0,3,1,2
205,3,4,4,4,4,-0.277777778,0.077160494,0.055555556,0.00308642,-0.015432099,5,5,5,5,5,5,5,5,5,5,5,5,6,5,5,6,5.5,0,3,1,2
205,4,5,4,5,4.666666667,0.388888889,0.151234568,-0.277777778,0.077160494,-0.108024691,5,5,5,5,5,5,5,6,4,4,5,4.75,5,4,4,4,4.25,0,3,1,2
205,5,4,4,4,4,-0.277777778,0.077160494,0.388888889,0.151234568,-0.108024691,6,5,5,6,5,5,5.333333333,5,5,5,5,5,5,5,5,5,5,0,3,1,2
205,6,4,5,4,4.333333333,0.055555556,0.00308642,-0.277777778,0.077160494,-0.015432099,4,4,4,5,4,5,4.333333333,4,4,4,4,4,4,6,5,5,5,0,3,1,2
206,1,5,5,5,5,-0.166666667,0.027777778,NA,NA,NA,5,5,5,4,5,4,4.666666667,4,4,5,5,4.5,5,5,5,5,5,0,5,2,3
206,2,5,5,6,5.333333333,0.166666667,0.027777778,-0.166666667,0.027777778,-0.027777778,4,3,4,4,3,4,3.666666667,5,6,5,5,5.25,5,5,6,5,5.25,0,5,2,3
206,3,5,5,5,5,-0.166666667,0.027777778,0.166666667,0.027777778,-0.027777778,4,4,5,4,5,5,4.5,4,5,4,4,4.25,4,4,4,4,4,0,5,2,3
206,4,5,5,5,5,-0.166666667,0.027777778,-0.166666667,0.027777778,0.027777778,5,5,5,6,5,5,5.166666667,5,5,4,4,4.5,5,5,4,5,4.75,0,5,2,3
206,5,5,5,6,5.333333333,0.166666667,0.027777778,-0.166666667,0.027777778,-0.027777778,4,3,4,3,4,4,3.666666667,6,5,5,5,5.25,5,5,6,5,5.25,0,5,2,3
206,6,5,5,6,5.333333333,0.166666667,0.027777778,0.166666667,0.027777778,0.027777778,5,4,4,5,4,5,4.5,5,6,5,5,5.25,4,5,4,5,4.5,0,5,2,3
207,1,5,5,5,5,-0.111111111,0.012345679,NA,NA,NA,5,4,5,5,4,5,4.666666667,5,5,5,5,5,4,6,6,4,5,0,4,3,2
207,2,5,6,5,5.333333333,0.222222222,0.049382716,-0.111111111,0.012345679,-0.024691358,5,6,6,5,5,5,5.333333333,4,4,4,3,3.75,3,4,4,4,3.75,0,4,3,2
207,3,5,5,5,5,-0.111111111,0.012345679,0.222222222,0.049382716,-0.024691358,5,4,6,5,4,5,4.833333333,4,5,5,5,4.75,4,5,5,4,4.5,0,4,3,2
207,4,5,5,5,5,-0.111111111,0.012345679,-0.111111111,0.012345679,0.012345679,6,5,5,5,5,5,5.166666667,5,5,5,5,5,5,5,5,4,4.75,0,4,3,2
207,5,6,5,5,5.333333333,0.222222222,0.049382716,-0.111111111,0.012345679,-0.024691358,5,5,6,5,5,6,5.333333333,4,3,4,4,3.75,4,4,4,3,3.75,0,4,3,2
207,6,5,5,5,5,-0.111111111,0.012345679,0.222222222,0.049382716,-0.024691358,5,5,5,5,5,5,5,5,5,5,4,4.75,4,3,4,3,3.5,0,4,3,2
208,1,5,5,6,5.333333333,0,0,NA,NA,NA,5,4,5,5,5,4,4.666666667,4,4,4,4,4,5,6,5,5,5.25,0,4,3,3
208,2,5,6,5,5.333333333,0,0,0,0,0,6,4,4,5,4,6,4.833333333,3,3,4,4,3.5,5,4,4,5,4.5,0,4,3,3
208,3,5,5,6,5.333333333,0,0,0,0,0,5,5,5,5,5,5,5,3,4,4,3,3.5,4,4,3,4,3.75,0,4,3,3
208,4,6,5,6,5.666666667,0.333333333,0.111111111,0,0,0,5,5,5,5,5,5,5,5,4,5,4,4.5,5,4,4,4,4.25,0,4,3,3
208,5,5,5,5,5,-0.333333333,0.111111111,0.333333333,0.111111111,-0.111111111,4,5,4,4,4,4,4.166666667,5,4,5,4,4.5,3,3,4,4,3.5,0,4,3,3
208,6,5,6,5,5.333333333,0,0,-0.333333333,0.111111111,0,3,4,4,4,4,4,3.833333333,5,6,5,6,5.5,5,5,5,4,4.75,0,4,3,3
209,1,6,5,4,5,0.222222222,0.049382716,NA,NA,NA,4,5,4,4,6,5,4.666666667,4,4,4,4,4,5,5,5,6,5.25,0,5,1,2
209,2,5,5,4,4.666666667,-0.111111111,0.012345679,0.222222222,0.049382716,-0.024691358,5,5,5,5,5,5,5,4,4,6,5,4.75,4,3,4,3,3.5,0,5,1,2
209,3,5,4,4,4.333333333,-0.444444444,0.197530864,-0.111111111,0.012345679,0.049382716,5,4,5,5,5,5,4.833333333,4,5,4,4,4.25,4,4,5,5,4.5,0,5,1,2
209,4,5,5,4,4.666666667,-0.111111111,0.012345679,-0.444444444,0.197530864,0.049382716,5,5,5,5,4,5,4.833333333,5,5,5,5,5,4,5,4,5,4.5,0,5,1,2
209,5,6,6,5,5.666666667,0.888888889,0.790123457,-0.111111111,0.012345679,-0.098765432,4,5,4,5,5,5,4.666666667,6,5,5,6,5.5,4,4,3,4,3.75,0,5,1,2
209,6,4,4,5,4.333333333,-0.444444444,0.197530864,0.888888889,0.790123457,-0.395061728,4,4,4,4,4,5,4.166666667,4,4,5,4,4.25,6,6,5,6,5.75,0,5,1,2
210,1,4,4,4,4,-0.277777778,0.077160494,NA,NA,NA,4,4,4,6,5,5,4.666666667,5,5,6,5,5.25,5,5,5,5,5,0,4,2,3
210,2,5,5,6,5.333333333,1.055555556,1.114197531,-0.277777778,0.077160494,-0.293209877,4,4,5,4,4,5,4.333333333,6,5,6,5,5.5,6,5,6,5,5.5,0,4,2,3
210,3,4,5,5,4.666666667,0.388888889,0.151234568,1.055555556,1.114197531,0.410493827,5,6,5,5,5,5,5.166666667,5,5,5,5,5,5,6,5,5,5.25,0,4,2,3
210,4,6,4,4,4.666666667,0.388888889,0.151234568,0.388888889,0.151234568,0.151234568,4,5,4,4,4,4,4.166666667,5,5,5,5,5,4,4,4,4,4,0,4,2,3
210,5,4,3,3,3.333333333,-0.944444444,0.891975309,0.388888889,0.151234568,-0.367283951,4,5,4,5,4,4,4.333333333,3,3,4,4,3.5,5,4,5,5,4.75,0,4,2,3
210,6,4,3,4,3.666666667,-0.611111111,0.37345679,-0.944444444,0.891975309,0.577160494,5,6,5,6,5,5,5.333333333,4,4,4,4,4,4,5,4,5,4.5,0,4,2,3
211,1,4,4,3,3.666666667,-0.166666667,0.027777778,NA,NA,NA,5,5,4,5,5,4,4.666666667,5,4,4,4,4.25,5,5,5,5,5,1,3,2,4
211,2,4,4,4,4,0.166666667,0.027777778,-0.166666667,0.027777778,-0.027777778,5,5,5,5,5,5,5,6,5,5,5,5.25,4,4,4,5,4.25,1,3,2,4
211,3,4,4,4,4,0.166666667,0.027777778,0.166666667,0.027777778,0.027777778,4,5,5,4,4,5,4.5,6,5,5,5,5.25,4,5,4,5,4.5,1,3,2,4
211,4,4,4,3,3.666666667,-0.166666667,0.027777778,0.166666667,0.027777778,-0.027777778,5,5,6,5,5,5,5.166666667,4,4,4,5,4.25,5,5,4,5,4.75,1,3,2,4
211,5,4,3,4,3.666666667,-0.166666667,0.027777778,-0.166666667,0.027777778,0.027777778,5,6,5,5,5,6,5.333333333,4,4,5,4,4.25,5,4,4,4,4.25,1,3,2,4
211,6,4,4,4,4,0.166666667,0.027777778,-0.166666667,0.027777778,-0.027777778,5,5,5,5,5,5,5,5,6,5,5,5.25,4,4,5,4,4.25,1,3,2,4
212,1,4,4,4,4,0.333333333,0.111111111,NA,NA,NA,5,5,5,4,5,4,4.666666667,5,4,5,4,4.5,6,5,6,5,5.5,1,3,2,3
212,2,4,3,3,3.333333333,-0.333333333,0.111111111,0.333333333,0.111111111,-0.111111111,4,4,4,5,5,4,4.333333333,5,5,4,4,4.5,5,5,5,5,5,1,3,2,3
212,3,4,3,4,3.666666667,0,0,-0.333333333,0.111111111,0,4,4,4,4,3,4,3.833333333,5,6,6,5,5.5,5,4,5,5,4.75,1,3,2,3
212,4,4,3,3,3.333333333,-0.333333333,0.111111111,0,0,0,5,5,5,5,5,5,5,5,4,5,5,4.75,5,6,6,5,5.5,1,3,2,3
212,5,3,4,4,3.666666667,0,0,-0.333333333,0.111111111,0,4,3,4,4,4,4,3.833333333,5,5,6,6,5.5,4,5,5,5,4.75,1,3,2,3
212,6,4,4,4,4,0.333333333,0.111111111,0,0,0,5,5,5,5,5,5,5,5,5,4,4,4.5,5,4,4,4,4.25,1,3,2,3
213,1,5,5,4,4.666666667,0.277777778,0.077160494,NA,NA,NA,4,5,5,4,4,6,4.666666667,5,4,4,4,4.25,6,5,6,5,5.5,1,4,2,3
213,2,4,5,5,4.666666667,0.277777778,0.077160494,0.277777778,0.077160494,0.077160494,5,4,5,4,5,5,4.666666667,4,4,4,5,4.25,5,5,6,6,5.5,1,4,2,3
213,3,4,4,5,4.333333333,-0.055555556,0.00308642,0.277777778,0.077160494,-0.015432099,6,4,6,4,6,5,5.166666667,5,5,5,5,5,5,5,5,5,5,1,4,2,3
213,4,5,4,4,4.333333333,-0.055555556,0.00308642,-0.055555556,0.00308642,0.00308642,5,5,5,5,5,5,5,5,5,5,5,5,3,4,3,4,3.5,1,4,2,3
213,5,5,4,4,4.333333333,-0.055555556,0.00308642,-0.055555556,0.00308642,0.00308642,5,4,6,5,5,5,5,5,5,5,5,5,4,3,3,4,3.5,1,4,2,3
213,6,4,4,4,4,-0.388888889,0.151234568,-0.055555556,0.00308642,0.021604938,5,4,5,6,5,5,5,5,5,4,4,4.5,5,5,6,6,5.5,1,4,2,3
214,1,4,4,4,4,-0.166666667,0.027777778,NA,NA,NA,4,5,5,4,4,6,4.666666667,5,5,4,4,4.5,5,5,5,5,5,1,3,1,2
214,2,4,4,4,4,-0.166666667,0.027777778,-0.166666667,0.027777778,0.027777778,4,4,6,6,6,5,5.166666667,5,4,5,4,4.5,5,4,5,5,4.75,1,3,1,2
214,3,4,4,4,4,-0.166666667,0.027777778,-0.166666667,0.027777778,0.027777778,5,5,5,5,6,6,5.333333333,5,4,5,4,4.5,5,4,4,4,4.25,1,3,1,2
214,4,4,5,4,4.333333333,0.166666667,0.027777778,-0.166666667,0.027777778,-0.027777778,4,4,4,3,3,4,3.666666667,5,5,6,5,5.25,6,5,5,5,5.25,1,3,1,2
214,5,4,5,4,4.333333333,0.166666667,0.027777778,0.166666667,0.027777778,0.027777778,4,5,5,4,4,5,4.5,5,5,5,6,5.25,4,4,5,5,4.5,1,3,1,2
214,6,4,4,5,4.333333333,0.166666667,0.027777778,0.166666667,0.027777778,0.027777778,4,4,4,5,5,5,4.5,5,6,5,5,5.25,5,4,4,5,4.5,1,3,1,2
215,1,5,5,5,5,0.444444444,0.197530864,NA,NA,NA,6,4,5,4,4,5,4.666666667,5,5,5,5,5,3,4,4,3,3.5,0,5,1,4
215,2,5,4,5,4.666666667,0.111111111,0.012345679,0.444444444,0.197530864,0.049382716,5,4,4,4,4,5,4.333333333,5,5,5,5,5,5,5,6,5,5.25,0,5,1,4
215,3,4,4,4,4,-0.555555556,0.308641975,0.111111111,0.012345679,-0.061728395,6,6,5,5,6,5,5.5,4,4,4,4,4,5,5,5,5,5,0,5,1,4
215,4,4,5,4,4.333333333,-0.222222222,0.049382716,-0.555555556,0.308641975,0.12345679,6,6,6,5,6,5,5.666666667,6,5,5,6,5.5,4,4,3,4,3.75,0,5,1,4
215,5,4,5,4,4.333333333,-0.222222222,0.049382716,-0.222222222,0.049382716,0.049382716,5,5,5,6,6,5,5.333333333,6,5,5,6,5.5,6,5,5,5,5.25,0,5,1,4
215,6,5,5,5,5,0.444444444,0.197530864,-0.222222222,0.049382716,-0.098765432,4,4,4,4,5,4,4.166666667,5,5,5,5,5,4,4,4,4,4,0,5,1,4
216,1,4,5,4,4.333333333,-0.611111111,0.37345679,NA,NA,NA,5,5,5,4,5,4,4.666666667,4,4,4,4,4,5,5,5,5,5,0,5,1,1
216,2,5,5,5,5,0.055555556,0.00308642,-0.611111111,0.37345679,-0.033950617,4,4,4,5,4,4,4.166666667,4,4,4,4,4,4,4,4,3,3.75,0,5,1,1
216,3,5,5,5,5,0.055555556,0.00308642,0.055555556,0.00308642,0.00308642,4,5,4,4,5,6,4.666666667,4,4,4,5,4.25,6,5,5,5,5.25,0,5,1,1
216,4,5,5,5,5,0.055555556,0.00308642,0.055555556,0.00308642,0.00308642,5,4,4,4,5,6,4.666666667,5,4,4,4,4.25,5,6,5,5,5.25,0,5,1,1
216,5,5,5,5,5,0.055555556,0.00308642,0.055555556,0.00308642,0.00308642,4,4,6,6,4,4,4.666666667,4,4,4,5,4.25,5,6,5,5,5.25,0,5,1,1
216,6,5,5,6,5.333333333,0.388888889,0.151234568,0.055555556,0.00308642,0.021604938,5,4,4,4,4,5,4.333333333,5,5,4,5,4.75,5,6,6,5,5.5,0,5,1,1
217,1,5,5,5,5,-0.222222222,0.049382716,NA,NA,NA,5,5,5,4,5,5,4.833333333,3,4,3,4,3.5,4,5,4,5,4.5,0,4,1,2
217,2,5,5,6,5.333333333,0.111111111,0.012345679,-0.222222222,0.049382716,-0.024691358,4,4,4,6,6,5,4.833333333,4,4,5,5,4.5,4,5,5,5,4.75,0,4,1,2
217,3,5,5,6,5.333333333,0.111111111,0.012345679,0.111111111,0.012345679,0.012345679,6,5,6,6,5,5,5.5,5,5,5,4,4.75,5,5,6,5,5.25,0,4,1,2
217,4,5,5,6,5.333333333,0.111111111,0.012345679,0.111111111,0.012345679,0.012345679,6,5,5,5,6,6,5.5,4,5,5,5,4.75,5,5,6,5,5.25,0,4,1,2
217,5,5,5,5,5,-0.222222222,0.049382716,0.111111111,0.012345679,-0.024691358,4,4,4,4,5,5,4.333333333,5,6,5,5,5.25,5,5,5,5,5,0,4,1,2
217,6,5,5,6,5.333333333,0.111111111,0.012345679,-0.222222222,0.049382716,-0.024691358,5,5,5,6,4,4,4.833333333,4,5,5,4,4.5,5,4,5,5,4.75,0,4,1,2
218,1,5,5,5,5,0.277777778,0.077160494,NA,NA,NA,5,5,5,4,5,5,4.833333333,4,5,4,4,4.25,4,4,5,6,4.75,0,3,1,3
218,2,5,4,5,4.666666667,-0.055555556,0.00308642,0.277777778,0.077160494,-0.015432099,5,5,5,6,6,6,5.5,5,6,5,5,5.25,4,5,5,5,4.75,0,3,1,3
218,3,4,4,6,4.666666667,-0.055555556,0.00308642,-0.055555556,0.00308642,0.00308642,4,5,4,4,4,4,4.166666667,5,5,5,6,5.25,4,4,4,3,3.75,0,3,1,3
218,4,4,5,4,4.333333333,-0.388888889,0.151234568,-0.055555556,0.00308642,0.021604938,5,5,4,4,4,5,4.5,5,5,4,4,4.5,3,4,4,4,3.75,0,3,1,3
218,5,5,5,5,5,0.277777778,0.077160494,-0.388888889,0.151234568,-0.108024691,4,5,5,5,4,4,4.5,4,4,4,4,4,4,5,4,5,4.5,0,3,1,3
218,6,5,4,5,4.666666667,-0.055555556,0.00308642,0.277777778,0.077160494,-0.015432099,6,6,5,5,6,6,5.666666667,5,5,5,6,5.25,5,4,4,4,4.25,0,3,1,3
219,1,5,5,5,5,0.111111111,0.012345679,NA,NA,NA,6,4,5,6,4,4,4.833333333,5,5,5,5,5,4,5,5,5,4.75,0,4,2,2
219,2,4,6,5,5,0.111111111,0.012345679,0.111111111,0.012345679,0.012345679,4,4,4,4,5,4,4.166666667,5,5,5,5,5,4,4,4,4,4,0,4,2,2
219,3,5,6,5,5.333333333,0.444444444,0.197530864,0.111111111,0.012345679,0.049382716,4,5,4,4,4,4,4.166666667,5,5,5,5,5,4,4,4,4,4,0,4,2,2
219,4,5,6,5,5.333333333,0.444444444,0.197530864,0.444444444,0.197530864,0.197530864,5,5,5,4,4,4,4.5,5,5,5,5,5,4,5,5,5,4.75,0,4,2,2
219,5,5,5,5,5,0.111111111,0.012345679,0.444444444,0.197530864,0.049382716,5,4,5,4,4,4,4.333333333,5,5,5,5,5,5,6,5,5,5.25,0,4,2,2
219,6,4,3,4,3.666666667,-1.222222222,1.49382716,0.111111111,0.012345679,-0.135802469,5,5,6,5,5,5,5.166666667,4,3,3,3,3.25,5,4,4,4,4.25,0,4,2,2
220,1,3,4,3,3.333333333,-0.277777778,0.077160494,NA,NA,NA,4,5,5,6,5,4,4.833333333,5,5,6,5,5.25,5,5,4,4,4.5,1,4,2,2
220,2,3,4,4,3.666666667,0.055555556,0.00308642,-0.277777778,0.077160494,-0.015432099,4,4,5,4,4,5,4.333333333,4,4,4,4,4,6,4,5,5,5,1,4,2,2
220,3,3,4,4,3.666666667,0.055555556,0.00308642,0.055555556,0.00308642,0.00308642,4,6,6,4,4,4,4.666666667,4,4,4,5,4.25,5,6,5,5,5.25,1,4,2,2
220,4,3,4,4,3.666666667,0.055555556,0.00308642,0.055555556,0.00308642,0.00308642,4,5,6,4,5,4,4.666666667,5,4,4,4,4.25,6,5,5,5,5.25,1,4,2,2
220,5,3,3,4,3.333333333,-0.277777778,0.077160494,0.055555556,0.00308642,-0.015432099,5,5,5,5,5,5,5,5,5,5,5,5,6,6,5,5,5.5,1,4,2,2
220,6,4,4,4,4,0.388888889,0.151234568,-0.277777778,0.077160494,-0.108024691,5,6,5,6,6,5,5.5,5,5,4,5,4.75,5,4,4,4,4.25,1,4,2,2
221,1,4,4,4,4,-0.222222222,0.049382716,NA,NA,NA,5,6,4,4,4,6,4.833333333,4,4,3,3,3.5,4,5,5,4,4.5,1,3,1,3
221,2,4,4,4,4,-0.222222222,0.049382716,-0.222222222,0.049382716,0.049382716,6,5,5,5,6,5,5.333333333,5,5,6,6,5.5,5,5,6,5,5.25,1,3,1,3
221,3,4,5,4,4.333333333,0.111111111,0.012345679,-0.222222222,0.049382716,-0.024691358,5,5,5,5,5,5,5,5,4,4,5,4.5,4,4,4,4,4,1,3,1,3
221,4,4,4,4,4,-0.222222222,0.049382716,0.111111111,0.012345679,-0.024691358,4,5,5,4,4,4,4.333333333,6,5,5,5,5.25,5,5,5,5,5,1,3,1,3
221,5,4,5,5,4.666666667,0.444444444,0.197530864,-0.222222222,0.049382716,-0.098765432,5,4,4,4,4,4,4.166666667,5,5,5,5,5,4,4,4,4,4,1,3,1,3
221,6,5,4,4,4.333333333,0.111111111,0.012345679,0.444444444,0.197530864,0.049382716,5,4,4,6,5,6,5,5,5,4,5,4.75,4,4,4,4,4,1,3,1,3
222,1,5,5,4,4.666666667,0.388888889,0.151234568,NA,NA,NA,4,4,4,5,6,6,4.833333333,5,5,5,5,5,5,5,5,5,5,1,4,2,2
222,2,4,4,5,4.333333333,0.055555556,0.00308642,0.388888889,0.151234568,0.021604938,5,5,4,4,5,6,4.833333333,4,4,5,4,4.25,5,5,5,4,4.75,1,4,2,2
222,3,4,4,4,4,-0.277777778,0.077160494,0.055555556,0.00308642,-0.015432099,5,5,5,5,6,5,5.166666667,5,5,5,5,5,5,4,4,5,4.5,1,4,2,2
222,4,4,4,4,4,-0.277777778,0.077160494,-0.277777778,0.077160494,0.077160494,4,4,5,4,5,4,4.333333333,5,6,5,4,5,5,5,5,5,5,1,4,2,2
222,5,5,4,5,4.666666667,0.388888889,0.151234568,-0.277777778,0.077160494,-0.108024691,5,5,5,5,5,5,5,6,4,4,5,4.75,5,4,4,4,4.25,1,4,2,2
222,6,4,4,4,4,-0.277777778,0.077160494,0.388888889,0.151234568,-0.108024691,6,6,5,5,5,5,5.333333333,5,5,5,5,5,5,5,5,5,5,1,4,2,2
223,1,5,5,4,4.666666667,0.166666667,0.027777778,NA,NA,NA,5,5,5,5,5,5,5,5,5,6,6,5.5,4,5,4,4,4.25,0,5,1,4
223,2,4,5,4,4.333333333,-0.166666667,0.027777778,0.166666667,0.027777778,-0.027777778,5,5,4,4,5,5,4.666666667,4,4,4,3,3.75,5,5,5,5,5,0,5,1,4
223,3,4,5,4,4.333333333,-0.166666667,0.027777778,-0.166666667,0.027777778,0.027777778,4,4,4,4,4,4,4,4,4,4,4,4,4,4,5,4,4.25,0,5,1,4
223,4,5,5,4,4.666666667,0.166666667,0.027777778,-0.166666667,0.027777778,-0.027777778,4,4,5,5,4,4,4.333333333,5,5,5,6,5.25,6,5,5,5,5.25,0,5,1,4
223,5,5,4,4,4.333333333,-0.166666667,0.027777778,0.166666667,0.027777778,-0.027777778,5,5,4,5,5,4,4.666666667,3,4,4,4,3.75,5,5,5,5,5,0,5,1,4
223,6,5,4,5,4.666666667,0.166666667,0.027777778,-0.166666667,0.027777778,-0.027777778,5,4,4,5,5,4,4.5,5,6,5,5,5.25,4,5,4,4,4.25,0,5,1,4
224,1,4,4,5,4.333333333,0.055555556,0.00308642,NA,NA,NA,5,5,5,5,5,5,5,5,4,5,4,4.5,3,4,4,4,3.75,0,3,2,1
224,2,4,4,4,4,-0.277777778,0.077160494,0.055555556,0.00308642,-0.015432099,5,5,5,5,5,6,5.166666667,5,5,5,5,5,5,5,4,4,4.5,0,3,2,1
224,3,5,5,4,4.666666667,0.388888889,0.151234568,-0.277777778,0.077160494,-0.108024691,5,5,5,5,5,5,5,5,5,5,4,4.75,5,4,4,4,4.25,0,3,2,1
224,4,4,5,4,4.333333333,0.055555556,0.00308642,0.388888889,0.151234568,0.021604938,4,5,5,4,5,6,4.833333333,4,4,5,4,4.25,5,5,5,4,4.75,0,3,2,1
224,5,4,5,4,4.333333333,0.055555556,0.00308642,0.055555556,0.00308642,0.00308642,5,4,5,4,6,4,4.666666667,4,4,5,4,4.25,5,6,5,5,5.25,0,3,2,1
224,6,4,4,4,4,-0.277777778,0.077160494,0.055555556,0.00308642,-0.015432099,5,6,5,5,5,5,5.166666667,5,5,5,5,5,5,4,5,4,4.5,0,3,2,1
225,1,4,4,5,4.333333333,-0.166666667,0.027777778,NA,NA,NA,5,5,5,5,5,5,5,5,4,4,4,4.25,5,6,6,6,5.75,0,4,3,4
225,2,5,5,5,5,0.5,0.25,-0.166666667,0.027777778,-0.083333333,5,5,5,5,5,5,5,6,5,4,5,5,4,5,4,5,4.5,0,4,3,4
225,3,5,4,4,4.333333333,-0.166666667,0.027777778,0.5,0.25,-0.083333333,5,5,5,6,5,5,5.166666667,4,3,4,4,3.75,4,4,6,4,4.5,0,4,3,4
225,4,5,4,5,4.666666667,0.166666667,0.027777778,-0.166666667,0.027777778,-0.027777778,5,4,5,5,4,4,4.5,5,6,5,5,5.25,4,4,5,4,4.25,0,4,3,4
225,5,4,5,4,4.333333333,-0.166666667,0.027777778,0.166666667,0.027777778,-0.027777778,4,4,4,5,6,5,4.666666667,3,4,4,4,3.75,5,5,5,5,5,0,4,3,4
225,6,4,5,4,4.333333333,-0.166666667,0.027777778,-0.166666667,0.027777778,0.027777778,4,4,4,4,4,4,4,4,4,4,4,4,4,5,4,4,4.25,0,4,3,4
226,1,4,4,4,4,-0.833333333,0.694444444,NA,NA,NA,5,5,5,5,5,5,5,3,3,4,4,3.5,5,6,5,5,5.25,0,5,1,3
226,2,5,5,5,5,0.166666667,0.027777778,-0.833333333,0.694444444,-0.138888889,5,5,5,5,5,6,5.166666667,6,5,4,5,5,5,5,5,5,5,0,5,1,3
226,3,5,5,5,5,0.166666667,0.027777778,0.166666667,0.027777778,0.027777778,5,5,4,4,5,4,4.5,6,5,5,5,5.25,5,4,5,4,4.5,0,5,1,3
226,4,5,5,5,5,0.166666667,0.027777778,0.166666667,0.027777778,0.027777778,5,5,4,4,4,5,4.5,5,5,5,6,5.25,4,5,5,4,4.5,0,5,1,3
226,5,5,5,5,5,0.166666667,0.027777778,0.166666667,0.027777778,0.027777778,5,5,4,4,4,5,4.5,4,6,5,6,5.25,5,4,5,4,4.5,0,5,1,3
226,6,5,5,5,5,0.166666667,0.027777778,0.166666667,0.027777778,0.027777778,5,5,4,4,4,5,4.5,6,4,5,6,5.25,5,4,4,5,4.5,0,5,1,3
227,1,5,5,6,5.333333333,0.166666667,0.027777778,NA,NA,NA,5,5,5,5,5,5,5,5,6,5,6,5.5,5,4,4,4,4.25,0,5,3,4
227,2,5,5,5,5,-0.166666667,0.027777778,0.166666667,0.027777778,-0.027777778,5,4,5,4,4,5,4.5,4,5,4,4,4.25,4,4,4,4,4,0,5,3,4
227,3,6,5,5,5.333333333,0.166666667,0.027777778,-0.166666667,0.027777778,-0.027777778,4,4,3,4,4,3,3.666666667,5,6,5,5,5.25,5,5,5,6,5.25,0,5,3,4
227,4,5,5,5,5,-0.166666667,0.027777778,0.166666667,0.027777778,-0.027777778,5,5,4,5,4,4,4.5,4,4,4,5,4.25,4,4,4,4,4,0,5,3,4
227,5,5,5,6,5.333333333,0.166666667,0.027777778,-0.166666667,0.027777778,-0.027777778,4,3,3,4,4,4,3.666666667,5,5,5,6,5.25,5,5,5,6,5.25,0,5,3,4
227,6,5,5,5,5,-0.166666667,0.027777778,0.166666667,0.027777778,-0.027777778,4,5,5,4,4,5,4.5,4,4,4,5,4.25,4,4,5,4,4.25,0,5,3,4
228,1,6,5,5,5.333333333,0.277777778,0.077160494,NA,NA,NA,5,5,5,5,5,5,5,5,4,4,4,4.25,5,4,4,4,4.25,0,3,1,2
228,2,6,5,5,5.333333333,0.277777778,0.077160494,0.277777778,0.077160494,0.077160494,5,6,4,4,5,4,4.666666667,5,4,4,4,4.25,5,6,6,5,5.5,0,3,1,2
228,3,5,6,5,5.333333333,0.277777778,0.077160494,0.277777778,0.077160494,0.077160494,5,5,5,5,5,4,4.833333333,4,4,5,4,4.25,6,4,5,4,4.75,0,3,1,2
228,4,5,5,4,4.666666667,-0.388888889,0.151234568,0.277777778,0.077160494,-0.108024691,3,4,3,3,4,3,3.333333333,5,5,4,4,4.5,6,5,5,6,5.5,0,3,1,2
228,5,4,4,6,4.666666667,-0.388888889,0.151234568,-0.388888889,0.151234568,0.151234568,4,3,4,4,4,4,3.833333333,5,4,5,4,4.5,5,4,5,4,4.5,0,3,1,2
228,6,5,5,5,5,-0.055555556,0.00308642,-0.388888889,0.151234568,0.021604938,4,4,4,4,5,4,4.166666667,5,5,5,6,5.25,4,4,4,3,3.75,0,3,1,2
229,1,5,5,5,5,0.888888889,0.790123457,NA,NA,NA,5,5,5,5,5,5,5,6,5,6,5,5.5,4,5,4,5,4.5,0,3,2,2
229,2,5,5,4,4.666666667,0.555555556,0.308641975,0.888888889,0.790123457,0.49382716,6,6,5,5,5,5,5.333333333,6,5,5,5,5.25,4,4,4,4,4,0,3,2,2
229,3,5,4,4,4.333333333,0.222222222,0.049382716,0.555555556,0.308641975,0.12345679,4,3,4,4,3,4,3.666666667,4,4,3,4,3.75,5,6,5,5,5.25,0,3,2,2
229,4,4,4,4,4,-0.111111111,0.012345679,0.222222222,0.049382716,-0.024691358,5,5,5,5,5,5,5,5,5,4,5,4.75,3,4,4,3,3.5,0,3,2,2
229,5,3,3,4,3.333333333,-0.777777778,0.604938272,-0.111111111,0.012345679,0.086419753,5,5,5,5,6,5,5.166666667,4,4,3,4,3.75,4,4,5,4,4.25,0,3,2,2
229,6,3,3,4,3.333333333,-0.777777778,0.604938272,-0.777777778,0.604938272,0.604938272,6,5,5,5,5,6,5.333333333,4,4,4,3,3.75,4,4,4,5,4.25,0,3,2,2
230,1,3,3,4,3.333333333,-0.722222222,0.521604938,NA,NA,NA,5,5,5,5,5,5,5,4,4,3,4,3.75,5,5,6,5,5.25,1,4,3,2
230,2,4,4,4,4,-0.055555556,0.00308642,-0.722222222,0.521604938,0.040123457,5,4,5,5,4,5,4.666666667,6,5,5,5,5.25,5,5,5,5,5,1,4,3,2
230,3,4,4,4,4,-0.055555556,0.00308642,-0.055555556,0.00308642,0.00308642,4,4,4,5,4,4,4.166666667,5,6,5,5,5.25,3,4,4,4,3.75,1,4,3,2
230,4,4,4,5,4.333333333,0.277777778,0.077160494,-0.055555556,0.00308642,-0.015432099,5,5,4,4,4,5,4.5,4,4,4,5,4.25,4,4,5,5,4.5,1,4,3,2
230,5,4,4,4,4,-0.055555556,0.00308642,0.277777778,0.077160494,-0.015432099,4,3,4,3,3,3,3.333333333,5,6,5,5,5.25,5,6,5,6,5.5,1,4,3,2
230,6,5,5,4,4.666666667,0.611111111,0.37345679,-0.055555556,0.00308642,-0.033950617,4,5,5,4,4,4,4.333333333,5,5,6,5,5.25,5,5,6,6,5.5,1,4,3,2
231,1,4,4,5,4.333333333,-0.111111111,0.012345679,NA,NA,NA,5,5,5,5,5,5,5,4,5,5,4,4.5,5,6,6,6,5.75,1,4,2,2
231,2,4,4,4,4,-0.444444444,0.197530864,-0.111111111,0.012345679,0.049382716,4,4,5,4,4,4,4.166666667,5,4,4,4,4.25,3,3,3,3,3,1,4,2,2
231,3,5,5,4,4.666666667,0.222222222,0.049382716,-0.444444444,0.197530864,-0.098765432,3,4,4,4,4,3,3.666666667,5,6,6,5,5.5,5,5,5,6,5.25,1,4,2,2
231,4,5,5,4,4.666666667,0.222222222,0.049382716,0.222222222,0.049382716,0.049382716,4,4,4,3,4,3,3.666666667,4,3,4,4,3.75,5,5,6,5,5.25,1,4,2,2
231,5,5,4,4,4.333333333,-0.111111111,0.012345679,0.222222222,0.049382716,-0.024691358,5,6,5,6,6,5,5.5,5,5,4,4,4.5,4,3,4,4,3.75,1,4,2,2
231,6,5,4,5,4.666666667,0.222222222,0.049382716,-0.111111111,0.012345679,-0.024691358,5,5,5,5,5,5,5,4,3,3,3,3.25,5,4,4,4,4.25,1,4,2,2
232,1,5,4,4,4.333333333,0.055555556,0.00308642,NA,NA,NA,5,5,5,5,5,5,5,4,5,4,5,4.5,4,4,4,4,4,0,4,2,3
232,2,4,4,4,4,-0.277777778,0.077160494,0.055555556,0.00308642,-0.015432099,5,6,5,5,5,5,5.166666667,5,5,5,5,5,5,4,4,5,4.5,0,4,2,3
232,3,4,4,4,4,-0.277777778,0.077160494,-0.277777778,0.077160494,0.077160494,4,4,5,4,5,5,4.5,4,4,6,6,5,3,4,4,4,3.75,0,4,2,3
232,4,4,4,4,4,-0.277777778,0.077160494,-0.277777778,0.077160494,0.077160494,4,4,5,5,5,4,4.5,5,6,5,4,5,4,4,4,4,4,0,4,2,3
232,5,5,5,5,5,0.722222222,0.521604938,-0.277777778,0.077160494,-0.200617284,5,5,5,4,4,5,4.666666667,5,6,5,5,5.25,4,3,3,4,3.5,0,4,2,3
232,6,4,5,4,4.333333333,0.055555556,0.00308642,0.722222222,0.521604938,0.040123457,4,5,5,5,4,5,4.666666667,4,4,4,5,4.25,5,6,5,5,5.25,0,4,2,3
233,1,5,5,5,5,-0.166666667,0.027777778,NA,NA,NA,5,5,5,5,5,5,5,4,5,4,4,4.25,5,6,6,6,5.75,0,4,3,4
233,2,6,5,5,5.333333333,0.166666667,0.027777778,-0.166666667,0.027777778,-0.027777778,5,5,6,5,5,5,5.166666667,5,5,5,5,5,5,5,5,5,5,0,4,3,4
233,3,5,5,5,5,-0.166666667,0.027777778,0.166666667,0.027777778,-0.027777778,4,4,5,4,4,4,4.166666667,4,3,4,4,3.75,4,4,3,4,3.75,0,4,3,4
233,4,5,6,6,5.666666667,0.5,0.25,-0.166666667,0.027777778,-0.083333333,5,5,5,5,5,5,5,6,5,5,5,5.25,5,4,5,4,4.5,0,4,3,4
233,5,5,5,5,5,-0.166666667,0.027777778,0.5,0.25,-0.083333333,5,5,5,5,5,6,5.166666667,4,4,3,4,3.75,4,4,6,4,4.5,0,4,3,4
233,6,5,5,5,5,-0.166666667,0.027777778,-0.166666667,0.027777778,0.027777778,4,4,4,4,4,4,4,4,4,4,4,4,4,4,4,5,4.25,0,4,3,4
234,1,5,5,5,5,-0.055555556,0.00308642,NA,NA,NA,5,5,5,5,5,5,5,5,6,5,5,5.25,4,4,3,4,3.75,0,3,2,2
234,2,5,5,6,5.333333333,0.277777778,0.077160494,-0.055555556,0.00308642,-0.015432099,4,4,5,4,5,5,4.5,5,4,4,4,4.25,4,5,5,4,4.5,0,3,2,2
234,3,5,5,5,5,-0.055555556,0.00308642,0.277777778,0.077160494,-0.015432099,4,3,4,3,3,3,3.333333333,5,5,5,6,5.25,6,5,6,5,5.5,0,3,2,2
234,4,5,5,5,5,-0.055555556,0.00308642,-0.055555556,0.00308642,0.00308642,4,4,5,4,4,4,4.166666667,5,5,6,5,5.25,4,4,4,3,3.75,0,3,2,2
234,5,5,5,5,5,-0.055555556,0.00308642,-0.055555556,0.00308642,0.00308642,4,4,4,4,4,5,4.166666667,5,5,6,5,5.25,4,3,4,4,3.75,0,3,2,2
234,6,5,5,5,5,-0.055555556,0.00308642,-0.055555556,0.00308642,0.00308642,4,4,4,4,4,5,4.166666667,5,5,6,5,5.25,4,3,4,4,3.75,0,3,2,2
235,1,5,6,5,5.333333333,0.111111111,0.012345679,NA,NA,NA,5,5,5,5,5,5,5,5,5,5,5,5,4,4,4,4,4,0,4,2,2
235,2,5,5,5,5,-0.222222222,0.049382716,0.111111111,0.012345679,-0.024691358,4,5,4,4,4,5,4.333333333,6,5,5,5,5.25,5,5,5,5,5,0,4,2,2
235,3,5,5,5,5,-0.222222222,0.049382716,-0.222222222,0.049382716,0.049382716,5,6,5,5,6,5,5.333333333,5,5,6,6,5.5,5,6,5,5,5.25,0,4,2,2
235,4,5,5,6,5.333333333,0.111111111,0.012345679,-0.222222222,0.049382716,-0.024691358,5,5,5,5,5,5,5,5,5,4,4,4.5,4,4,4,4,4,0,4,2,2
235,5,6,6,5,5.666666667,0.444444444,0.197530864,0.111111111,0.012345679,0.049382716,5,5,5,5,5,5,5,5,5,5,5,5,5,4,4,4,4.25,0,4,2,2
235,6,5,5,5,5,-0.222222222,0.049382716,0.444444444,0.197530864,-0.098765432,4,5,4,5,4,5,4.5,6,5,5,5,5.25,4,4,4,4,4,0,4,2,2
236,1,6,6,5,5.666666667,0.388888889,0.151234568,NA,NA,NA,5,5,5,5,5,5,5,5,5,5,5,5,4,4,4,5,4.25,0,4,3,3
236,2,5,5,6,5.333333333,0.055555556,0.00308642,0.388888889,0.151234568,0.021604938,5,5,5,5,5,4,4.833333333,4,5,4,4,4.25,5,4,5,5,4.75,0,4,3,3
236,3,5,5,5,5,-0.277777778,0.077160494,0.055555556,0.00308642,-0.015432099,5,5,5,5,6,5,5.166666667,5,5,5,5,5,4,4,5,5,4.5,0,4,3,3
236,4,5,5,5,5,-0.277777778,0.077160494,-0.277777778,0.077160494,0.077160494,4,5,5,4,4,5,4.5,4,6,5,5,5,4,4,4,4,4,0,4,3,3
236,5,6,6,5,5.666666667,0.388888889,0.151234568,-0.277777778,0.077160494,-0.108024691,5,5,5,5,5,5,5,5,5,5,5,5,5,4,4,4,4.25,0,4,3,3
236,6,5,5,5,5,-0.277777778,0.077160494,0.388888889,0.151234568,-0.108024691,5,5,6,5,6,5,5.333333333,5,5,5,5,5,5,5,5,5,5,0,4,3,3
237,1,4,4,4,4,-0.611111111,0.37345679,NA,NA,NA,5,5,5,5,5,5,5,4,4,4,4,4,5,5,5,6,5.25,0,4,1,3
237,2,4,4,5,4.333333333,-0.277777778,0.077160494,-0.611111111,0.37345679,0.169753086,4,4,4,5,4,5,4.333333333,5,5,6,5,5.25,5,5,5,5,5,0,4,1,3
237,3,5,4,5,4.666666667,0.055555556,0.00308642,-0.277777778,0.077160494,-0.015432099,5,5,5,4,5,6,5,4,5,5,4,4.5,4,4,4,4,4,0,4,1,3
237,4,5,5,5,5,0.388888889,0.151234568,0.055555556,0.00308642,0.021604938,6,5,5,5,5,5,5.166666667,5,5,5,5,5,5,6,5,5,5.25,0,4,1,3
237,5,4,4,5,4.333333333,-0.277777778,0.077160494,0.388888889,0.151234568,-0.108024691,6,5,5,5,5,6,5.333333333,5,5,5,5,5,5,5,5,5,5,0,4,1,3
237,6,6,6,4,5.333333333,0.722222222,0.521604938,-0.277777778,0.077160494,-0.200617284,4,5,4,5,6,5,4.833333333,5,5,5,6,5.25,5,5,5,5,5,0,4,1,3
238,1,4,4,3,3.666666667,-0.055555556,0.00308642,NA,NA,NA,5,5,5,5,5,5,5,5,4,5,6,5,4,4,3,4,3.75,1,4,2,4
238,2,3,4,4,3.666666667,-0.055555556,0.00308642,-0.055555556,0.00308642,0.00308642,5,5,5,5,5,5,5,5,5,5,5,5,4,4,4,3,3.75,1,4,2,4
238,3,3,4,4,3.666666667,-0.055555556,0.00308642,-0.055555556,0.00308642,0.00308642,5,5,5,5,5,5,5,4,4,6,6,5,3,4,4,4,3.75,1,4,2,4
238,4,3,4,4,3.666666667,-0.055555556,0.00308642,-0.055555556,0.00308642,0.00308642,5,5,5,5,5,5,5,4,4,6,6,5,4,4,4,3,3.75,1,4,2,4
238,5,3,4,4,3.666666667,-0.055555556,0.00308642,-0.055555556,0.00308642,0.00308642,5,5,5,5,5,5,5,5,5,4,6,5,4,4,4,3,3.75,1,4,2,4
238,6,4,4,4,4,0.277777778,0.077160494,-0.055555556,0.00308642,-0.015432099,6,5,5,5,6,5,5.333333333,4,4,4,5,4.25,4,4,4,4,4,1,4,2,4
239,1,4,4,4,4,-0.055555556,0.00308642,NA,NA,NA,5,5,5,5,5,5,5,5,5,6,6,5.5,4,3,4,4,3.75,1,4,2,3
239,2,4,4,4,4,-0.055555556,0.00308642,-0.055555556,0.00308642,0.00308642,5,4,4,4,4,5,4.333333333,5,5,6,5,5.25,5,5,5,5,5,1,4,2,3
239,3,4,4,4,4,-0.055555556,0.00308642,-0.055555556,0.00308642,0.00308642,5,4,4,5,4,4,4.333333333,5,5,6,5,5.25,5,5,5,5,5,1,4,2,3
239,4,4,4,3,3.666666667,-0.388888889,0.151234568,-0.055555556,0.00308642,0.021604938,5,4,4,4,5,4,4.333333333,4,5,5,4,4.5,5,5,5,4,4.75,1,4,2,3
239,5,4,5,4,4.333333333,0.277777778,0.077160494,-0.388888889,0.151234568,-0.108024691,6,6,4,5,6,5,5.333333333,4,4,4,4,4,4,4,4,4,4,1,4,2,3
239,6,4,4,5,4.333333333,0.277777778,0.077160494,0.277777778,0.077160494,0.077160494,5,4,5,5,5,5,4.833333333,5,4,4,4,4.25,4,5,5,5,4.75,1,4,2,3
240,1,5,4,4,4.333333333,0.055555556,0.00308642,NA,NA,NA,5,5,5,5,5,5,5,5,4,5,4,4.5,4,4,4,4,4,1,3,3,2
240,2,4,5,4,4.333333333,0.055555556,0.00308642,0.055555556,0.00308642,0.00308642,5,5,5,5,4,5,4.833333333,4,4,4,5,4.25,6,4,4,4,4.5,1,3,3,2
240,3,5,4,4,4.333333333,0.055555556,0.00308642,0.055555556,0.00308642,0.00308642,4,6,4,5,5,5,4.833333333,4,5,4,4,4.25,5,4,4,5,4.5,1,3,3,2
240,4,5,4,4,4.333333333,0.055555556,0.00308642,0.055555556,0.00308642,0.00308642,5,4,6,4,4,6,4.833333333,5,4,4,4,4.25,5,5,5,4,4.75,1,3,3,2
240,5,4,4,4,4,-0.277777778,0.077160494,0.055555556,0.00308642,-0.015432099,5,5,5,5,6,5,5.166666667,5,5,5,5,5,5,5,4,4,4.5,1,3,3,2
240,6,4,4,5,4.333333333,0.055555556,0.00308642,-0.277777778,0.077160494,-0.015432099,4,5,4,4,4,5,4.333333333,4,4,4,4,4,5,4,6,5,5,1,3,3,2
241,1,5,4,4,4.333333333,-0.111111111,0.012345679,NA,NA,NA,5,5,5,5,5,5,5,4,4,5,5,4.5,3,3,3,3,3,0,4,3,1
241,2,4,4,4,4,-0.444444444,0.197530864,-0.111111111,0.012345679,0.049382716,4,4,4,5,4,4,4.166666667,4,5,4,4,4.25,3,3,3,4,3.25,0,4,3,1
241,3,4,4,4,4,-0.444444444,0.197530864,-0.444444444,0.197530864,0.197530864,4,5,5,5,4,4,4.5,5,4,4,4,4.25,4,4,3,4,3.75,0,4,3,1
241,4,4,5,4,4.333333333,-0.111111111,0.012345679,-0.444444444,0.197530864,0.049382716,4,4,4,4,3,4,3.833333333,5,4,5,4,4.5,4,5,4,5,4.5,0,4,3,1
241,5,5,5,5,5,0.555555556,0.308641975,-0.111111111,0.012345679,-0.061728395,6,5,5,6,5,5,5.333333333,5,6,5,5,5.25,4,4,4,4,4,0,4,3,1
241,6,5,5,5,5,0.555555556,0.308641975,0.555555556,0.308641975,0.308641975,5,6,4,5,5,5,5,5,5,6,5,5.25,4,4,5,5,4.5,0,4,3,1
242,1,6,6,5,5.666666667,0.333333333,0.111111111,NA,NA,NA,4,4,5,6,5,6,5,5,5,4,5,4.75,4,4,4,5,4.25,1,4,3,3
242,2,5,5,6,5.333333333,0,0,0.333333333,0.111111111,0,5,6,5,5,5,6,5.333333333,4,4,4,3,3.75,6,5,5,4,5,1,4,3,3
242,3,5,6,5,5.333333333,0,0,0,0,0,5,5,5,5,5,5,5,3,4,4,3,3.5,4,4,4,3,3.75,1,4,3,3
242,4,5,5,5,5,-0.333333333,0.111111111,0,0,0,5,5,5,5,5,5,5,5,4,5,5,4.75,5,6,5,6,5.5,1,4,3,3
242,5,5,5,5,5,-0.333333333,0.111111111,-0.333333333,0.111111111,0.111111111,5,5,4,6,6,5,5.166666667,5,5,4,5,4.75,4,5,4,4,4.25,1,4,3,3
242,6,6,6,5,5.666666667,0.333333333,0.111111111,-0.333333333,0.111111111,-0.111111111,4,4,3,3,4,4,3.666666667,5,4,5,4,4.5,5,6,5,5,5.25,1,4,3,3
243,1,6,5,5,5.333333333,0.166666667,0.027777778,NA,NA,NA,4,6,5,5,6,4,5,6,5,5,6,5.5,5,4,4,4,4.25,0,4,1,4
243,2,6,5,5,5.333333333,0.166666667,0.027777778,0.166666667,0.027777778,0.027777778,5,6,4,4,4,4,4.5,6,6,5,4,5.25,4,5,4,5,4.5,0,4,1,4
243,3,5,5,5,5,-0.166666667,0.027777778,0.166666667,0.027777778,-0.027777778,4,4,5,5,4,5,4.5,5,4,4,4,4.25,5,4,4,4,4.25,0,4,1,4
243,4,5,5,5,5,-0.166666667,0.027777778,-0.166666667,0.027777778,0.027777778,5,5,6,5,5,6,5.333333333,4,5,5,4,4.5,4,4,5,4,4.25,0,4,1,4
243,5,5,5,6,5.333333333,0.166666667,0.027777778,-0.166666667,0.027777778,-0.027777778,4,3,4,4,3,4,3.666666667,5,5,6,5,5.25,5,5,6,5,5.25,0,4,1,4
243,6,5,5,5,5,-0.166666667,0.027777778,0.166666667,0.027777778,-0.027777778,5,4,4,4,5,5,4.5,5,4,4,4,4.25,4,5,4,4,4.25,0,4,1,4
244,1,5,5,5,5,-0.222222222,0.049382716,NA,NA,NA,6,4,5,4,5,6,5,3,4,4,3,3.5,5,5,6,6,5.5,0,5,2,1
244,2,6,6,5,5.666666667,0.444444444,0.197530864,-0.222222222,0.049382716,-0.098765432,4,5,4,4,4,4,4.166666667,5,5,5,5,5,4,4,4,4,4,0,5,2,1
244,3,5,6,5,5.333333333,0.111111111,0.012345679,0.444444444,0.197530864,0.049382716,6,4,4,5,6,5,5,5,5,4,5,4.75,4,4,4,4,4,0,5,2,1
244,4,6,5,5,5.333333333,0.111111111,0.012345679,0.111111111,0.012345679,0.012345679,5,5,6,6,5,6,5.5,5,4,5,5,4.75,5,5,6,5,5.25,0,5,2,1
244,5,5,5,5,5,-0.222222222,0.049382716,0.111111111,0.012345679,-0.024691358,4,5,4,5,4,4,4.333333333,5,5,5,6,5.25,5,5,5,5,5,0,5,2,1
244,6,5,5,5,5,-0.222222222,0.049382716,-0.222222222,0.049382716,0.049382716,6,5,5,5,6,5,5.333333333,5,5,6,6,5.5,5,5,6,5,5.25,0,5,2,1
245,1,5,5,6,5.333333333,0.277777778,0.077160494,NA,NA,NA,6,6,5,4,5,4,5,4,5,4,4,4.25,4,4,4,5,4.25,0,4,2,2
245,2,6,6,6,6,0.944444444,0.891975309,0.277777778,0.077160494,0.262345679,5,5,5,5,5,5,5,6,6,5,5,5.5,4,5,5,4,4.5,0,4,2,2
245,3,4,6,5,5,-0.055555556,0.00308642,0.944444444,0.891975309,-0.052469136,4,4,4,4,5,4,4.166666667,6,4,6,4,5,4,4,4,3,3.75,0,4,2,2
245,4,4,4,6,4.666666667,-0.388888889,0.151234568,-0.055555556,0.00308642,0.021604938,4,5,4,5,4,4,4.333333333,4,5,5,4,4.5,4,4,5,6,4.75,0,4,2,2
245,5,6,5,4,5,-0.055555556,0.00308642,-0.388888889,0.151234568,0.021604938,5,4,4,4,4,4,4.166666667,6,5,5,5,5.25,4,4,3,4,3.75,0,4,2,2
245,6,5,4,4,4.333333333,-0.722222222,0.521604938,-0.055555556,0.00308642,0.040123457,5,4,5,4,5,5,4.666666667,4,4,4,3,3.75,5,5,5,5,5,0,4,2,2
246,1,4,6,4,4.666666667,0.166666667,0.027777778,NA,NA,NA,5,5,5,5,4,6,5,5,6,6,5,5.5,4,5,4,4,4.25,0,4,2,2
246,2,4,6,4,4.666666667,0.166666667,0.027777778,0.166666667,0.027777778,0.027777778,5,4,4,4,4,6,4.5,6,5,4,6,5.25,4,4,5,5,4.5,0,4,2,2
246,3,4,6,4,4.666666667,0.166666667,0.027777778,0.166666667,0.027777778,0.027777778,4,5,5,4,5,4,4.5,5,6,4,6,5.25,4,5,4,5,4.5,0,4,2,2
246,4,4,6,4,4.666666667,0.166666667,0.027777778,0.166666667,0.027777778,0.027777778,4,4,4,5,5,5,4.5,4,6,6,5,5.25,5,4,4,5,4.5,0,4,2,2
246,5,4,5,5,4.666666667,0.166666667,0.027777778,0.166666667,0.027777778,0.027777778,4,5,5,5,5,4,4.666666667,5,5,6,5,5.25,5,5,5,6,5.25,0,4,2,2
246,6,3,4,4,3.666666667,-0.833333333,0.694444444,0.166666667,0.027777778,-0.138888889,5,5,5,6,4,5,5,3,4,4,3,3.5,5,5,5,6,5.25,0,4,2,2
247,1,3,4,4,3.666666667,-0.111111111,0.012345679,NA,NA,NA,5,5,5,5,6,5,5.166666667,5,4,5,5,4.75,5,5,5,4,4.75,0,5,2,3
247,2,4,4,3,3.666666667,-0.111111111,0.012345679,-0.111111111,0.012345679,0.012345679,6,4,6,6,5,6,5.5,5,4,5,5,4.75,4,4,4,5,4.25,0,5,2,3
247,3,3,4,3,3.333333333,-0.444444444,0.197530864,-0.111111111,0.012345679,0.049382716,5,5,5,6,5,5,5.166666667,5,4,4,4,4.25,4,5,4,4,4.25,0,5,2,3
247,4,4,4,3,3.666666667,-0.111111111,0.012345679,-0.444444444,0.197530864,0.049382716,5,4,6,6,5,4,5,5,5,5,4,4.75,4,3,3,4,3.5,0,5,2,3
247,5,4,3,4,3.666666667,-0.111111111,0.012345679,-0.111111111,0.012345679,0.012345679,6,6,5,6,6,5,5.666666667,5,4,5,5,4.75,4,4,4,4,4,0,5,2,3
247,6,4,5,5,4.666666667,0.888888889,0.790123457,-0.111111111,0.012345679,-0.098765432,4,4,4,5,4,4,4.166666667,6,5,6,5,5.5,4,4,4,4,4,0,5,2,3
248,1,4,4,4,4,-0.111111111,0.012345679,NA,NA,NA,5,6,5,5,5,5,5.166666667,5,5,5,5,5,5,5,5,5,5,1,5,3,4
248,2,4,4,4,4,-0.111111111,0.012345679,-0.111111111,0.012345679,0.012345679,5,6,5,5,5,5,5.166666667,5,5,5,5,5,5,4,6,4,4.75,1,5,3,4
248,3,4,4,5,4.333333333,0.222222222,0.049382716,-0.111111111,0.012345679,-0.024691358,5,6,6,5,5,5,5.333333333,4,4,4,3,3.75,3,4,4,4,3.75,1,5,3,4
248,4,4,4,4,4,-0.111111111,0.012345679,0.222222222,0.049382716,-0.024691358,5,5,5,5,5,5,5,4,6,5,4,4.75,3,4,4,3,3.5,1,5,3,4
248,5,4,4,4,4,-0.111111111,0.012345679,-0.111111111,0.012345679,0.012345679,5,6,5,5,5,5,5.166666667,5,5,5,5,5,5,5,5,5,5,1,5,3,4
248,6,4,4,5,4.333333333,0.222222222,0.049382716,-0.111111111,0.012345679,-0.024691358,5,5,5,6,6,5,5.333333333,4,4,4,3,3.75,4,3,4,4,3.75,1,5,3,4
249,1,4,4,4,4,-0.333333333,0.111111111,NA,NA,NA,5,5,5,5,6,5,5.166666667,4,4,6,5,4.75,4,5,4,4,4.25,0,3,3,3
249,2,5,5,5,5,0.666666667,0.444444444,-0.333333333,0.111111111,-0.222222222,4,5,4,4,5,5,4.5,6,5,5,5,5.25,5,5,4,5,4.75,0,3,3,3
249,3,4,4,4,4,-0.333333333,0.111111111,0.666666667,0.444444444,-0.222222222,5,5,5,4,5,4,4.666666667,4,5,4,5,4.5,5,5,5,5,5,0,3,3,3
249,4,4,5,4,4.333333333,0,0,-0.333333333,0.111111111,0,4,3,4,4,4,4,3.833333333,6,6,5,5,5.5,5,5,4,5,4.75,0,3,3,3
249,5,4,4,4,4,-0.333333333,0.111111111,0,0,0,5,5,5,5,5,5,5,5,5,5,4,4.75,5,5,6,6,5.5,0,3,3,3
249,6,4,5,5,4.666666667,0.333333333,0.111111111,-0.333333333,0.111111111,-0.111111111,3,3,4,4,4,4,3.666666667,5,4,4,5,4.5,5,5,6,5,5.25,0,3,3,3
250,1,5,5,4,4.666666667,-0.111111111,0.012345679,NA,NA,NA,5,5,5,6,5,5,5.166666667,5,5,5,5,5,5,5,5,5,5,0,4,2,3
250,2,5,4,5,4.666666667,-0.111111111,0.012345679,-0.111111111,0.012345679,0.012345679,5,5,5,5,5,6,5.166666667,5,5,5,5,5,5,5,5,5,5,0,4,2,3
250,3,5,5,4,4.666666667,-0.111111111,0.012345679,-0.111111111,0.012345679,0.012345679,5,5,5,5,6,5,5.166666667,5,5,5,5,5,5,5,5,5,5,0,4,2,3
250,4,5,4,4,4.333333333,-0.444444444,0.197530864,-0.111111111,0.012345679,0.049382716,6,4,5,5,4,5,4.833333333,4,4,5,4,4.25,5,5,4,4,4.5,0,4,2,3
250,5,4,5,5,4.666666667,-0.111111111,0.012345679,-0.444444444,0.197530864,0.049382716,4,5,6,4,5,5,4.833333333,5,5,5,5,5,5,5,4,4,4.5,0,4,2,3
250,6,6,6,5,5.666666667,0.888888889,0.790123457,-0.111111111,0.012345679,-0.098765432,4,5,4,5,5,5,4.666666667,5,5,6,6,5.5,4,3,4,4,3.75,0,4,2,3
251,1,5,5,5,5,-0.111111111,0.012345679,NA,NA,NA,5,5,5,6,5,5,5.166666667,5,5,5,5,5,5,5,5,5,5,1,5,3,3
251,2,5,5,5,5,-0.111111111,0.012345679,-0.111111111,0.012345679,0.012345679,6,5,5,5,5,5,5.166666667,5,5,5,5,5,5,5,5,5,5,1,5,3,3
251,3,6,5,5,5.333333333,0.222222222,0.049382716,-0.111111111,0.012345679,-0.024691358,6,5,5,5,5,6,5.333333333,4,4,3,4,3.75,4,3,4,4,3.75,1,5,3,3
251,4,5,5,6,5.333333333,0.222222222,0.049382716,0.222222222,0.049382716,0.049382716,3,4,3,4,4,4,3.666666667,3,4,4,4,3.75,5,6,5,5,5.25,1,5,3,3
251,5,5,5,5,5,-0.111111111,0.012345679,0.222222222,0.049382716,-0.024691358,5,5,5,5,5,5,5,4,5,5,5,4.75,3,3,4,4,3.5,1,5,3,3
251,6,5,5,5,5,-0.111111111,0.012345679,-0.111111111,0.012345679,0.012345679,5,5,5,5,5,6,5.166666667,5,5,5,5,5,5,5,5,5,5,1,5,3,3
252,1,5,5,5,5,-0.111111111,0.012345679,NA,NA,NA,5,6,5,5,5,5,5.166666667,5,5,5,5,5,5,5,5,5,5,1,4,2,3
252,2,5,5,6,5.333333333,0.222222222,0.049382716,-0.111111111,0.012345679,-0.024691358,5,6,5,6,5,6,5.5,3,4,4,4,3.75,4,3,4,4,3.75,1,4,2,3
252,3,5,5,5,5,-0.111111111,0.012345679,0.222222222,0.049382716,-0.024691358,5,5,5,5,5,5,5,5,5,4,5,4.75,4,4,3,3,3.5,1,4,2,3
252,4,5,5,6,5.333333333,0.222222222,0.049382716,-0.111111111,0.012345679,-0.024691358,6,6,5,5,5,6,5.5,4,4,4,3,3.75,4,4,4,3,3.75,1,4,2,3
252,5,5,5,5,5,-0.111111111,0.012345679,0.222222222,0.049382716,-0.024691358,5,5,5,5,5,5,5,4,4,6,5,4.75,3,3,4,4,3.5,1,4,2,3
252,6,5,5,5,5,-0.111111111,0.012345679,-0.111111111,0.012345679,0.012345679,5,6,5,5,5,5,5.166666667,5,5,5,5,5,5,5,5,5,5,1,4,2,3
253,1,4,5,5,4.666666667,0.277777778,0.077160494,NA,NA,NA,6,5,5,5,5,5,5.166666667,4,5,5,4,4.5,4,5,6,5,5,0,3,3,3
253,2,5,4,5,4.666666667,0.277777778,0.077160494,0.277777778,0.077160494,0.077160494,5,5,5,4,5,5,4.833333333,4,4,5,4,4.25,5,5,4,5,4.75,0,3,3,3
253,3,6,4,5,5,0.611111111,0.37345679,0.277777778,0.077160494,0.169753086,4,5,4,5,4,4,4.333333333,6,5,5,5,5.25,5,6,5,6,5.5,0,3,3,3
253,4,4,5,4,4.333333333,-0.055555556,0.00308642,0.611111111,0.37345679,-0.033950617,4,4,5,4,4,4,4.166666667,5,5,5,5,5,4,4,4,3,3.75,0,3,3,3
253,5,5,4,4,4.333333333,-0.055555556,0.00308642,-0.055555556,0.00308642,0.00308642,4,5,5,6,6,4,5,5,5,5,5,5,4,4,3,4,3.75,0,3,3,3
253,6,4,3,3,3.333333333,-1.055555556,1.114197531,-0.055555556,0.00308642,0.058641975,4,4,5,5,4,4,4.333333333,4,3,3,3,3.25,5,5,4,5,4.75,0,3,3,3
254,1,4,4,4,4,0.388888889,0.151234568,NA,NA,NA,6,5,5,5,5,5,5.166666667,5,4,5,5,4.75,6,5,5,5,5.25,1,4,2,4
254,2,4,3,4,3.666666667,0.055555556,0.00308642,0.388888889,0.151234568,0.021604938,5,4,4,4,4,5,4.333333333,4,5,4,4,4.25,5,5,5,6,5.25,1,4,2,4
254,3,3,3,4,3.333333333,-0.277777778,0.077160494,0.055555556,0.00308642,-0.015432099,5,5,5,6,5,5,5.166666667,5,5,5,5,5,4,4,5,5,4.5,1,4,2,4
254,4,3,4,4,3.666666667,0.055555556,0.00308642,-0.277777778,0.077160494,-0.015432099,4,4,4,5,4,5,4.333333333,4,4,4,4,4,5,6,5,4,5,1,4,2,4
254,5,3,4,4,3.666666667,0.055555556,0.00308642,0.055555556,0.00308642,0.00308642,5,5,6,4,4,5,4.833333333,4,4,4,5,4.25,5,5,5,4,4.75,1,4,2,4
254,6,4,3,3,3.333333333,-0.277777778,0.077160494,0.055555556,0.00308642,-0.015432099,5,5,5,5,6,5,5.166666667,5,5,5,5,5,5,5,4,4,4.5,1,4,2,4
255,1,3,4,3,3.333333333,-0.777777778,0.604938272,NA,NA,NA,5,6,5,5,5,5,5.166666667,4,4,4,3,3.75,4,4,5,4,4.25,0,5,1,3
255,2,3,3,4,3.333333333,-0.777777778,0.604938272,-0.777777778,0.604938272,0.604938272,6,5,5,5,6,5,5.333333333,4,3,4,4,3.75,4,4,4,5,4.25,0,5,1,3
255,3,5,5,4,4.666666667,0.555555556,0.308641975,-0.777777778,0.604938272,-0.432098765,4,3,4,4,4,4,3.833333333,5,5,6,5,5.25,4,6,4,5,4.75,0,5,1,3
255,4,4,4,5,4.333333333,0.222222222,0.049382716,0.555555556,0.308641975,0.12345679,4,4,4,4,4,3,3.833333333,4,4,3,4,3.75,4,5,5,5,4.75,0,5,1,3
255,5,5,4,4,4.333333333,0.222222222,0.049382716,0.222222222,0.049382716,0.049382716,3,3,4,4,4,4,3.666666667,4,4,3,4,3.75,5,5,6,5,5.25,0,5,1,3
255,6,5,5,4,4.666666667,0.555555556,0.308641975,0.222222222,0.049382716,0.12345679,3,4,4,4,4,3,3.666666667,5,6,5,5,5.25,5,5,5,6,5.25,0,5,1,3
256,1,4,5,4,4.333333333,-0.111111111,0.012345679,NA,NA,NA,5,5,6,5,5,5,5.166666667,4,6,4,4,4.5,5,4,5,5,4.75,0,4,3,2
256,2,5,4,4,4.333333333,-0.111111111,0.012345679,-0.111111111,0.012345679,0.012345679,4,3,4,4,4,4,3.833333333,4,5,4,5,4.5,4,5,4,5,4.5,0,4,3,2
256,3,4,5,4,4.333333333,-0.111111111,0.012345679,-0.111111111,0.012345679,0.012345679,4,4,4,3,4,4,3.833333333,4,5,4,5,4.5,5,4,4,5,4.5,0,4,3,2
256,4,4,5,5,4.666666667,0.222222222,0.049382716,-0.111111111,0.012345679,-0.024691358,6,6,4,5,4,5,5,3,4,3,3,3.25,5,4,4,4,4.25,0,4,3,2
256,5,5,4,4,4.333333333,-0.111111111,0.012345679,0.222222222,0.049382716,-0.024691358,6,5,6,5,6,5,5.5,4,5,5,4,4.5,3,4,4,4,3.75,0,4,3,2
256,6,5,4,5,4.666666667,0.222222222,0.049382716,-0.111111111,0.012345679,-0.024691358,5,5,6,5,5,5,5.166666667,4,3,4,3,3.5,5,5,5,5,5,0,4,3,2
257,1,5,4,4,4.333333333,0,0,NA,NA,NA,5,5,5,5,5,6,5.166666667,4,4,4,4,4,5,5,5,5,5,1,3,2,2
257,2,4,5,4,4.333333333,0,0,0,0,0,5,5,5,5,5,5,5,3,4,3,4,3.5,4,4,3,4,3.75,1,3,2,2
257,3,4,4,5,4.333333333,0,0,0,0,0,5,5,5,5,5,5,5,3,3,4,4,3.5,4,4,3,4,3.75,1,3,2,2
257,4,5,5,4,4.666666667,0.333333333,0.111111111,0,0,0,5,5,5,5,5,5,5,5,5,4,4,4.5,4,4,5,4,4.25,1,3,2,2
257,5,4,4,4,4,-0.333333333,0.111111111,0.333333333,0.111111111,-0.111111111,4,4,4,4,5,4,4.166666667,5,4,5,4,4.5,3,3,4,4,3.5,1,3,2,2
257,6,5,4,4,4.333333333,0,0,-0.333333333,0.111111111,0,4,4,4,4,4,4,4,6,6,5,5,5.5,4,5,4,4,4.25,1,3,2,2
258,1,4,4,5,4.333333333,-0.055555556,0.00308642,NA,NA,NA,5,6,5,5,5,5,5.166666667,5,6,6,5,5.5,5,5,5,5,5,0,5,2,3
258,2,5,4,4,4.333333333,-0.055555556,0.00308642,-0.055555556,0.00308642,0.00308642,4,5,5,4,4,4,4.333333333,5,5,5,6,5.25,5,5,5,5,5,0,5,2,3
258,3,4,5,4,4.333333333,-0.055555556,0.00308642,-0.055555556,0.00308642,0.00308642,5,4,4,4,4,5,4.333333333,5,6,5,5,5.25,5,5,5,5,5,0,5,2,3
258,4,5,4,4,4.333333333,-0.055555556,0.00308642,-0.055555556,0.00308642,0.00308642,5,4,4,4,5,4,4.333333333,5,5,6,5,5.25,5,5,5,5,5,0,5,2,3
258,5,4,5,4,4.333333333,-0.055555556,0.00308642,-0.055555556,0.00308642,0.00308642,4,4,4,4,5,5,4.333333333,6,5,5,5,5.25,5,5,5,5,5,0,5,2,3
258,6,5,4,5,4.666666667,0.277777778,0.077160494,-0.055555556,0.00308642,-0.015432099,3,3,3,4,4,4,3.5,4,5,4,5,4.5,4,6,6,5,5.25,0,5,2,3
259,1,5,6,5,5.333333333,0.166666667,0.027777778,NA,NA,NA,5,5,6,5,5,5,5.166666667,5,6,5,6,5.5,5,5,5,5,5,1,3,1,3
259,2,5,5,5,5,-0.166666667,0.027777778,0.166666667,0.027777778,-0.027777778,5,5,4,4,5,5,4.666666667,5,4,4,4,4.25,5,5,5,5,5,1,3,1,3
259,3,5,6,5,5.333333333,0.166666667,0.027777778,-0.166666667,0.027777778,-0.027777778,4,4,4,4,3,4,3.833333333,6,5,5,5,5.25,5,4,4,6,4.75,1,3,1,3
259,4,5,5,5,5,-0.166666667,0.027777778,0.166666667,0.027777778,-0.027777778,5,4,5,4,5,5,4.666666667,4,4,4,5,4.25,5,5,5,5,5,1,3,1,3
259,5,5,5,5,5,-0.166666667,0.027777778,-0.166666667,0.027777778,0.027777778,5,5,5,6,5,6,5.333333333,5,4,4,5,4.5,5,4,4,4,4.25,1,3,1,3
259,6,6,5,5,5.333333333,0.166666667,0.027777778,-0.166666667,0.027777778,-0.027777778,4,4,4,4,4,3,3.833333333,5,5,6,5,5.25,4,5,5,5,4.75,1,3,1,3
260,1,6,5,5,5.333333333,0.111111111,0.012345679,NA,NA,NA,5,5,5,5,5,6,5.166666667,5,5,5,5,5,5,5,5,5,5,0,5,3,3
260,2,6,5,5,5.333333333,0.111111111,0.012345679,0.111111111,0.012345679,0.012345679,5,6,6,5,5,6,5.5,5,5,5,4,4.75,6,6,5,4,5.25,0,5,3,3
260,3,5,5,6,5.333333333,0.111111111,0.012345679,0.111111111,0.012345679,0.012345679,5,6,6,5,6,5,5.5,5,4,5,5,4.75,6,5,6,4,5.25,0,5,3,3
260,4,5,5,5,5,-0.222222222,0.049382716,0.111111111,0.012345679,-0.024691358,4,4,4,5,4,5,4.333333333,6,5,5,5,5.25,5,5,5,5,5,0,5,3,3
260,5,5,5,5,5,-0.222222222,0.049382716,-0.222222222,0.049382716,0.049382716,6,6,5,5,5,5,5.333333333,6,5,5,6,5.5,5,5,6,5,5.25,0,5,3,3
260,6,5,6,5,5.333333333,0.111111111,0.012345679,-0.222222222,0.049382716,-0.024691358,5,5,5,5,5,5,5,4,5,4,5,4.5,4,4,4,4,4,0,5,3,3
261,1,5,5,5,5,-0.166666667,0.027777778,NA,NA,NA,5,5,5,5,6,5,5.166666667,4,5,4,4,4.25,4,5,4,5,4.5,0,4,2,4
261,2,5,5,5,5,-0.166666667,0.027777778,-0.166666667,0.027777778,0.027777778,4,5,4,4,4,4,4.166666667,4,4,4,4,4,4,4,4,3,3.75,0,4,2,4
261,3,5,5,5,5,-0.166666667,0.027777778,-0.166666667,0.027777778,0.027777778,4,4,4,5,4,4,4.166666667,4,4,4,4,4,3,4,4,4,3.75,0,4,2,4
261,4,5,5,5,5,-0.166666667,0.027777778,-0.166666667,0.027777778,0.027777778,5,4,4,4,4,4,4.166666667,4,4,4,4,4,4,3,4,4,3.75,0,4,2,4
261,5,5,6,6,5.666666667,0.5,0.25,-0.166666667,0.027777778,-0.083333333,5,5,5,5,5,5,5,5,5,5,6,5.25,5,4,5,4,4.5,0,4,2,4
261,6,5,5,6,5.333333333,0.166666667,0.027777778,0.5,0.25,0.083333333,5,5,5,5,5,5,5,5,5,5,5,5,4,4,4,4,4,0,4,2,4
262,1,5,6,5,5.333333333,0.5,0.25,NA,NA,NA,5,5,5,5,5,6,5.166666667,5,5,6,5,5.25,5,5,5,6,5.25,0,5,2,2
262,2,6,5,5,5.333333333,0.5,0.25,0.5,0.25,0.25,5,5,5,5,5,5,5,5,5,5,6,5.25,4,5,4,5,4.5,0,5,2,2
262,3,6,4,6,5.333333333,0.5,0.25,0.5,0.25,0.25,5,5,5,5,5,5,5,5,5,5,6,5.25,5,4,5,4,4.5,0,5,2,2
262,4,5,5,4,4.666666667,-0.166666667,0.027777778,0.5,0.25,-0.083333333,5,6,5,5,6,5,5.333333333,4,4,4,5,4.25,4,5,4,4,4.25,0,5,2,2
262,5,5,5,4,4.666666667,-0.166666667,0.027777778,-0.166666667,0.027777778,0.027777778,5,6,5,5,5,6,5.333333333,5,4,5,4,4.5,4,4,5,4,4.25,0,5,2,2
262,6,3,4,4,3.666666667,-1.166666667,1.361111111,-0.166666667,0.027777778,0.194444444,4,5,4,4,5,4,4.333333333,3,4,3,3,3.25,4,5,5,5,4.75,0,5,2,2
263,1,4,4,3,3.666666667,-0.055555556,0.00308642,NA,NA,NA,5,5,6,5,5,5,5.166666667,5,4,5,6,5,5,5,5,5,5,1,4,2,3
263,2,4,4,4,4,0.277777778,0.077160494,-0.055555556,0.00308642,-0.015432099,5,6,5,6,5,5,5.333333333,5,4,4,4,4.25,4,4,4,4,4,1,4,2,3
263,3,4,3,4,3.666666667,-0.055555556,0.00308642,0.277777778,0.077160494,-0.015432099,6,5,6,5,5,6,5.5,5,6,5,4,5,5,4,4,4,4.25,1,4,2,3
263,4,4,4,4,4,0.277777778,0.077160494,-0.055555556,0.00308642,-0.015432099,5,6,5,5,5,6,5.333333333,5,4,4,4,4.25,4,4,4,4,4,1,4,2,3
263,5,3,3,3,3,-0.722222222,0.521604938,0.277777778,0.077160494,-0.200617284,5,5,5,5,5,5,5,4,4,4,3,3.75,5,5,6,5,5.25,1,4,2,3
263,6,4,4,4,4,0.277777778,0.077160494,-0.722222222,0.521604938,-0.200617284,6,5,5,4,4,4,4.666666667,4,4,4,4,4,5,5,5,6,5.25,1,4,2,3
264,1,4,4,3,3.666666667,-0.444444444,0.197530864,NA,NA,NA,6,5,5,5,5,5,5.166666667,4,4,5,4,4.25,4,4,4,5,4.25,1,4,1,2
264,2,4,4,4,4,-0.111111111,0.012345679,-0.444444444,0.197530864,0.049382716,4,6,5,5,4,4,4.666666667,5,5,5,5,5,5,5,5,5,5,1,4,1,2
264,3,5,4,5,4.666666667,0.555555556,0.308641975,-0.111111111,0.012345679,-0.061728395,4,4,4,4,3,3,3.666666667,6,5,5,5,5.25,5,5,6,5,5.25,1,4,1,2
264,4,4,4,4,4,-0.111111111,0.012345679,0.555555556,0.308641975,-0.061728395,4,4,4,4,4,4,4,5,4,5,5,4.75,5,4,4,4,4.25,1,4,1,2
264,5,4,4,5,4.333333333,0.222222222,0.049382716,-0.111111111,0.012345679,-0.024691358,6,5,6,5,6,6,5.666666667,3,4,4,4,3.75,4,5,4,5,4.5,1,4,1,2
264,6,4,4,4,4,-0.111111111,0.012345679,0.222222222,0.049382716,-0.024691358,5,5,5,5,5,5,5,5,4,6,4,4.75,3,4,4,3,3.5,1,4,1,2
265,1,4,4,4,4,-0.277777778,0.077160494,NA,NA,NA,5,5,5,5,6,5,5.166666667,6,5,5,5,5.25,5,4,4,5,4.5,0,3,2,2
265,2,4,4,4,4,-0.277777778,0.077160494,-0.277777778,0.077160494,0.077160494,5,4,4,5,5,4,4.5,5,5,6,5,5.25,4,4,4,4,4,0,3,2,2
265,3,4,5,4,4.333333333,0.055555556,0.00308642,-0.277777778,0.077160494,-0.015432099,5,4,4,4,5,4,4.333333333,4,4,4,4,4,5,6,5,4,5,0,3,2,2
265,4,5,4,4,4.333333333,0.055555556,0.00308642,0.055555556,0.00308642,0.00308642,4,4,6,6,4,5,4.833333333,4,4,5,4,4.25,4,5,5,5,4.75,0,3,2,2
265,5,5,4,4,4.333333333,0.055555556,0.00308642,0.055555556,0.00308642,0.00308642,6,6,5,4,4,4,4.833333333,5,4,4,4,4.25,4,5,5,5,4.75,0,3,2,2
265,6,5,5,4,4.666666667,0.388888889,0.151234568,0.055555556,0.00308642,0.021604938,4,4,4,5,5,5,4.5,5,5,5,5,5,4,5,5,5,4.75,0,3,2,2
266,1,4,4,4,4,-0.388888889,0.151234568,NA,NA,NA,5,6,5,5,5,5,5.166666667,5,4,5,4,4.5,4,5,4,4,4.25,0,3,2,3
266,2,4,5,4,4.333333333,-0.055555556,0.00308642,-0.388888889,0.151234568,0.021604938,6,5,4,5,6,4,5,5,5,5,5,5,4,3,4,4,3.75,0,3,2,3
266,3,5,4,5,4.666666667,0.277777778,0.077160494,-0.055555556,0.00308642,-0.015432099,5,5,5,5,5,6,5.166666667,5,4,4,4,4.25,4,5,5,6,5,0,3,2,3
266,4,4,4,5,4.333333333,-0.055555556,0.00308642,0.277777778,0.077160494,-0.015432099,5,6,6,5,5,5,5.333333333,5,5,5,5,5,4,5,4,5,4.5,0,3,2,3
266,5,5,5,4,4.666666667,0.277777778,0.077160494,-0.055555556,0.00308642,-0.015432099,6,5,5,5,5,5,5.166666667,4,4,4,5,4.25,5,6,4,5,5,0,3,2,3
266,6,5,4,4,4.333333333,-0.055555556,0.00308642,0.277777778,0.077160494,-0.015432099,6,5,5,5,6,5,5.333333333,5,5,5,5,5,4,5,5,4,4.5,0,3,2,3
267,1,4,4,5,4.333333333,-0.111111111,0.012345679,NA,NA,NA,5,5,6,5,5,5,5.166666667,4,4,6,4,4.5,5,5,5,4,4.75,1,4,1,4
267,2,5,5,5,5,0.555555556,0.308641975,-0.111111111,0.012345679,-0.061728395,5,6,5,5,5,6,5.333333333,5,5,6,5,5.25,4,4,4,4,4,1,4,1,4
267,3,4,4,4,4,-0.444444444,0.197530864,0.555555556,0.308641975,-0.24691358,4,5,5,4,5,4,4.5,4,5,4,4,4.25,4,3,4,4,3.75,1,4,1,4
267,4,5,4,5,4.666666667,0.222222222,0.049382716,-0.444444444,0.197530864,-0.098765432,4,4,4,4,4,3,3.833333333,6,5,6,5,5.5,5,4,5,5,4.75,1,4,1,4
267,5,5,4,4,4.333333333,-0.111111111,0.012345679,0.222222222,0.049382716,-0.024691358,6,5,5,5,6,6,5.5,5,4,4,5,4.5,4,4,4,4,4,1,4,1,4
267,6,4,5,4,4.333333333,-0.111111111,0.012345679,-0.111111111,0.012345679,0.012345679,4,4,4,4,3,4,3.833333333,5,5,4,4,4.5,4,5,5,4,4.5,1,4,1,4
268,1,4,4,4,4,-0.333333333,0.111111111,NA,NA,NA,4,6,4,5,6,6,5.166666667,6,4,4,5,4.75,5,4,4,4,4.25,0,5,2,1
268,2,5,4,5,4.666666667,0.333333333,0.111111111,-0.333333333,0.111111111,-0.111111111,4,4,4,3,3,4,3.666666667,4,5,4,5,4.5,5,5,6,5,5.25,0,5,2,1
268,3,4,5,5,4.666666667,0.333333333,0.111111111,0.333333333,0.111111111,0.111111111,5,5,5,6,6,5,5.333333333,5,4,4,5,4.5,4,4,4,4,4,0,5,2,1
268,4,4,4,5,4.333333333,0,0,0.333333333,0.111111111,0,5,5,6,5,5,6,5.333333333,3,4,4,4,3.75,5,6,5,5,5.25,0,5,2,1
268,5,4,4,4,4,-0.333333333,0.111111111,0,0,0,5,5,5,5,5,5,5,5,5,5,4,4.75,6,5,6,5,5.5,0,5,2,1
268,6,4,4,5,4.333333333,0,0,-0.333333333,0.111111111,0,4,4,4,4,4,4,4,6,6,5,5,5.5,5,4,4,4,4.25,0,5,2,1
269,1,5,5,6,5.333333333,0,0,NA,NA,NA,5,5,5,5,6,6,5.333333333,4,4,4,4,4,5,6,5,5,5.25,0,5,2,2
269,2,5,5,6,5.333333333,0,0,0,0,0,6,5,5,5,5,5,5.166666667,4,3,3,4,3.5,5,5,5,5,5,0,5,2,2
269,3,5,6,5,5.333333333,0,0,0,0,0,5,5,5,5,6,5,5.166666667,4,3,4,3,3.5,5,5,5,5,5,0,5,2,2
269,4,5,5,6,5.333333333,0,0,0,0,0,5,6,5,5,5,5,5.166666667,3,4,3,4,3.5,5,5,5,5,5,0,5,2,2
269,5,6,5,5,5.333333333,0,0,0,0,0,6,5,5,5,5,5,5.166666667,4,3,3,4,3.5,5,5,5,5,5,0,5,2,2
269,6,5,6,5,5.333333333,0,0,0,0,0,5,5,5,5,5,6,5.166666667,4,3,3,4,3.5,5,5,5,5,5,0,5,2,2
270,1,5,5,6,5.333333333,-0.055555556,0.00308642,NA,NA,NA,5,5,6,5,6,5,5.333333333,5,5,6,6,5.5,4,4,6,4,4.5,1,5,2,2
270,2,5,5,6,5.333333333,-0.055555556,0.00308642,-0.055555556,0.00308642,0.00308642,4,5,4,5,4,4,4.333333333,5,6,5,5,5.25,5,5,5,5,5,1,5,2,2
270,3,5,5,6,5.333333333,-0.055555556,0.00308642,-0.055555556,0.00308642,0.00308642,5,4,4,4,5,4,4.333333333,5,6,5,5,5.25,5,5,5,5,5,1,5,2,2
270,4,5,6,6,5.666666667,0.277777778,0.077160494,-0.055555556,0.00308642,-0.015432099,4,3,4,4,4,3,3.666666667,5,5,4,4,4.5,6,5,5,5,5.25,1,5,2,2
270,5,6,5,5,5.333333333,-0.055555556,0.00308642,0.277777778,0.077160494,-0.015432099,4,4,3,4,4,3,3.666666667,5,5,6,5,5.25,5,5,5,5,5,1,5,2,2
270,6,5,6,5,5.333333333,-0.055555556,0.00308642,-0.055555556,0.00308642,0.00308642,4,4,5,5,4,4,4.333333333,5,5,6,5,5.25,5,5,5,5,5,1,5,2,2
271,1,5,5,5,5,-0.222222222,0.049382716,NA,NA,NA,5,6,5,5,6,5,5.333333333,4,3,3,4,3.5,3,3,3,4,3.25,0,4,1,2
271,2,6,6,5,5.666666667,0.444444444,0.197530864,-0.222222222,0.049382716,-0.098765432,4,5,4,4,4,4,4.166666667,5,5,5,5,5,4,4,4,4,4,0,4,1,2
271,3,5,6,6,5.666666667,0.444444444,0.197530864,0.444444444,0.197530864,0.197530864,5,5,4,4,4,5,4.5,6,5,4,5,5,5,4,5,5,4.75,0,4,1,2
271,4,5,5,5,5,-0.222222222,0.049382716,0.444444444,0.197530864,-0.098765432,5,4,5,4,4,5,4.5,5,5,5,6,5.25,4,4,4,4,4,0,4,1,2
271,5,5,5,5,5,-0.222222222,0.049382716,-0.222222222,0.049382716,0.049382716,5,5,6,5,6,5,5.333333333,5,5,6,6,5.5,5,5,5,6,5.25,0,4,1,2
271,6,5,5,5,5,-0.222222222,0.049382716,-0.222222222,0.049382716,0.049382716,5,5,6,6,5,5,5.333333333,6,6,5,5,5.5,5,6,6,4,5.25,0,4,1,2
272,1,5,5,6,5.333333333,0.555555556,0.308641975,NA,NA,NA,6,6,5,5,5,5,5.333333333,5,6,5,5,5.25,4,4,4,4,4,0,5,2,2
272,2,5,6,6,5.666666667,0.888888889,0.790123457,0.555555556,0.308641975,0.49382716,5,5,6,6,5,5,5.333333333,6,5,6,5,5.5,4,5,4,4,4.25,0,5,2,2
272,3,4,5,4,4.333333333,-0.444444444,0.197530864,0.888888889,0.790123457,-0.395061728,5,4,4,4,4,4,4.166666667,5,4,4,4,4.25,6,5,6,6,5.75,0,5,2,2
272,4,4,5,6,5,0.222222222,0.049382716,-0.444444444,0.197530864,-0.098765432,4,4,4,3,4,4,3.833333333,6,5,5,6,5.5,5,4,4,6,4.75,0,5,2,2
272,5,4,4,4,4,-0.777777778,0.604938272,0.222222222,0.049382716,-0.172839506,5,5,5,5,5,5,5,4,4,3,3,3.5,5,6,5,5,5.25,0,5,2,2
272,6,4,5,4,4.333333333,-0.444444444,0.197530864,-0.777777778,0.604938272,0.345679012,5,5,6,5,5,5,5.166666667,5,4,4,4,4.25,4,5,4,4,4.25,0,5,2,2
273,1,6,4,4,4.666666667,0.666666667,0.444444444,NA,NA,NA,6,5,6,5,5,5,5.333333333,5,5,5,6,5.25,4,4,4,4,4,0,5,2,4
273,2,4,4,4,4,0,0,0.666666667,0.444444444,0,6,5,6,5,4,6,5.333333333,4,3,4,4,3.75,5,5,5,6,5.25,0,5,2,4
273,3,4,4,4,4,0,0,0,0,0,5,5,5,5,5,6,5.166666667,3,4,3,4,3.5,5,5,5,5,5,0,5,2,4
273,4,4,4,4,4,0,0,0,0,0,6,5,5,5,5,5,5.166666667,4,4,3,3,3.5,5,5,5,5,5,0,5,2,4
273,5,4,4,3,3.666666667,-0.333333333,0.111111111,0,0,0,5,6,5,5,5,5,5.166666667,5,4,5,4,4.5,4,4,5,4,4.25,0,5,2,4
273,6,4,3,4,3.666666667,-0.333333333,0.111111111,-0.333333333,0.111111111,0.111111111,5,5,5,5,6,6,5.333333333,4,5,5,4,4.5,5,5,4,5,4.75,0,5,2,4
274,1,4,4,3,3.666666667,-0.611111111,0.37345679,NA,NA,NA,5,6,5,6,5,5,5.333333333,4,4,4,4,4,4,5,4,5,4.5,1,4,2,3
274,2,4,3,4,3.666666667,-0.611111111,0.37345679,-0.611111111,0.37345679,0.37345679,5,6,5,5,5,5,5.166666667,4,4,4,4,4,5,4,4,4,4.25,1,4,2,3
274,3,4,5,4,4.333333333,0.055555556,0.00308642,-0.611111111,0.37345679,-0.033950617,4,5,5,4,4,4,4.333333333,4,4,4,4,4,5,6,4,5,5,1,4,2,3
274,4,4,5,4,4.333333333,0.055555556,0.00308642,0.055555556,0.00308642,0.00308642,4,6,5,5,4,5,4.833333333,4,4,4,5,4.25,5,5,4,5,4.75,1,4,2,3
274,5,5,5,5,5,0.722222222,0.521604938,0.055555556,0.00308642,0.040123457,4,5,4,5,5,5,4.666666667,5,4,6,6,5.25,3,3,4,4,3.5,1,4,2,3
274,6,4,5,5,4.666666667,0.388888889,0.151234568,0.722222222,0.521604938,0.280864198,5,5,5,5,5,5,5,5,5,5,5,5,4,4,5,4,4.25,1,4,2,3
275,1,5,5,4,4.666666667,0.166666667,0.027777778,NA,NA,NA,5,5,5,5,6,6,5.333333333,5,5,6,6,5.5,3,4,4,4,3.75,1,4,3,3
275,2,5,4,4,4.333333333,-0.166666667,0.027777778,0.166666667,0.027777778,-0.027777778,5,4,6,4,5,4,4.666666667,4,4,4,3,3.75,5,5,5,5,5,1,4,3,3
275,3,4,4,4,4,-0.5,0.25,-0.166666667,0.027777778,0.083333333,5,5,5,5,5,5,5,5,4,4,4,4.25,5,5,6,5,5.25,1,4,3,3
275,4,4,5,5,4.666666667,0.166666667,0.027777778,-0.5,0.25,-0.083333333,5,5,5,5,5,4,4.833333333,5,5,5,6,5.25,5,5,4,5,4.75,1,4,3,3
275,5,4,5,4,4.333333333,-0.166666667,0.027777778,0.166666667,0.027777778,-0.027777778,5,5,4,5,5,5,4.833333333,4,4,3,4,3.75,5,4,5,4,4.5,1,4,3,3
275,6,5,5,5,5,0.5,0.25,-0.166666667,0.027777778,-0.083333333,5,6,5,5,5,5,5.166666667,5,6,5,5,5.25,6,5,5,5,5.25,1,4,3,3
276,1,4,4,4,4,-0.444444444,0.197530864,NA,NA,NA,6,5,5,6,5,5,5.333333333,4,4,5,4,4.25,5,5,4,4,4.5,0,3,2,4
276,2,5,5,4,4.666666667,0.222222222,0.049382716,-0.444444444,0.197530864,-0.098765432,4,4,4,4,4,3,3.833333333,6,5,6,5,5.5,5,5,4,5,4.75,0,3,2,4
276,3,4,4,4,4,-0.444444444,0.197530864,0.222222222,0.049382716,-0.098765432,5,4,5,4,4,4,4.333333333,4,4,5,4,4.25,5,4,5,5,4.75,0,3,2,4
276,4,4,5,5,4.666666667,0.222222222,0.049382716,-0.444444444,0.197530864,-0.098765432,4,4,4,3,4,4,3.833333333,6,5,5,6,5.5,5,4,6,4,4.75,0,3,2,4
276,5,4,4,5,4.333333333,-0.111111111,0.012345679,0.222222222,0.049382716,-0.024691358,4,4,3,3,4,3,3.5,5,5,4,4,4.5,6,5,5,5,5.25,0,3,2,4
276,6,5,5,5,5,0.555555556,0.308641975,-0.111111111,0.012345679,-0.061728395,6,6,5,5,5,5,5.333333333,5,5,5,6,5.25,4,4,4,4,4,0,3,2,4
277,1,5,5,5,5,-0.333333333,0.111111111,NA,NA,NA,5,5,6,5,6,5,5.333333333,4,5,5,4,4.5,4,4,4,6,4.5,1,4,2,3
277,2,5,5,5,5,-0.333333333,0.111111111,-0.333333333,0.111111111,0.111111111,5,5,5,6,5,6,5.333333333,5,4,5,4,4.5,4,5,4,5,4.5,1,4,2,3
277,3,6,5,6,5.666666667,0.333333333,0.111111111,-0.333333333,0.111111111,-0.111111111,5,5,5,5,5,6,5.166666667,4,4,5,5,4.5,5,5,6,5,5.25,1,4,2,3
277,4,6,5,6,5.666666667,0.333333333,0.111111111,0.333333333,0.111111111,0.111111111,5,6,6,5,5,5,5.333333333,4,4,5,5,4.5,4,4,4,4,4,1,4,2,3
277,5,6,6,5,5.666666667,0.333333333,0.111111111,0.333333333,0.111111111,0.111111111,5,5,5,6,5,6,5.333333333,5,4,4,5,4.5,4,4,4,4,4,1,4,2,3
277,6,5,5,5,5,-0.333333333,0.111111111,0.333333333,0.111111111,-0.111111111,4,3,4,4,4,4,3.833333333,4,5,5,4,4.5,4,5,4,5,4.5,1,4,2,3
278,1,5,5,6,5.333333333,0.333333333,0.111111111,NA,NA,NA,5,5,5,6,5,6,5.333333333,4,5,5,4,4.5,4,4,4,4,4,1,4,3,3
278,2,5,5,6,5.333333333,0.333333333,0.111111111,0.333333333,0.111111111,0.111111111,6,5,5,5,5,6,5.333333333,5,4,4,5,4.5,4,4,4,4,4,1,4,3,3
278,3,6,4,5,5,0,0,0.333333333,0.111111111,0,6,5,5,5,5,5,5.166666667,4,4,3,4,3.75,5,5,5,5,5,1,4,3,3
278,4,4,4,6,4.666666667,-0.333333333,0.111111111,0,0,0,5,5,5,6,5,5,5.166666667,5,4,5,5,4.75,4,4,5,4,4.25,1,4,3,3
278,5,5,5,5,5,0,0,-0.333333333,0.111111111,0,4,4,4,4,4,4,4,6,5,6,5,5.5,4,4,5,4,4.25,1,4,3,3
278,6,5,5,4,4.666666667,-0.333333333,0.111111111,0,0,0,5,5,6,5,5,5,5.166666667,5,4,5,5,4.75,5,4,4,4,4.25,1,4,3,3
279,1,4,4,5,4.333333333,0,0,NA,NA,NA,6,6,5,5,5,5,5.333333333,4,4,4,4,4,6,5,5,5,5.25,0,5,3,1
279,2,5,4,5,4.666666667,0.333333333,0.111111111,0,0,0,5,5,6,5,5,5,5.166666667,4,5,5,4,4.5,5,5,6,5,5.25,0,5,3,1
279,3,4,4,4,4,-0.333333333,0.111111111,0.333333333,0.111111111,-0.111111111,5,4,4,4,4,4,4.166666667,5,4,5,4,4.5,3,3,4,4,3.5,0,5,3,1
279,4,6,5,6,5.666666667,1.333333333,1.777777778,-0.333333333,0.111111111,-0.444444444,4,4,4,3,4,4,3.833333333,6,5,6,6,5.75,5,5,5,5,5,0,5,3,1
279,5,4,4,4,4,-0.333333333,0.111111111,1.333333333,1.777777778,-0.444444444,4,3,4,4,4,4,3.833333333,5,4,4,5,4.5,4,5,4,5,4.5,0,5,3,1
279,6,3,3,4,3.333333333,-1,1,-0.333333333,0.111111111,0.333333333,5,5,6,5,5,5,5.166666667,3,4,4,3,3.5,4,4,5,4,4.25,0,5,3,1
280,1,4,3,4,3.666666667,-0.222222222,0.049382716,NA,NA,NA,5,6,5,5,6,5,5.333333333,3,3,4,4,3.5,4,4,3,3,3.5,0,3,2,2
280,2,4,4,4,4,0.111111111,0.012345679,-0.222222222,0.049382716,-0.024691358,4,4,3,3,4,4,3.666666667,5,5,5,5,5,6,4,4,6,5,0,3,2,2
280,3,4,4,4,4,0.111111111,0.012345679,0.111111111,0.012345679,0.012345679,3,3,3,3,4,4,3.333333333,5,5,5,5,5,5,6,6,5,5.5,0,3,2,2
280,4,4,4,4,4,0.111111111,0.012345679,0.111111111,0.012345679,0.012345679,3,3,4,3,4,3,3.333333333,5,5,5,5,5,5,5,6,6,5.5,0,3,2,2
280,5,4,3,4,3.666666667,-0.222222222,0.049382716,0.111111111,0.012345679,-0.024691358,4,3,4,4,4,3,3.666666667,5,5,6,5,5.25,5,5,5,5,5,0,3,2,2
280,6,4,4,4,4,0.111111111,0.012345679,-0.222222222,0.049382716,-0.024691358,3,4,3,4,4,4,3.666666667,5,5,5,5,5,4,6,5,5,5,0,3,2,2
281,1,4,3,3,3.333333333,-0.555555556,0.308641975,NA,NA,NA,6,6,5,5,5,6,5.5,4,4,4,4,4,5,5,5,5,5,0,3,3,3
281,2,3,4,4,3.666666667,-0.222222222,0.049382716,-0.555555556,0.308641975,0.12345679,3,4,3,3,4,3,3.333333333,6,5,6,5,5.5,6,5,6,5,5.5,0,3,3,3
281,3,4,3,3,3.333333333,-0.555555556,0.308641975,-0.222222222,0.049382716,0.12345679,3,3,4,4,3,4,3.5,4,4,4,4,4,5,5,5,6,5.25,0,3,3,3
281,4,4,5,4,4.333333333,0.444444444,0.197530864,-0.555555556,0.308641975,-0.24691358,5,4,4,4,5,5,4.5,5,5,5,5,5,5,5,4,5,4.75,0,3,3,3
281,5,4,4,4,4,0.111111111,0.012345679,0.444444444,0.197530864,0.049382716,5,5,5,6,5,5,5.166666667,5,5,5,5,5,5,5,5,5,5,0,3,3,3
281,6,5,5,4,4.666666667,0.777777778,0.604938272,0.111111111,0.012345679,0.086419753,5,6,5,5,5,5,5.166666667,6,5,5,6,5.5,5,5,6,5,5.25,0,3,3,3
282,1,4,5,4,4.333333333,-0.111111111,0.012345679,NA,NA,NA,6,5,5,5,6,6,5.5,5,4,5,4,4.5,4,4,4,4,4,0,3,3,3
282,2,5,5,5,5,0.555555556,0.308641975,-0.111111111,0.012345679,-0.061728395,6,5,5,6,5,5,5.333333333,5,6,5,5,5.25,4,4,4,4,4,0,3,3,3
282,3,4,4,4,4,-0.444444444,0.197530864,0.555555556,0.308641975,-0.24691358,4,4,5,5,5,4,4.5,5,4,4,4,4.25,4,3,4,4,3.75,0,3,3,3
282,4,4,5,5,4.666666667,0.222222222,0.049382716,-0.444444444,0.197530864,-0.098765432,4,4,3,4,4,4,3.833333333,6,5,6,5,5.5,4,5,5,5,4.75,0,3,3,3
282,5,5,4,4,4.333333333,-0.111111111,0.012345679,0.222222222,0.049382716,-0.024691358,4,4,3,3,4,3,3.5,5,5,4,4,4.5,5,6,5,5,5.25,0,3,3,3
282,6,5,4,4,4.333333333,-0.111111111,0.012345679,-0.111111111,0.012345679,0.012345679,3,4,4,4,4,4,3.833333333,4,5,5,4,4.5,5,4,5,4,4.5,0,3,3,3
283,1,4,4,4,4,-0.388888889,0.151234568,NA,NA,NA,6,5,6,5,6,5,5.5,4,5,5,4,4.5,5,5,5,5,5,1,4,2,3
283,2,4,4,5,4.333333333,-0.055555556,0.00308642,-0.388888889,0.151234568,0.021604938,5,5,6,4,5,5,5,5,5,5,5,5,4,3,4,4,3.75,1,4,2,3
283,3,5,5,5,5,0.611111111,0.37345679,-0.055555556,0.00308642,-0.033950617,4,5,4,4,4,4,4.166666667,5,5,6,5,5.25,4,4,4,4,4,1,4,2,3
283,4,4,4,5,4.333333333,-0.055555556,0.00308642,0.611111111,0.37345679,-0.033950617,4,5,4,4,4,4,4.166666667,5,5,5,5,5,4,3,4,4,3.75,1,4,2,3
283,5,4,4,4,4,-0.388888889,0.151234568,-0.055555556,0.00308642,0.021604938,5,5,5,6,5,5,5.166666667,5,4,5,4,4.5,4,4,4,5,4.25,1,4,2,3
283,6,5,5,4,4.666666667,0.277777778,0.077160494,-0.388888889,0.151234568,-0.108024691,4,4,5,5,4,5,4.5,4,4,4,4,4,5,4,5,4,4.5,1,4,2,3
284,1,4,5,4,4.333333333,-0.722222222,0.521604938,NA,NA,NA,6,5,6,5,6,5,5.5,4,4,3,4,3.75,5,5,5,5,5,0,3,3,3
284,2,5,6,5,5.333333333,0.277777778,0.077160494,-0.722222222,0.521604938,-0.200617284,5,5,5,4,5,4,4.666666667,4,4,4,4,4,6,6,5,4,5.25,0,3,3,3
284,3,5,5,5,5,-0.055555556,0.00308642,0.277777778,0.077160494,-0.015432099,3,4,4,3,4,3,3.5,5,5,6,5,5.25,5,6,5,5,5.25,0,3,3,3
284,4,5,5,6,5.333333333,0.277777778,0.077160494,-0.055555556,0.00308642,-0.015432099,5,4,4,4,5,5,4.5,5,4,4,4,4.25,4,4,5,5,4.5,0,3,3,3
284,5,6,5,5,5.333333333,0.277777778,0.077160494,0.277777778,0.077160494,0.077160494,4,5,6,4,6,4,4.833333333,5,4,4,4,4.25,5,5,4,5,4.75,0,3,3,3
284,6,5,5,5,5,-0.055555556,0.00308642,0.277777778,0.077160494,-0.015432099,4,3,4,3,3,4,3.5,5,6,5,5,5.25,5,5,6,5,5.25,0,3,3,3
285,1,5,5,5,5,-0.222222222,0.049382716,NA,NA,NA,6,5,6,6,5,5,5.5,4,3,4,3,3.5,5,5,5,6,5.25,0,4,3,3
285,2,5,6,5,5.333333333,0.111111111,0.012345679,-0.222222222,0.049382716,-0.024691358,5,5,5,5,5,5,5,4,4,6,4,4.5,4,4,4,4,4,0,4,3,3
285,3,5,5,6,5.333333333,0.111111111,0.012345679,0.111111111,0.012345679,0.012345679,6,6,5,5,6,5,5.5,5,5,5,4,4.75,5,6,6,5,5.5,0,4,3,3
285,4,5,5,5,5,-0.222222222,0.049382716,0.111111111,0.012345679,-0.024691358,4,5,5,5,4,4,4.5,6,5,5,5,5.25,4,4,4,4,4,0,4,3,3
285,5,6,5,6,5.666666667,0.444444444,0.197530864,-0.222222222,0.049382716,-0.098765432,5,4,4,4,4,4,4.166666667,5,5,5,5,5,4,4,4,4,4,0,4,3,3
285,6,5,5,5,5,-0.222222222,0.049382716,0.444444444,0.197530864,-0.098765432,5,5,4,4,5,4,4.5,5,5,5,6,5.25,4,4,4,4,4,0,4,3,3
286,1,6,6,5,5.666666667,0.333333333,0.111111111,NA,NA,NA,6,6,5,5,5,6,5.5,5,5,5,4,4.75,4,4,4,4,4,1,4,2,4
286,2,5,6,6,5.666666667,0.333333333,0.111111111,0.333333333,0.111111111,0.111111111,5,5,5,6,6,5,5.333333333,5,5,4,4,4.5,4,4,4,4,4,1,4,2,4
286,3,5,5,5,5,-0.333333333,0.111111111,0.333333333,0.111111111,-0.111111111,5,4,5,4,4,4,4.333333333,5,4,4,5,4.5,6,5,4,4,4.75,1,4,2,4
286,4,5,6,5,5.333333333,0,0,-0.333333333,0.111111111,0,4,4,4,4,4,4,4,5,5,6,6,5.5,4,4,4,5,4.25,1,4,2,4
286,5,5,5,6,5.333333333,0,0,0,0,0,6,5,5,5,5,5,5.166666667,4,3,4,3,3.5,5,5,5,5,5,1,4,2,4
286,6,5,5,5,5,-0.333333333,0.111111111,0,0,0,5,6,5,5,5,5,5.166666667,5,4,5,5,4.75,4,4,4,5,4.25,1,4,2,4
287,1,6,5,5,5.333333333,0.333333333,0.111111111,NA,NA,NA,5,5,6,5,6,6,5.5,5,4,4,5,4.5,4,4,4,4,4,0,3,2,3
287,2,5,6,6,5.666666667,0.666666667,0.444444444,0.333333333,0.111111111,0.222222222,5,4,4,6,4,5,4.666666667,5,5,5,6,5.25,4,3,4,3,3.5,0,3,2,3
287,3,5,6,5,5.333333333,0.333333333,0.111111111,0.666666667,0.444444444,0.222222222,5,5,5,4,5,5,4.833333333,4,4,5,5,4.5,6,5,4,4,4.75,0,3,2,3
287,4,5,5,5,5,0,0,0.333333333,0.111111111,0,5,5,5,5,5,6,5.166666667,3,4,4,4,3.75,5,5,5,5,5,0,3,2,3
287,5,4,4,4,4,-1,1,0,0,0,5,6,5,5,5,5,5.166666667,4,3,4,3,3.5,4,5,4,4,4.25,0,3,2,3
287,6,5,4,5,4.666666667,-0.333333333,0.111111111,-1,1,0.333333333,5,5,5,6,5,5,5.166666667,5,5,5,4,4.75,4,4,4,5,4.25,0,3,2,3
288,1,5,6,4,5,0.111111111,0.012345679,NA,NA,NA,5,6,5,6,6,5,5.5,5,5,5,5,5,6,5,6,5,5.5,0,3,2,3
288,2,5,6,5,5.333333333,0.444444444,0.197530864,0.111111111,0.012345679,0.049382716,4,5,4,5,5,5,4.666666667,5,5,5,5,5,3,4,4,3,3.5,0,3,2,3
288,3,5,5,5,5,0.111111111,0.012345679,0.444444444,0.197530864,0.049382716,5,4,5,5,4,5,4.666666667,5,5,4,5,4.75,5,5,6,5,5.25,0,3,2,3
288,4,4,4,5,4.333333333,-0.555555556,0.308641975,0.111111111,0.012345679,-0.061728395,4,3,4,4,4,3,3.666666667,4,4,4,4,4,5,5,5,5,5,0,3,2,3
288,5,4,5,5,4.666666667,-0.222222222,0.049382716,-0.555555556,0.308641975,0.12345679,4,4,3,3,4,4,3.666666667,6,6,5,5,5.5,5,5,5,5,5,0,3,2,3
288,6,5,4,6,5,0.111111111,0.012345679,-0.222222222,0.049382716,-0.024691358,5,5,5,5,5,5,5,5,4,5,4,4.5,4,4,4,4,4,0,3,2,3
